onet_code,reported_title
11-1011.00,CEO (Chief Executive Officer)
11-1011.00,Chief Diversity Officer (CDO)
11-1011.00,Chief Financial Officer (CFO)
11-1011.00,Chief Information Officer (CIO)
11-1011.00,Chief Operating Officer (COO)
11-1011.00,Chief Technical Officer (CTO)
11-1011.00,Executive Director
11-1011.00,Executive Vice President (EVP)
11-1011.00,Operations Vice President (Operations VP)
11-1011.00,President
11-1011.03,Chief Sustainability Officer (CSO)
11-1011.03,Corporate Sustainability Process Manager
11-1011.03,CSR and Sustainability VP (Corporate Social Responsibility and Sustainability Vice President)
11-1011.03,Sustainability Chancellor
11-1011.03,Sustainability Chief
11-1011.03,Sustainability Director
11-1011.03,Sustainability Initiatives Vice President (Sustainability Initiatives VP)
11-1011.03,Sustainability Manager
11-1011.03,Sustainability Programs Director
11-1011.03,Sustainable Design Director
11-1021.00,Business Manager
11-1021.00,Center Manager
11-1021.00,Department Manager
11-1021.00,District Manager
11-1021.00,General Manager (GM)
11-1021.00,Operations Director
11-1021.00,Operations General Manager (Operations GM)
11-1021.00,Operations Manager
11-1021.00,Plant Superintendent
11-1021.00,Store Manager
11-2011.00,Account Executive
11-2011.00,Ad Accounts Executive (Advertising Accounts Executive)
11-2011.00,Ad Director (Advertising Director)
11-2011.00,Ad Manager (Advertising Manager)
11-2011.00,Ad Sales Director (Advertising Sales Director)
11-2011.00,Ad Sales Manager (Advertising Sales Manager)
11-2011.00,Classified Ad Manager (Classified Advertising Manager)
11-2011.00,Creative Services Director
11-2011.00,Promotions Director
11-2011.00,Promotions Manager
11-2021.00,BD Director (Business Development Director)
11-2021.00,BD Manager (Business Development Manager)
11-2021.00,Brand Manager
11-2021.00,Market Development Executive
11-2021.00,Market Development Manager
11-2021.00,Marketing Communications Manager
11-2021.00,Marketing Coordinator
11-2021.00,Marketing Director
11-2021.00,Product Manager
11-2021.00,Product Marketing Manager
11-2022.00,District Sales Manager
11-2022.00,Fractional Sales Executive
11-2022.00,National Sales Manager
11-2022.00,Regional Sales Manager
11-2022.00,Sales and Marketing VP (Sales and Marketing Vice President)
11-2022.00,Sales Director
11-2022.00,Sales Manager
11-2022.00,Sales Operations Manager (Sales Ops Manager)
11-2022.00,Sales Supervisor
11-2022.00,Sales VP (Sales Vice President)
11-2032.00,Communications Director
11-2032.00,Communications Manager
11-2032.00,Community Relations Director
11-2032.00,PR Director (Public Relations Director)
11-2032.00,Public Affairs Director
11-2033.00,Advancement Director
11-2033.00,Annual Giving Director
11-2033.00,Development Director
11-2033.00,Donor Engagement Director
11-2033.00,Foundation Director
11-2033.00,Fundraising Manager
11-2033.00,Individual Giving Director
11-2033.00,Individual Giving Manager
11-2033.00,Institutional Advancement VP (Institutional Advancement Vice President)
11-2033.00,Major Gifts Director
11-3012.00,Administrative Coordinator
11-3012.00,Administrative Director
11-3012.00,Administrative Manager
11-3012.00,Administrative Officer
11-3012.00,Administrator
11-3012.00,Business Administrator
11-3012.00,Business Manager
11-3013.00,Building Maintenance Superintendent
11-3013.00,Building Services Supervisor
11-3013.00,Facilities Coordinator
11-3013.00,Facilities Director
11-3013.00,Facilities Engineer
11-3013.00,Facilities Maintenance Manager
11-3013.00,Facilities Manager
11-3013.00,Facilities Operations Manager (Facilities Ops Manager)
11-3013.00,Facilities Operations Specialist (Facilities Ops Specialist)
11-3013.00,Maintenance Superintendent
11-3013.01,Corporate Physical Security Supervisor
11-3013.01,Corporate Security Manager
11-3013.01,Judicial Office Security Director
11-3013.01,Physical Security Manager
11-3013.01,Physical Security Systems Manager
11-3013.01,Regional Security Manager
11-3013.01,Security and Surveillance Manager
11-3013.01,Security Director
11-3013.01,Security Manager
11-3013.01,Special Security Operations Program Manager
11-3021.00,Application Development Director
11-3021.00,Computing Services Director
11-3021.00,Data Processing Manager
11-3021.00,Information Systems Director (IS Director)
11-3021.00,Information Systems Manager (IS Manager)
11-3021.00,Information Systems Supervisor (IS Supervisor)
11-3021.00,Information Technology Director (IT Director)
11-3021.00,Information Technology Manager (IT Manager)
11-3021.00,MIS Director (Management Information Systems Director)
11-3021.00,Technical Services Manager
11-3031.00,Accounting Supervisor
11-3031.00,Banking Center Manager (BCM)
11-3031.00,Branch Manager
11-3031.00,Business Banking Manager
11-3031.00,Credit Administration Manager
11-3031.00,Credit Manager
11-3031.00,Financial Center Manager
11-3031.00,Financial Planning Manager
11-3031.00,Financial Reporting Manager
11-3031.00,Financial Systems Manager
11-3031.01,Comptroller
11-3031.01,Controller
11-3031.01,Corporate Controller
11-3031.01,Corporate Treasurer
11-3031.01,Finance Treasurer
11-3031.01,Global Treasurer
11-3031.01,Regional Controller
11-3031.01,School Treasurer
11-3031.01,Treasurer
11-3031.01,Treasurer Consultant
11-3031.03,Fixed Income Portfolio Manager
11-3031.03,Fixed Income Vice President (Fixed Income VP)
11-3031.03,Investment Analysis Vice President (Investment Analysis VP)
11-3031.03,Portfolio Manager
11-3051.00,Area Plant Manager
11-3051.00,Assembly Manager
11-3051.00,General Production Manager
11-3051.00,Manufacturing Coordinator
11-3051.00,Manufacturing Manager
11-3051.00,Plant Manager
11-3051.00,Product Line Manager
11-3051.00,Production Control Manager
11-3051.00,Production Manager
11-3051.00,Sub Plant Manager
11-3051.01,Product Quality Director
11-3051.01,Quality and Food Safety Manager
11-3051.01,Quality and Process Improvement Manager
11-3051.01,Quality Assurance Director (QA Director)
11-3051.01,Quality Assurance Manager (QA Manager)
11-3051.01,Quality Control Manager (QC Manager)
11-3051.01,Quality Control Supervisor (QC Supervisor)
11-3051.01,Quality Director
11-3051.01,Quality Manager
11-3051.01,Quality Systems Director
11-3051.02,Plant Manager
11-3051.02,Plant Supervisor
11-3051.02,Power Plant Operations Manager
11-3051.03,Biofuels Production Manager
11-3051.03,Ethanol Operations Manager
11-3051.03,Plant Manager
11-3051.03,Production Coordinator
11-3051.03,Production Manager
11-3051.03,Production Plant Manager
11-3051.04,Fuel Manager
11-3051.04,Maintenance Manager
11-3051.04,Maintenance Superintendent
11-3051.04,Maintenance Supervisor
11-3051.04,Operations and Maintenance Manager (O&M Manager)
11-3051.04,Operations Superintendent
11-3051.04,Operations Supervisor
11-3051.04,Plant Manager
11-3051.04,Utilities Superintendent
11-3051.06,Hydroelectric Station Supervisor (Hydro Station Supervisor)
11-3051.06,Plant Manager
11-3051.06,Power Plant Superintendent
11-3051.06,Power Plant Supervisor
11-3051.06,Power Project Manager
11-3061.00,Category Purchasing Manager
11-3061.00,Commodity Manager
11-3061.00,Materials Director
11-3061.00,Materials Manager
11-3061.00,Procurement Director
11-3061.00,Procurement Manager
11-3061.00,Purchasing Director
11-3061.00,Purchasing Manager
11-3061.00,Purchasing Supervisor
11-3061.00,Strategic Sourcing Director
11-3071.00,Distribution Center Manager
11-3071.00,Distribution Manager
11-3071.00,Fleet Manager
11-3071.00,Global Transportation Manager
11-3071.00,Logistics Director
11-3071.00,Logistics Operations Manager
11-3071.00,Shipping Manager
11-3071.00,Supply Chain Logistics Manager
11-3071.00,Transportation Manager
11-3071.00,Warehouse Supervisor
11-3071.04,Global Supply Chain Director
11-3071.04,Material Requirements Planning Manager
11-3071.04,Solution Design and Analysis Manager
11-3071.04,Supply Chain Director
11-3071.04,Supply Chain Manager
11-3111.00,Benefits Coordinator
11-3111.00,Benefits Director
11-3111.00,Benefits Manager
11-3111.00,Compensation and Benefits Director
11-3111.00,Compensation and Benefits Manager
11-3111.00,Compensation Director
11-3111.00,Compensation Manager
11-3111.00,Employee Benefits Coordinator
11-3111.00,Employee Benefits Manager
11-3111.00,Payroll Manager
11-3121.00,Employee Relations Manager
11-3121.00,HR Admin Director (Human Resources Administration Director)
11-3121.00,HR Director (Human Resources Director)
11-3121.00,HR Manager (Human Resources Manager)
11-3121.00,HR Ops Manager (Human Resources Operations Manager)
11-3121.00,HR VP (Human Resources Vice President)
11-3121.00,Recruitment Director
11-3131.00,Education and Development Manager
11-3131.00,L and D Director (Learning and Development Director)
11-3131.00,Learning Manager
11-3131.00,Organizational Development Manager (OD Manager)
11-3131.00,Staff Development Director
11-3131.00,Staff Training and Development Manager
11-3131.00,Training and Development Coordinator (T and D Coordinator)
11-3131.00,Training and Development Director (T and D Director)
11-3131.00,Training Director
11-3131.00,Training Manager
11-9013.00,Aquaculture Director
11-9013.00,Farm Manager
11-9013.00,Farm Operations Technical Director
11-9013.00,Fish Hatchery Manager
11-9013.00,Greenhouse Manager
11-9013.00,Harvesting Manager
11-9013.00,Hatchery Manager
11-9013.00,Hatchery Supervisor
11-9013.00,Nursery Manager
11-9013.00,Ranch Manager
11-9021.00,Concrete Foreman
11-9021.00,Construction Area Manager
11-9021.00,Construction Foreman
11-9021.00,Construction Management Supervisor
11-9021.00,Construction Manager
11-9021.00,Construction Services Manager
11-9021.00,Construction Superintendent
11-9021.00,General Superintendent
11-9021.00,Job Superintendent
11-9021.00,Site Manager
11-9031.00,Child Care Center Director
11-9031.00,Child Care Director
11-9031.00,Childcare Director
11-9031.00,Day Care Director
11-9031.00,Early Childhood Program Supervisor (ECP Supervisor)
11-9031.00,Early Childhood Services Director
11-9031.00,Education Coordinator
11-9031.00,Education Director
11-9031.00,Education Site Manager
11-9031.00,Preschool Program Director
11-9032.00,Athletic Director
11-9032.00,Curriculum and Instruction Superintendent
11-9032.00,Curriculum Director
11-9032.00,Elementary Principal
11-9032.00,K-12 Principal (Kindergarten Through Twelfth Grade Principal)
11-9032.00,MS Principal (Middle School Principal)
11-9032.00,School Administrator (School Admin)
11-9032.00,School Superintendent
11-9032.00,SPED Director (Special Education Director)
11-9032.00,Superintendent
11-9033.00,Academic Affairs Vice President (Academic Affairs VP)
11-9033.00,Academic Dean
11-9033.00,Admissions Director
11-9033.00,College President
11-9033.00,Dean
11-9033.00,Financial Aid Director
11-9033.00,Institutional Research Director
11-9033.00,Provost
11-9033.00,Registrar
11-9033.00,Students Dean
11-9041.00,Civil Engineering Manager
11-9041.00,Electrical Engineering Manager
11-9041.00,Engineering Director
11-9041.00,Engineering Group Manager
11-9041.00,Engineering Program Manager
11-9041.00,Mechanical Engineering Manager
11-9041.00,Process Engineering Manager
11-9041.00,Project Engineering Manager
11-9041.00,Project Manager
11-9041.01,Analytical Research Program Manager
11-9041.01,Biodiesel Division Manager
11-9041.01,Biofuels Manager
11-9041.01,Business Development and New Technology Manager
11-9041.01,Laboratory Manager (Lab Manager)
11-9041.01,Project Development Director
11-9051.00,Banquet Manager
11-9051.00,Catering Manager
11-9051.00,CDM (Certified Dietary Manager)
11-9051.00,Dining Service Director
11-9051.00,F and B Manager (Food and Beverage Manager)
11-9051.00,Food Service Director
11-9051.00,Food Service Manager
11-9051.00,Food Service Supervisor
11-9051.00,Kitchen Manager
11-9051.00,Restaurant Manager
11-9071.00,Casino Manager
11-9071.00,Casino Operations Manager
11-9071.00,Casino Shift Manager
11-9071.00,Gaming Manager
11-9071.00,Pit Manager
11-9071.00,Shift Manager
11-9071.00,Slot Manager
11-9071.00,Slot Operations Manager
11-9071.00,Table Games Manager
11-9071.00,Table Games Shift Manager
11-9072.00,Aquatic Program Manager
11-9072.00,Camp Director
11-9072.00,Events Manager
11-9072.00,Golf Course Manager
11-9072.00,Ice Arena Director
11-9072.00,Park Manager
11-9072.00,Recreation Director
11-9072.00,Recreation Manager
11-9072.00,Recreation Superintendent
11-9072.00,Social Activities Director
11-9081.00,Bed and Breakfast Innkeeper
11-9081.00,Front Desk Manager
11-9081.00,Front Office Director
11-9081.00,Front Office Manager
11-9081.00,Guest Relations Manager
11-9081.00,Guest Services Manager
11-9081.00,Hotel Manager
11-9081.00,Night Manager
11-9081.00,Resort Manager
11-9081.00,Rooms Director
11-9111.00,Cancer Center Director
11-9111.00,Clinical Director
11-9111.00,Health Information Management Director (HIM Director)
11-9111.00,Health Information Manager (HIM Manager)
11-9111.00,Healthcare System Director
11-9111.00,Medical Records Director
11-9111.00,Medical Records Manager
11-9111.00,Mental Health Program Manager
11-9111.00,Nurse Manager
11-9111.00,Nursing Director
11-9121.00,Analytical Services Manager
11-9121.00,Chemical Engineer Supervisor
11-9121.00,Chemical Process Exploration Manager
11-9121.00,Environmental Program Manager
11-9121.00,Lab Manager (Laboratory Manager)
11-9121.00,Natural Sciences Manager
11-9121.00,Research Administrator
11-9121.00,Research and Development Director (R and D Director)
11-9121.00,Research Manager
11-9121.00,Water Team Leader
11-9121.01,Clinical Coordinator
11-9121.01,Clinical Program Coordinator
11-9121.01,Clinical Program Manager
11-9121.01,Clinical Research Administrator
11-9121.01,Clinical Research Coordinator
11-9121.01,Clinical Research Manager
11-9121.01,Clinical Research Nurse Coordinator
11-9121.01,Clinical Trial Coordinator
11-9121.01,Clinical Trial Manager
11-9121.01,Research Coordinator
11-9121.02,Water Resources Planner
11-9131.00,Delivery Supervisor
11-9131.00,Distribution Operation Supervisor (SDO)
11-9131.00,Distribution Operations Manager
11-9131.00,Distribution Operations Supervisor
11-9131.00,Mail Delivery Supervisor
11-9131.00,Postal Supervisor
11-9131.00,Postmaster
11-9131.00,Postmaster Relief (PMR)
11-9131.00,Remote Encoding Center Manager
11-9131.00,Remote Encoding Operations Supervisor
11-9141.00,Apartment Manager
11-9141.00,Commercial Property Manager
11-9141.00,Community Association Manager
11-9141.00,Community Manager
11-9141.00,Lease Administration Supervisor
11-9141.00,Leasing Manager
11-9141.00,Onsite Manager
11-9141.00,Property Manager
11-9141.00,Real Estate Manager
11-9141.00,Resident Manager
11-9151.00,Adoption Services Manager
11-9151.00,Child Welfare Services Director
11-9151.00,Children's Service Supervisor
11-9151.00,Clinical Services Director
11-9151.00,Community Services Director
11-9151.00,Psychiatric Social Worker Supervisor
11-9151.00,Social Services Director
11-9151.00,Transitional Care Director
11-9151.00,Vocational Rehabilitation Administrator
11-9161.00,911 Communications Manager
11-9161.00,Emergency Management Coordinator
11-9161.00,Emergency Management Director
11-9161.00,Emergency Management System Director (EMS Director)
11-9161.00,Emergency Manager
11-9161.00,Emergency Planner
11-9161.00,Emergency Preparedness Manager
11-9161.00,Emergency Services Director
11-9161.00,Emergency Services Program Coordinator
11-9161.00,Public Safety Director
11-9171.00,Arranging Funeral Director
11-9171.00,Funeral Director
11-9171.00,Funeral Home Location Manager
11-9171.00,Funeral Home Manager
11-9171.00,Funeral Home Owner
11-9171.00,Funeral Service Manager
11-9171.00,Licensed Funeral Director
11-9171.00,Location Manager
11-9171.00,Mortuary Operations Manager (Mortuary Ops Manager)
11-9171.00,Prearranged Funeral Sales Manager
11-9179.01,Clinical and Wellness Programs Manager
11-9179.01,Fitness and Wellness Coordinator
11-9179.01,Fitness and Wellness Director
11-9179.01,Fitness Center Manager
11-9179.01,Fitness Coordinator
11-9179.01,Fitness Director
11-9179.01,Group Fitness Manager (GFM)
11-9179.01,Wellness and Coaching Manager
11-9179.01,Wellness Director
11-9179.01,Wellness Programs Director
11-9179.02,Guest Experience Director
11-9179.02,Massage Department Manager
11-9179.02,Spa Director
11-9179.02,Spa Operation Manager
11-9179.02,Spa Operations Manager (Spa Ops Manager)
11-9179.02,Spa Supervisor
11-9199.01,"CMC Director (Chemistry, Manufacturing, and Controls Director)"
11-9199.01,Compliance Director
11-9199.01,Global RA Director (Global Regulatory Affairs Director)
11-9199.01,Global RA Manager (Global Regulatory Affairs Manager)
11-9199.01,RA Director (Regulatory Affairs Director)
11-9199.01,RA Manager (Regulatory Affairs Manager)
11-9199.01,RA QA Director (Regulatory Affairs Quality Assurance Director)
11-9199.01,RA VP (Regulatory Affairs Vice President)
11-9199.01,Regulatory Director
11-9199.01,Vaccine RA Director (Vaccine Regulatory Affairs Director)
11-9199.02,Accreditation Lieutenant
11-9199.02,Accreditation Manager
11-9199.02,Compliance Director
11-9199.02,Compliance Manager
11-9199.02,Compliance Operations Manager
11-9199.02,Environmental Health and Safety Director
11-9199.02,Environmental Manager
11-9199.02,Environmental Program Manager
11-9199.02,"Health, Safety, and Environmental Manager (HSE Manager)"
11-9199.02,Risk Manager
11-9199.08,Asset Protection Manager
11-9199.08,Logistics Loss Prevention Manager
11-9199.08,Loss Control Manager
11-9199.08,Loss Prevention Director
11-9199.08,Loss Prevention Manager
11-9199.08,Loss Prevention Operations Director
11-9199.08,Loss Prevention Operations Manager
11-9199.08,Loss Prevention Supervisor
11-9199.08,Market Asset Protection Manager
11-9199.09,Service Site Manager
11-9199.09,Site Manager
11-9199.09,Turbine Site Manager
11-9199.09,Wind Facilities Manager
11-9199.09,Wind Operations Supervisor
11-9199.09,Wind Plant Manager
11-9199.09,Wind Plant Operations Manager
11-9199.09,Wind Site Manager
11-9199.09,Wind Site Supervisor
11-9199.09,Wind Technician Leader
11-9199.10,Business Development Director
11-9199.10,Business Development Manager
11-9199.10,Development Director
11-9199.10,Development Manager
11-9199.10,Project Development Leader
11-9199.10,Renewable Project Management and Construction Director
11-9199.11,Brownfield Program Director
11-9199.11,Brownfield Program Manager
11-9199.11,Brownfield Redevelopment Coordinator
11-9199.11,Brownfields Practice Leader
11-9199.11,Brownfields Program Coordinator
11-9199.11,Brownfields Program Manager
11-9199.11,Environmental Practice Leader
11-9199.11,Environmental Program Manager
11-9199.11,Environmental Quality Division Manager
11-9199.11,Environmental Quality Specialist
13-1011.00,Agent
13-1011.00,Athlete Marketing Agent
13-1011.00,Booker
13-1011.00,Booking Agent
13-1011.00,Entertainment Specialist
13-1011.00,Literary Agent
13-1011.00,Print Agent
13-1011.00,Talent Agent
13-1011.00,Talent Representative
13-1011.00,Theatrical Agent
13-1021.00,Buyer
13-1021.00,Cattle Buyer
13-1021.00,Grain Buyer
13-1021.00,Grain Market Advisor
13-1021.00,Grain Marketing Advisor
13-1021.00,Grain Merchandiser
13-1021.00,Grain Origination Specialist
13-1021.00,Produce Broker
13-1021.00,Purchasing Agent
13-1021.00,Tobacco Buyer
13-1022.00,Bakery Buyer
13-1022.00,Buyer
13-1022.00,Deli Buyer
13-1022.00,Frozen Food Buyer
13-1022.00,Gourmet Food Buyer
13-1022.00,Grocery Buyer
13-1022.00,Purchaser
13-1022.00,Retail Buyer
13-1022.00,Wine Buyer
13-1023.00,Buyer
13-1023.00,Contract Administrator (Contract Admin)
13-1023.00,Procurement and Contracting Administrator (Procurement and Contracting Admin)
13-1023.00,Procurement and Contracting Buyer
13-1023.00,Procurement Official
13-1023.00,Procurement Specialist
13-1023.00,Purchasing Administrator (Purchasing Admin)
13-1023.00,Purchasing Agent
13-1023.00,Purchasing and Contracts Coordinator
13-1031.00,Claims Adjuster
13-1031.00,Claims Analyst
13-1031.00,Claims Examiner
13-1031.00,Claims Representative
13-1031.00,Claims Specialist
13-1031.00,Corporate Claims Examiner
13-1031.00,Field Claims Adjuster
13-1031.00,General Adjuster
13-1031.00,Home Office Claims Specialist
13-1031.00,Litigation Claims Representative
13-1032.00,Appraiser
13-1032.00,Automobile Appraiser (Auto Appraiser)
13-1032.00,Automobile Damage Appraiser (Auto Damage Appraiser)
13-1032.00,Damage Appraiser
13-1032.00,Field Appraiser
13-1032.00,Field Inspector
13-1032.00,Insurance Appraiser
13-1032.00,Material Damage Appraiser
13-1032.00,Outside Physical Damage Appraiser
13-1032.00,Physical Damage Appraiser
13-1041.00,Driver Examiner
13-1041.00,Driver License Agent
13-1041.00,Driver License Examiner
13-1041.00,Examiner
13-1041.00,License Examiner
13-1041.00,License Registration Examiner
13-1041.00,Licensing Analyst
13-1041.00,Motor Vehicle Clerk
13-1041.00,Public Service Representative (PSR)
13-1041.00,Transportation Services Representative (TSR)
13-1041.01,Air Permitting and Enforcement Inspector
13-1041.01,Compliance Investigator
13-1041.01,Enforcement Officer
13-1041.01,Environmental Compliance Inspector
13-1041.01,Environmental Inspector
13-1041.01,Environmental Protection Specialist
13-1041.01,Environmental Quality Analyst
13-1041.01,Resource Conservation and Recovery Act Enforcement Officer (RCRA Enforcement Officer)
13-1041.01,Toxics Program Officer
13-1041.01,Waste Management Specialist
13-1041.03,Affirmative Action Officer (AA Officer)
13-1041.03,Civil Rights Investigator
13-1041.03,Civil Rights Representative
13-1041.03,Complaint Investigations Officer
13-1041.03,Equal Employment Opportunity Officer (EEO Officer)
13-1041.03,Equal Employment Opportunity Representative (EEO Representative)
13-1041.03,Equal Opportunity Specialist
13-1041.04,Airport Operations Officer
13-1041.04,Housing Inspector
13-1041.04,Housing Management Representative
13-1041.04,Housing Quality Standard Inspector (HQS Inspector)
13-1041.04,Neighborhood Conservation Officer
13-1041.04,Quality Assurance Specialist
13-1041.04,Rehabilitation Construction Specialist
13-1041.06,Autopsy Facilities Manager
13-1041.06,Coroner
13-1041.06,County Coroner
13-1041.06,Death Investigator
13-1041.06,Forensic Pathologist
13-1041.06,MDI (Medicolegal Death Investigator)
13-1041.06,Medical Examiner
13-1041.06,Medical Legal Death Investigator
13-1041.06,Medicolegal Investigator
13-1041.06,MLI (Medical Legal Investigator)
13-1041.07,Drug Regulatory Affairs Specialist
13-1041.07,QA Specialist (Quality Assurance Specialist)
13-1041.07,RA Analyst (Regulatory Affairs Analyst)
13-1041.07,RA Associate (Regulatory Affairs Associate)
13-1041.07,RA Consultant (Regulatory Affairs Consultant)
13-1041.07,RA Strategist (Regulatory Affairs Strategist)
13-1041.07,Regulatory Consultant
13-1041.07,Regulatory Services Consultant
13-1041.07,Regulatory Specialist
13-1041.07,Regulatory Submissions Associate
13-1041.08,Broker
13-1041.08,CCS (Certified Customs Specialist)
13-1041.08,Corporate Licensed Broker
13-1041.08,LCB (Licensed Custom Broker)
13-1041.08,LCB (Licensed Customs Broker)
13-1051.00,Acquisition Cost Estimator
13-1051.00,Analyst
13-1051.00,Construction Estimator
13-1051.00,Cost Analyst
13-1051.00,Cost Consultant
13-1051.00,Cost Engineer
13-1051.00,Cost Estimating Analyst
13-1051.00,Cost Estimator
13-1051.00,Estimating Specialist
13-1051.00,Estimator
13-1071.00,Corporate Recruiter
13-1071.00,Employment Representative
13-1071.00,HR Analyst (Human Resources Analyst)
13-1071.00,HR Coordinator (Human Resources Coordinator)
13-1071.00,HR Generalist (Human Resources Generalist)
13-1071.00,Human Resources Representative (HR Rep)
13-1071.00,Human Resources Specialist (HR Specialist)
13-1071.00,Personnel Analyst
13-1071.00,Personnel Officer
13-1071.00,Recruiter
13-1075.00,Business Agent
13-1075.00,Business Representative
13-1075.00,Grievance Manager
13-1075.00,Labor Relations Specialist
13-1075.00,Labor Specialist
13-1081.00,Client Services Administrator
13-1081.00,Logistician
13-1081.00,Production Planner
13-1081.00,Supply Management Specialist
13-1081.01,Acquisition Logistics Engineer
13-1081.01,Logistics Engineer
13-1081.01,Logistics Specialist
13-1081.01,Reliability Engineer
13-1081.01,Supportability Engineer
13-1081.01,Systems Engineer
13-1081.02,Global Logistics Analyst
13-1081.02,Logistics Analyst
13-1081.02,Logistics Management Analyst
13-1081.02,Material Supply Planner
13-1081.02,Supply Chain Analyst
13-1081.02,Transportation Analyst
13-1082.00,Fiber Project Manager
13-1082.00,Implementation Project Manager
13-1082.00,Project Management Consultant
13-1111.00,Administrative Analyst
13-1111.00,Business Analyst
13-1111.00,Business Consultant
13-1111.00,Employment Programs Analyst
13-1111.00,Management Analyst
13-1111.00,Management Consultant
13-1111.00,Organizational Development Consultant
13-1111.00,Performance Management Analyst
13-1111.00,Program Management Analyst
13-1121.00,Catering Director
13-1121.00,Conference Planner
13-1121.00,Conference Planning Manager
13-1121.00,Conference Services Director
13-1121.00,Conference Services Manager
13-1121.00,Convention Services Director
13-1121.00,Convention Services Manager (CSM)
13-1121.00,Event Coordinator
13-1121.00,Events Manager
13-1121.00,Special Events Coordinator
13-1131.00,Contract Grant Writer
13-1131.00,Development Associate
13-1131.00,Development Officer
13-1131.00,Direct Response Consultant
13-1131.00,Fundraising Consultant
13-1131.00,Grant Coordinator
13-1131.00,Philanthropy Officer
13-1131.00,Principal Gifts Officer
13-1141.00,Benefits Analyst
13-1141.00,Benefits Consultant
13-1141.00,Benefits Specialist
13-1141.00,Compensation Analyst
13-1141.00,Compensation and Benefits Analyst
13-1141.00,Compensation and Benefits Specialist
13-1141.00,Compensation Consultant
13-1141.00,Compensation Specialist
13-1141.00,Employee Benefits Specialist
13-1141.00,Position Classification Specialist
13-1151.00,Computer Training Specialist
13-1151.00,Corporate Trainer
13-1151.00,Job Training Specialist
13-1151.00,Leadership Development Specialist
13-1151.00,Learning and Development Consultant
13-1151.00,Learning and Development Specialist (L and D Specialist)
13-1151.00,Management Development Specialist
13-1151.00,Trainer
13-1151.00,Training and Development Consultant
13-1151.00,Training Specialist
13-1161.00,Business Development Specialist
13-1161.00,Communications Consultant
13-1161.00,Communications Specialist
13-1161.00,Content Strategist
13-1161.00,Market Analyst
13-1161.00,Market Research Analyst
13-1161.00,Market Research Consultant
13-1161.00,Market Research Specialist
13-1161.00,Market Researcher
13-1161.00,Marketing Research Coordinator
13-1161.01,Digital Marketing Strategist
13-1161.01,Digital Media Planner
13-1161.01,Internet Marketing Specialist
13-1161.01,Marketing Consultant
13-1161.01,Online Marketing Consultant
13-1161.01,Paid Search Consultant
13-1161.01,Paid Search Strategist
13-1161.01,Search Engine Optimization Consultant (SEO Consultant)
13-1161.01,SEO Strategist (Search Engine Optimization Strategist)
13-1161.01,Social Media Specialist
13-1199.04,Business Continuity Administrator (Business Continuity Admin)
13-1199.04,Business Continuity Analyst
13-1199.04,Business Continuity and Disaster Recovery Consultant
13-1199.04,Business Continuity Consultant
13-1199.04,Business Continuity Coordinator
13-1199.04,Business Continuity Professional
13-1199.04,Business Continuity Specialist
13-1199.04,Business System Consultant
13-1199.04,Disaster Recovery Specialist
13-1199.04,Service Continuity Manager
13-1199.05,Campus Energy Coordinator
13-1199.05,Energy and Sustainability Strategic Advisor
13-1199.05,Sustainability Advisor
13-1199.05,Sustainability Champion
13-1199.05,Sustainability Consultant
13-1199.05,Sustainability Coordinator
13-1199.05,Sustainability Specialist
13-1199.05,Sustainable Design Champion
13-1199.05,Sustainable Design Consultant
13-1199.05,Sustainable Design Coordinator
13-1199.06,Online Services Manager
13-1199.07,Physical Security Engineer
13-1199.07,Physical Security Specialist
13-1199.07,Security Advisor
13-1199.07,Security Analyst
13-1199.07,Security and Workplace Violence Consultant
13-1199.07,Security Consultant
13-1199.07,Security Management Consultant
13-1199.07,Security Specialist
13-2011.00,Accountant
13-2011.00,Accounting Officer
13-2011.00,Audit Partner
13-2011.00,Auditor
13-2011.00,Cost Accountant
13-2011.00,CPA (Certified Public Accountant)
13-2011.00,Financial Auditor
13-2011.00,Financial Reporting Accountant
13-2011.00,General Accountant
13-2011.00,Internal Auditor
13-2022.00,Accredited Appraiser
13-2022.00,Aircraft Appraiser
13-2022.00,Appraiser
13-2022.00,Art Appraiser
13-2022.00,Certified Appraiser
13-2022.00,Gem and Jewelry Appraiser
13-2022.00,Jewelry Appraiser
13-2022.00,Personal Property Appraiser
13-2023.00,Appraiser
13-2023.00,Assessor
13-2023.00,Certified Real Estate Appraiser
13-2023.00,Certified Residential Appraiser
13-2023.00,Commercial Appraiser
13-2023.00,County Assessor
13-2023.00,Field Appraiser
13-2023.00,Real Estate Appraiser
13-2023.00,Real Property Appraiser
13-2023.00,Tax Assessor
13-2031.00,Budget Analyst
13-2031.00,Budget and Policy Analyst
13-2031.00,Budget Coordinator
13-2031.00,Budget Officer
13-2031.00,Budget Planning Analyst
13-2031.00,Cost Analyst
13-2031.00,Financial Services Officer
13-2031.00,Fiscal Analyst
13-2031.00,Fiscal Budget Analyst
13-2041.00,Credit Administrator
13-2041.00,Credit Analyst
13-2041.00,Credit and Collections Analyst
13-2041.00,Credit Officer
13-2041.00,Credit Representative
13-2041.00,Credit Risk Analyst
13-2041.00,Municipal Fixed Income Analyst
13-2051.00,Analyst
13-2051.00,Credit Products Officer
13-2051.00,Equity Research Analyst
13-2051.00,Financial Analyst
13-2051.00,Investment Analyst
13-2051.00,Planning Analyst
13-2051.00,Portfolio Manager
13-2051.00,Real Estate Analyst
13-2051.00,Securities Analyst
13-2051.00,Trust Officer
13-2052.00,Certified Financial Planner (CFP)
13-2052.00,Financial Advisor
13-2052.00,Financial Consultant
13-2052.00,Financial Counselor
13-2052.00,Financial Life Planner
13-2052.00,Financial Planner
13-2052.00,Investment Advisor
13-2052.00,Portfolio Manager
13-2052.00,Wealth Advisor
13-2052.00,Wealth Manager
13-2053.00,Account Underwriter
13-2053.00,Automobile and Property Underwriter
13-2053.00,Commercial Lines Underwriter
13-2053.00,Health Underwriter
13-2053.00,Life Underwriter
13-2053.00,Personal Lines Underwriter
13-2053.00,Underwriter
13-2053.00,Underwriting Consultant
13-2054.00,Analyst
13-2054.00,Equity Research Analyst
13-2054.00,Risk Analyst
13-2054.00,Risk Manager
13-2054.00,Risk Specialist
13-2054.00,Securities Analyst
13-2061.00,Bank Examiner
13-2061.00,Bank Secrecy Act Anti-Money Laundering Officer (BSA/AML Officer)
13-2061.00,Community Reinvestment Act Officer (CRA Officer)
13-2061.00,Compliance Analyst
13-2061.00,Compliance Specialist
13-2061.00,Credit Union Examiner
13-2061.00,Credit Union Field Examiner
13-2061.00,Examining Officer
13-2061.00,Internal Auditor
13-2071.00,Accredited Financial Counselor
13-2071.00,Budget Credit Counselor
13-2071.00,Certified Consumer Credit and Housing Counselor
13-2071.00,Certified Credit Consultant
13-2071.00,Certified Credit Counselor
13-2071.00,Certified Financial Coach
13-2071.00,Certified Personal Finance Counselor
13-2071.00,Financial Coach
13-2071.00,Financial Health Counselor
13-2071.00,Housing Counselor
13-2072.00,Commercial Banker
13-2072.00,Commercial Loan Officer
13-2072.00,Corporate Banking Officer
13-2072.00,Financial Aid Advisor
13-2072.00,Financial Aid Counselor
13-2072.00,Financial Aid Officer
13-2072.00,Financial Counselor
13-2072.00,Loan Counselor
13-2072.00,Loan Officer
13-2072.00,Mortgage Loan Officer
13-2081.00,City Tax Auditor
13-2081.00,Collections Specialist
13-2081.00,Revenue Agent
13-2081.00,Revenue Collector
13-2081.00,Revenue Officer
13-2081.00,Revenue Specialist
13-2081.00,Tax Collector
13-2081.00,Tax Compliance Officer
13-2081.00,Tax Examiner
13-2081.00,Tax Examining Technician
13-2082.00,CPA (Certified Public Accountant)
13-2082.00,Enrolled Agent
13-2082.00,Income Tax Preparer
13-2082.00,Tax Accountant
13-2082.00,Tax Advisor
13-2082.00,Tax Associate
13-2082.00,Tax Consultant
13-2082.00,Tax Preparer
13-2082.00,Tax Professional
13-2082.00,Tax Specialist
13-2099.01,Investment Portfolio Control Consultant
13-2099.01,Investment Strategist
13-2099.01,Portfolio Manager
13-2099.01,Quantitative Analyst
13-2099.01,Quantitative Equity Analyst
13-2099.01,Quantitative Research Analyst
13-2099.01,Quantitative Strategy Analyst
13-2099.01,Research Analyst
13-2099.04,Anti-Fraud Operations Analyst
13-2099.04,Casino Gaming Regulator
13-2099.04,Certified Fraud Examiner (CFE)
13-2099.04,Confidential Investigator
13-2099.04,Financial Crimes Investigator
13-2099.04,Financial Investigator
13-2099.04,Fraud Analyst
13-2099.04,SIU Clinical Investigator (Special Investigations Unit Clinical Investigator)
13-2099.04,SIU Field Investigator (Special Investigations Unit Field Investigator)
13-2099.04,Special Investigations Unit Investigator (SIU Investigator)
15-1211.00,Applications Analyst
15-1211.00,Business Systems Analyst
15-1211.00,Computer Analyst
15-1211.00,Computer Systems Analyst
15-1211.00,Computer Systems Consultant
15-1211.00,Information Systems Analyst (ISA)
15-1211.00,IT Analyst (Information Technology Analyst)
15-1211.00,IT Systems Analyst (Information Technology Systems Analyst)
15-1211.00,Programmer Analyst
15-1211.00,Systems Analyst
15-1211.01,Clinical Electronic Health Record Nurse (Clinical EHR Nurse)
15-1211.01,Clinical Informaticist
15-1211.01,Clinical Informatics Analyst
15-1211.01,Clinical Informatics Nurse
15-1211.01,Clinical Informatics Specialist
15-1211.01,Health Informaticist
15-1211.01,Nursing Informatics Officer
15-1211.01,Nursing Informatics Specialist
15-1211.01,RN Clinical Information Systems Coordinator (Registered Nurse Clinical Information Systems Coordinator)
15-1211.01,RN Clinical Information Systems Educator (Registered Nurse Clinical Information Systems Educator)
15-1212.00,Information Security Officer
15-1212.00,Information Security Specialist
15-1212.00,Information Systems Security Analyst
15-1212.00,Information Systems Security Officer (ISSO)
15-1212.00,Information Technology Security Analyst (IT Security Analyst)
15-1212.00,Network Security Analyst
15-1212.00,Security Analyst
15-1212.00,Systems Analyst
15-1221.00,Computer Scientist
15-1221.00,Computer Specialist
15-1221.00,Control System Computer Scientist
15-1221.00,Research Scientist
15-1221.00,Scientific Programmer Analyst
15-1231.00,Computer Network Specialist
15-1231.00,IT Consultant (Information Technology Consultant)
15-1231.00,Network Specialist
15-1231.00,Network Support Specialist
15-1231.00,Network Technical Analyst
15-1231.00,Network Technician
15-1231.00,Personal Computer Network Analyst
15-1231.00,Systems Specialist
15-1232.00,Computer Support Specialist
15-1232.00,Computer Tech (Computer Technician)
15-1232.00,Desktop Support Technician (Desktop Support Tech)
15-1232.00,Help Desk Analyst
15-1232.00,Help Desk Tech (Help Desk Technician)
15-1232.00,IS Tech (Information Systems Technician)
15-1232.00,IT Specialist (Information Technology Specialist)
15-1232.00,IT Support Specialist (Information Technology Support Specialist)
15-1232.00,IT Tech (Information Technology Technician)
15-1232.00,Technical Support Specialist
15-1241.00,Computer Network Technologist
15-1241.00,Network Analyst
15-1241.00,Network Consultant
15-1241.00,Network Systems Consultant
15-1241.00,Networking Systems Engineer
15-1241.00,Solutions Architect
15-1241.00,System Programmer
15-1241.00,Systems Engineer
15-1241.00,WAN Engineer (Wide Area Network Engineer)
15-1241.00,Wireless Network Engineer
15-1241.01,Communications Engineer
15-1241.01,Communications Infrastructure Engineer
15-1241.01,Communications Systems Technician (Communications Systems Tech)
15-1241.01,Engineer
15-1241.01,Infrastructure Engineer
15-1241.01,Network Engineer
15-1241.01,Signal Operations Support Specialist (Signal Ops Support Specialist)
15-1241.01,Telecommunication Design Engineer (Telecom Design Engineer)
15-1241.01,Telecommunications Consultant (Telecom Consultant)
15-1241.01,Telecommunications Engineer (Telecom Engineer)
15-1242.00,Database Administration Manager
15-1242.00,Database Administrator (DBA)
15-1242.00,Database Analyst
15-1242.00,Database Coordinator
15-1242.00,Database Engineer
15-1242.00,Database Manager
15-1242.00,Development and Database Administration Manager
15-1242.00,IS Admin (Information Systems Administrator)
15-1242.00,Systems Administrator (Systems Admin)
15-1243.00,Data Architect
15-1243.00,Data Engineer
15-1243.00,Data Officer
15-1243.00,Database Analyst
15-1243.00,Database Architect
15-1243.00,Database Consultant
15-1243.00,Database Developer
15-1243.00,Database Programmer
15-1243.00,Enterprise Architect
15-1243.00,Information Architect
15-1243.01,Data Warehouse Analyst
15-1243.01,Data Warehouse Solution Architect
15-1244.00,LAN Administrator (Local Area Network Administrator)
15-1244.00,LAN Specialist (Local Area Network Specialist)
15-1244.00,Network Administrator (Network Admin)
15-1244.00,Network Analyst
15-1244.00,Network Coordinator
15-1244.00,Network Engineer
15-1244.00,Network Manager
15-1244.00,Network Specialist
15-1244.00,Systems Engineer
15-1251.00,Analyst Programmer
15-1251.00,Application Programmer Analyst
15-1251.00,Computer Programmer
15-1251.00,Computer Programmer Analyst
15-1251.00,Internet Programmer
15-1251.00,Java Developer
15-1251.00,Programmer
15-1251.00,Programmer Analyst
15-1251.00,Web Applications Programmer
15-1251.00,Web Programmer
15-1252.00,Application Developer
15-1252.00,Application Integration Engineer
15-1252.00,Developer
15-1252.00,DevOps Engineer (Development Operations Engineer)
15-1252.00,Infrastructure Engineer
15-1252.00,Software Architect
15-1252.00,Software Developer
15-1252.00,Software Development Engineer
15-1252.00,Software Engineer
15-1252.00,Systems Engineer
15-1253.00,Automation Tester
15-1253.00,Information Technology Analyst (IT Analyst)
15-1253.00,Quality Assurance Analyst (QA Analyst)
15-1253.00,Quality Assurance Engineer (QA Engineer)
15-1253.00,Quality Engineer
15-1253.00,Software Quality Assurance Analyst (SQA Analyst)
15-1253.00,Software Quality Assurance Engineer (SQA Engineer)
15-1253.00,Software Quality Engineer
15-1253.00,Software Test Engineer
15-1253.00,Test Engineer
15-1254.00,Technology Applications Engineer
15-1254.00,Web Architect
15-1254.00,Web Design Specialist
15-1254.00,Web Developer
15-1254.00,Webmaster
15-1255.00,UI Developer (User Interface Developer)
15-1255.00,UX Developer (User Experience Developer)
15-1255.00,UX Engineer (User Experience Engineer)
15-1255.00,Web Administration Coordinator (Web Admin Coordinator)
15-1255.00,Web Architect
15-1255.00,Web Content Developer
15-1255.00,Web Content Specialist
15-1255.00,Web Design Specialist
15-1255.00,Web Designer
15-1255.00,Webmaster
15-1255.01,Design Director
15-1255.01,Designer
15-1255.01,Environmental Artist
15-1255.01,Game Design Consultant
15-1255.01,Game Designer
15-1255.01,Gamemaster
15-1255.01,Level Designer
15-1255.01,World Designer
15-1299.01,Corporate Webmaster
15-1299.01,Web Administrator
15-1299.01,Web Content Coordinator
15-1299.01,Web Content Manager
15-1299.01,Web Director
15-1299.01,Web Manager
15-1299.01,Web Site Manager
15-1299.01,Web Technologies Administrator
15-1299.01,Webmaster
15-1299.02,Geospatial Technician
15-1299.02,GIS Admin (Geographic Information Systems Administrator)
15-1299.02,GIS Analyst (Geographic Information System Analyst)
15-1299.02,GIS Analyst (Geographic Information Systems Analyst)
15-1299.02,GIS Applications Specialist (Geographic Information Systems Applications Specialist)
15-1299.02,GIS Assessment Tech (Geographic Information Systems Assessment Technician)
15-1299.02,GIS Coordinator (Geographic Information Systems Coordinator)
15-1299.02,GIS Developer (Geographic Information Systems Developer)
15-1299.02,GIS Specialist (Geographic Information Systems Specialist)
15-1299.02,GIS Tech (Geographic Information Systems Technician)
15-1299.03,Business Records Manager
15-1299.03,Certified Document Imaging Architect
15-1299.03,Document Control Manager
15-1299.03,Document Management Consultant
15-1299.03,ECM Consultant (Enterprise Content Management Consultant)
15-1299.03,Electronic Content Manager
15-1299.03,Record Systems Analyst
15-1299.03,Records and Information Management Consultant (RIM Consultant)
15-1299.03,Records and Information Management Specialist (RIM Specialist)
15-1299.03,Records Manager
15-1299.04,Cyber Systems Engineer
15-1299.04,Security Consultant
15-1299.04,Security Engineer
15-1299.04,System Vulnerability Analyst
15-1299.04,Threat Hunter
15-1299.04,Vulnerability Assessor
15-1299.05,BISO (Business Information Security Officer)
15-1299.05,Cloud Engineer
15-1299.05,Engineer
15-1299.05,Information Security Auditor
15-1299.05,Information Security System Engineer
15-1299.05,Infrastructure Security Engineer
15-1299.05,Security Analyst
15-1299.05,Security Data Scientist
15-1299.05,Security Engineer
15-1299.05,Systems Engineer
15-1299.06,Computer Forensics Analyst
15-1299.06,Digital Forensic Examiner
15-1299.06,Digital Forensics Examiner
15-1299.06,Digital Forensics Specialist
15-1299.07,Blockchain Consultant
15-1299.07,DLT Software Engineer (Distributed Ledger Technology Software Engineer)
15-1299.08,Infrastructure Engineer
15-1299.08,IT Architect (Information Technology Architect)
15-1299.08,IT Engineer (Information Technology Engineer)
15-1299.08,Network and Infrastructure Engineer
15-1299.08,Solutions Architect
15-1299.08,Systems Application Engineer
15-1299.08,Systems Architect
15-1299.08,Systems Consultant
15-1299.08,Systems Engineer
15-1299.08,Web Architect
15-1299.09,Cloud Product Director
15-1299.09,Cybersecurity Project Manager
15-1299.09,Data Center Product Director
15-1299.09,Information Systems Project Manager (IS Project Manager)
15-1299.09,IT Manager (Information Technology Manager)
15-1299.09,IT Program Manager (Information Technology Program Manager)
15-1299.09,IT Project Manager (Information Technology Project Manager)
15-1299.09,Scrum Master
15-1299.09,Transition Program Manager
15-2011.00,Actuarial Analyst
15-2011.00,Actuarial Associate
15-2011.00,Actuarial Consultant
15-2011.00,Actuary
15-2011.00,Consulting Actuary
15-2011.00,Health Actuary
15-2011.00,Life Actuary
15-2011.00,Pricing Actuary
15-2011.00,Product Development Actuary
15-2011.00,Reserving Actuary
15-2021.00,Agent-Based Modeler
15-2021.00,Computational Mathematician
15-2021.00,Computational Scientist
15-2021.00,Cryptographer
15-2021.00,Cryptographic Vulnerability Analyst
15-2021.00,Mathematician
15-2021.00,Research Computing Specialist
15-2021.00,Research Scientist
15-2021.00,Researcher
15-2031.00,Advanced Analytics Associate
15-2031.00,Analytical Strategist
15-2031.00,Decision Analyst
15-2031.00,Operations Research Analyst (Ops Research Analyst)
15-2031.00,Operations Research Scientist (Ops Research Scientist)
15-2031.00,Optimization Analyst
15-2031.00,Researcher
15-2041.00,Database Analyst
15-2041.00,Demographer
15-2041.00,Education Research Analyst
15-2041.00,Mathematical Statistician
15-2041.00,Psychometric Consultant
15-2041.00,Quantitative Methodologist
15-2041.00,Statistical Analyst
15-2041.00,Statistical Consultant
15-2041.00,Statistical Reporting Analyst
15-2041.00,Statistician
15-2041.01,Biometrician
15-2041.01,Biostatistical Consultant
15-2041.01,Biostatistician
15-2041.01,Research Scientist
15-2041.01,Statistical Scientist
15-2051.01,Business Analyst
15-2051.01,Business Intelligence Analyst (BI Analyst)
15-2051.01,Business Intelligence Consultant (BI Consultant)
15-2051.01,Business Intelligence Coordinator (BI Coordinator)
15-2051.01,Business Intelligence Specialist (BI Specialist)
15-2051.01,Competitive Intelligence Analyst
15-2051.01,Intelligence Analyst
15-2051.01,Market Intelligence Analyst
15-2051.01,Market Intelligence Consultant
15-2051.01,Strategic Business and Technology Intelligence Consultant
15-2051.02,Clinical Data Management Director (CDM Director)
15-2051.02,Clinical Data Management Manager (CDM Manager)
15-2051.02,Clinical Data Manager
15-2051.02,Clinical Informatics Manager
15-2051.02,Data Deliverables Manager
15-2051.02,Data Management Manager
15-2099.01,Biocurator
15-2099.01,Bioinformatics Analyst
15-2099.01,Bioinformatics Data Analyst
15-2099.01,Bioinformatics Specialist
15-2099.01,Biotechnician
15-2099.01,Research Scientist
15-2099.01,Research Specialist
15-2099.01,Scientific Informatics Analyst
17-1011.00,Architect
17-1011.00,Architectural Designer
17-1011.00,Design Architect
17-1011.00,Planner
17-1011.00,Project Architect
17-1011.00,Specifications Writer
17-1012.00,AP BD+C (Accredited Professional in Building Design and Construction)
17-1012.00,Golf Course Architect
17-1012.00,Land Planner
17-1012.00,Landscape Architect
17-1012.00,Landscape Designer
17-1012.00,Landscape Planner
17-1012.00,Park Planner
17-1012.00,Planner
17-1012.00,Professional Landscape Architect (PLA)
17-1012.00,Project Landscape Architect
17-1021.00,Aerial Photogrammetrist
17-1021.00,Cartographer
17-1021.00,Cartographic Designer
17-1021.00,Digital Cartographer
17-1021.00,Mapper
17-1021.00,Photogrammetric Technician
17-1021.00,Photogrammetrist
17-1021.00,Stereo Compiler
17-1021.00,Stereoplotter Operator
17-1022.00,City Surveyor
17-1022.00,County Surveyor
17-1022.00,Land Surveyor
17-1022.00,Licensed Land Surveyor
17-1022.00,Mine Surveyor
17-1022.00,Professional Land Surveyor
17-1022.00,Registered Land Surveyor
17-1022.00,Staff Land Surveyor
17-1022.00,State Surveyor
17-1022.00,Surveyor
17-1022.01,Geodesist
17-1022.01,Geodetic Advisor
17-1022.01,Geodetic Engineer
17-1022.01,Geodetic Survey Director
17-1022.01,Geodetic Surveyor
17-1022.01,Land Surveyor
17-1022.01,Licensed Land Surveyor
17-2011.00,Aeronautical Engineer
17-2011.00,Aerospace Stress Engineer
17-2011.00,Avionics Engineer
17-2011.00,Design Engineer
17-2011.00,Flight Controls Engineer
17-2011.00,Flight Systems Test Engineer
17-2011.00,Flight Test Engineer
17-2011.00,Special Mission Engineer
17-2011.00,Structural Analysis Engineer
17-2011.00,Structural Test Engineer
17-2021.00,Agricultural Engineer
17-2021.00,Agricultural Systems Specialist
17-2021.00,Conservation Engineer
17-2021.00,Engineer
17-2021.00,Field Engineer
17-2021.00,Product Engineer
17-2021.00,Product Technology Scientist
17-2021.00,Project Engineer
17-2021.00,Research Agricultural Engineer
17-2021.00,Research Engineer
17-2031.00,Biomedical Engineer
17-2031.00,Biomedical Technician (Biomedical Tech)
17-2031.00,Engineer
17-2031.00,Process Engineer
17-2031.00,Research Engineer
17-2041.00,Chemical Engineer
17-2041.00,Development Engineer
17-2041.00,Engineer
17-2041.00,Engineering Scientist
17-2041.00,Process Control Engineer
17-2041.00,Process Engineer
17-2041.00,Project Engineer
17-2041.00,Refinery Process Engineer
17-2041.00,Research Chemical Engineer
17-2041.00,Scientist
17-2051.00,City Engineer
17-2051.00,Civil Engineer
17-2051.00,County Engineer
17-2051.00,Design Engineer
17-2051.00,Engineer
17-2051.00,Geotechnical Engineer
17-2051.00,Licensed Engineer
17-2051.00,Project Engineer
17-2051.00,Railroad Design Consultant
17-2051.00,Structural Engineer
17-2051.01,Engineer
17-2051.01,Project Engineer
17-2051.01,Rail Engineer
17-2051.01,Roadway Designer
17-2051.01,Roadway Engineer
17-2051.01,State Roadway Design Engineer
17-2051.01,Traffic Engineer
17-2051.01,Traffic Operations Engineer
17-2051.01,Transportation Engineer
17-2051.02,Consulting Engineer
17-2051.02,County Engineer
17-2051.02,Engineer
17-2051.02,Project Development Engineer
17-2061.00,Design Engineer
17-2061.00,Engineer
17-2061.00,Field Service Engineer
17-2061.00,Hardware Design Engineer
17-2061.00,Hardware Engineer
17-2061.00,Physical Design Engineer
17-2061.00,Project Engineer
17-2061.00,Staff Engineer
17-2061.00,Systems Integration Engineer
17-2071.00,Circuits Engineer
17-2071.00,Design Engineer
17-2071.00,Electrical Controls Engineer
17-2071.00,Electrical Design Engineer
17-2071.00,Electrical Engineer
17-2071.00,Electrical Project Engineer
17-2071.00,Engineer
17-2071.00,Instrumentation and Electrical Reliability Engineer (I&E Reliability Engineer)
17-2071.00,Project Engineer
17-2071.00,Test Engineer
17-2072.00,Compatibility Test Engineer
17-2072.00,Design Engineer
17-2072.00,Electronics Design Engineer
17-2072.00,Engineer
17-2072.00,Evaluation Engineer
17-2072.00,Integrated Circuit Design Engineer (IC Design Engineer)
17-2072.00,Product Engineer
17-2072.00,Radio Frequency Engineer (RF Engineer)
17-2072.00,Research and Development Engineer (R and D Engineer)
17-2072.00,Test Engineer
17-2072.01,Deployment Engineer
17-2072.01,Electro Magnetic Compatibility Test Engineer
17-2072.01,RFID Engineer (Radio Frequency Identification Device Engineer)
17-2072.01,RFID Systems Engineer (Radio Frequency Identification Device Systems Engineer)
17-2072.01,Technical Support Engineer
17-2081.00,Air Pollution Control Engineer
17-2081.00,Engineer
17-2081.00,Engineering Consultant
17-2081.00,Environmental Analyst
17-2081.00,Environmental Consultant
17-2081.00,Environmental Engineer
17-2081.00,Environmental Remediation Specialist
17-2081.00,Hazardous Substances Engineer
17-2081.00,Sanitary Engineer
17-2111.00,Health and Safety Specialist
17-2111.00,Industrial Hygienist
17-2111.00,Industrial Safety Engineer
17-2111.00,Product Safety and Standards Engineer
17-2111.00,Product Safety Consultant
17-2111.00,Product Safety Engineer
17-2111.00,Safety and Health Consultant
17-2111.00,Safety Engineer
17-2111.00,Service Loss Control Consultant
17-2111.00,System Safety Engineer
17-2111.02,Consulting Engineer
17-2111.02,Engineer
17-2111.02,Fire Protection Consultant
17-2111.02,Fire Protection Engineer (FPE)
17-2111.02,Forensic Fire Protection Engineer
17-2111.02,Licensed Fire Protection Engineer
17-2111.02,Professional Fire Protection Engineer
17-2112.00,Continuous Improvement Engineer
17-2112.00,Engineer
17-2112.00,Facilities Engineer
17-2112.00,Industrial Engineer
17-2112.00,Operations Engineer
17-2112.00,Plant Engineer
17-2112.00,Process Engineer
17-2112.00,Project Engineer
17-2112.00,Quality Engineer
17-2112.00,Research and Development Engineer (R and D Engineer)
17-2112.01,Board Certified Ergonomist
17-2112.01,Certified Professional Ergonomist
17-2112.01,Cognitive Engineer
17-2112.01,Engineer
17-2112.01,Ergonomic Consultant
17-2112.01,Ergonomics Technical Advisor
17-2112.01,Ergonomist
17-2112.01,Human Factors Advisor
17-2112.01,Human Factors Engineer
17-2112.01,Occupational Ergonomist
17-2112.02,Corporate Quality Engineer
17-2112.02,Product Quality Engineer
17-2112.02,Quality Assurance Engineer
17-2112.02,Quality Engineer
17-2112.02,Quality Management Systems Engineer
17-2112.02,Reliability Engineer
17-2112.02,Supplier Quality Engineer
17-2112.02,Validation Specialist
17-2112.03,Facility Engineer
17-2112.03,Manufacturing Engineer
17-2112.03,Plant Engineer
17-2112.03,Process Engineer
17-2112.03,Process Improvement Engineer
17-2121.00,Marine Architect
17-2121.00,Marine Design Engineer
17-2121.00,Marine Engineer
17-2121.00,Marine Engineering Consultant
17-2121.00,Marine Structural Designer
17-2121.00,Marine Surveyor
17-2121.00,Naval Architect
17-2121.00,Naval Architect Specialist
17-2121.00,Ship Equipment Engineer
17-2121.00,Structural Engineer
17-2131.00,Automotive Sheet Metal Engineer
17-2131.00,Ceramic Engineer
17-2131.00,Extrusion Engineer
17-2131.00,Materials Development Engineer
17-2131.00,Materials Research Engineer
17-2131.00,Metallurgical Engineer
17-2131.00,Metallurgist
17-2131.00,Process Engineer
17-2131.00,Textile Engineer
17-2141.00,Application Engineer
17-2141.00,Design Engineer
17-2141.00,Equipment Engineer
17-2141.00,Mechanical Design Engineer
17-2141.00,Mechanical Designer
17-2141.00,Mechanical Engineer
17-2141.00,Product Development Engineer
17-2141.00,Product Engineer
17-2141.00,Project Engineer
17-2141.00,Test Engineer
17-2141.01,Engineer
17-2141.01,Fuel Cell Engineer
17-2141.01,Research Engineer
17-2141.01,Stack Engineer
17-2141.02,Dimensional Integration Engineer
17-2141.02,Engineer
17-2141.02,Product Engineer
17-2141.02,Project Engineer
17-2141.02,Research Engineer
17-2151.00,Mine Engineer
17-2151.00,Mining Consultant
17-2151.00,Mining Engineer
17-2151.00,Planning Engineer
17-2151.00,Project Engineer
17-2151.00,Safety Engineer
17-2151.00,Safety Representative
17-2161.00,Engineer
17-2161.00,Nuclear Design Engineer
17-2161.00,Nuclear Engineer
17-2161.00,Nuclear Licensing Engineer
17-2161.00,Nuclear Process Engineer
17-2161.00,Nuclear Reactor Engineer
17-2161.00,Nuclear Safety Engineer
17-2161.00,Nuclear Steam Supply System Engineer (NSSS Engineer)
17-2161.00,Radiological Engineer
17-2161.00,Reactor Engineer
17-2171.00,Completion Engineer
17-2171.00,Drilling Engineer
17-2171.00,Engineer
17-2171.00,Operations Engineer
17-2171.00,Petroleum Engineer
17-2171.00,Petroleum Production Engineer
17-2171.00,Project Production Engineer
17-2171.00,Project Reservoir Engineer
17-2171.00,Reservoir Engineer
17-2171.00,Reservoir Engineering Consultant
17-2199.03,Energy Efficiency Engineer
17-2199.03,Energy Engineer
17-2199.03,Industrial Energy Engineer
17-2199.03,Test and Balance Engineer (TAB Engineer)
17-2199.05,Automation Designer
17-2199.05,Automation Engineer
17-2199.05,Control Systems Engineer
17-2199.05,Controls Engineering Specialist
17-2199.05,Design Engineer (Design Eng)
17-2199.05,Equipment Engineer
17-2199.05,Process Controls Engineer
17-2199.05,Process Development Engineer
17-2199.05,Project Engineer
17-2199.05,Research and Development Engineer (R and D Engineer)
17-2199.06,Control Systems Engineer
17-2199.06,MEMS Integration Engineer (Microelectrical Mechanical Integration Engineer)
17-2199.06,Microsystems Engineer
17-2199.06,Process Engineer
17-2199.06,Product Design Engineer
17-2199.06,Project Design Engineer
17-2199.06,Project Engineer
17-2199.06,Radio Frequency Design Engineer (RF Design Engineer)
17-2199.06,System Engineer
17-2199.06,Systems Engineer
17-2199.07,Algorithm Developer
17-2199.07,Laser Engineer
17-2199.07,Optical Design Engineer
17-2199.07,Optical Engineer
17-2199.07,Optical Specialist
17-2199.07,Optical Systems Engineer
17-2199.07,Optoelectronics Engineer
17-2199.07,Research and Development Engineer (R and D Engineer)
17-2199.07,Research Engineer
17-2199.08,Automation Engineer
17-2199.08,Autonomous Vehicle Design Engineer
17-2199.08,Design Engineer
17-2199.08,Factory Automations Engineer
17-2199.08,Research Engineer
17-2199.08,Robotic Systems Engineer
17-2199.09,Process Development Engineer
17-2199.09,Research Engineer
17-2199.10,Engineer
17-2199.10,Project Engineer
17-2199.10,Turbine Measurements Engineer
17-2199.10,Utility Engineer
17-2199.10,Wind Energy Consultant
17-2199.10,Wind Farm Siting and Development Consultant
17-2199.10,Wind Turbine Design Engineer
17-2199.11,Consulting Engineer
17-2199.11,Engineer
17-2199.11,Photovoltaic System Designer (PV System Designer)
17-2199.11,Power Systems Engineer
17-2199.11,Project Engineer
17-2199.11,Research Engineer
17-2199.11,Solar Design Engineer
17-2199.11,Solar Designer
17-2199.11,Solar Energy Engineer
17-2199.11,Solar Engineer
17-3011.00,Architectural Designer
17-3011.00,Architectural Drafter
17-3011.00,Architectural Draftsman
17-3011.00,CAD Designer (Computer-Aided Design Designer)
17-3011.00,CAD Tech (Computer-Aided Design Technician)
17-3011.00,CADD Drafter (Computer-Aided Drafting and Design Drafter)
17-3011.00,Civil Drafter
17-3011.00,Drafting Technician (Drafting Tech)
17-3011.00,Draftsman
17-3011.00,Draftsperson
17-3012.00,Computer-Aided Design Operator
17-3012.00,Designer
17-3012.00,Drafter
17-3012.00,Drafting Technician (Drafting Tech)
17-3012.00,Electrical Designer
17-3012.00,Electrical Drafter
17-3012.00,Layout Designer
17-3012.00,Printed Circuit Board Designer (PCB Designer)
17-3012.00,Staking Engineer
17-3012.00,Staking Technician (Staking Tech)
17-3013.00,CAD Designer (Computer Aided Design Designer)
17-3013.00,CAD Operator (Computer Aided Design Operator)
17-3013.00,CAM Specialist (Computer Aided Manufacturing Specialist)
17-3013.00,Design Drafter
17-3013.00,Die Designer
17-3013.00,Drafter
17-3013.00,Drafting Technician (Drafting Tech)
17-3013.00,Mechanical Designer
17-3013.00,Tool Design Drafter
17-3013.00,Tooling Designer
17-3021.00,Avionics Installation Technician
17-3021.00,Avionics Test Technician
17-3021.00,Engineering Technician
17-3021.00,Engineering Test Technician
17-3021.00,Flight Test Instrument Technician
17-3021.00,Instrumentation Technician
17-3021.00,Systems Test Technician
17-3021.00,Test Technician
17-3022.00,Civil Designer
17-3022.00,Civil Engineering Assistant
17-3022.00,Civil Engineering Technician
17-3022.00,Design Technician
17-3022.00,Engineer Technician
17-3022.00,Engineering Assistant
17-3022.00,Engineering Technician
17-3022.00,Transportation Engineering Technician
17-3023.00,Communication Technician (Communication Tech)
17-3023.00,Communications Technologist
17-3023.00,Electrical Engineering Technician (Electrical Engineering Tech)
17-3023.00,Electrical Technician (Electrical Tech)
17-3023.00,Electronic Engineering Technician (Electronic Engineering Tech)
17-3023.00,Electronic Technician (Electronic Tech)
17-3023.00,Electronics Engineering Technician
17-3023.00,Electronics Technician
17-3023.00,Relay Technician (Relay Tech)
17-3023.00,System Technologist
17-3024.00,Automation Technician (Automation Tech)
17-3024.00,Electro-Mechanic
17-3024.00,Electromechanical Assembler (EM Assembler)
17-3024.00,Electromechanical Technician (EM Technician)
17-3024.00,Electronics Technician (Electronics Tech)
17-3024.00,Mechanical Technician (Mechanical Tech)
17-3024.00,Process Control Tech
17-3024.00,Product Test Specialist
17-3024.00,Test Engineering Technician (Test Engineering Tech)
17-3024.00,Test Technician (Test Tech)
17-3024.01,Automation Technician
17-3024.01,Electrical and Instrumentation Technician (E and I Technician)
17-3024.01,Instrument and Automation Technician
17-3024.01,Instrument Specialist
17-3024.01,Instrument Technician
17-3024.01,Instrumentation and Controls Technician
17-3024.01,Instrumentation and Process Controls Technician
17-3024.01,Process Control Technician
17-3024.01,Programmable Logic Controllers Technician
17-3025.00,Air Quality Instrument Specialist
17-3025.00,"EHS Engineer (Environmental, Health and Safety Engineer)"
17-3025.00,Engineer
17-3025.00,Environmental Engineering Assistant
17-3025.00,Environmental Engineering Technician (Environmental Engineering Tech)
17-3025.00,Environmental Field Technician (Environmental Field Tech)
17-3025.00,Environmental Technician (Environmental Tech)
17-3025.00,Haz Tech (Hazardous Technician)
17-3025.00,Remediation Technician (Remediation Tech)
17-3026.00,Engineering Technician (Engineering Tech)
17-3026.00,Industrial Engineering Analyst
17-3026.00,Industrial Engineering Technician (Industrial Engineering Tech)
17-3026.00,Industrial Technician (Industrial Tech)
17-3026.00,Manufacturing Coordinator
17-3026.00,PLC Tech (Programmable Logic Controller Technician)
17-3026.00,QC Engineering Technician (Quality Control Engineering Technician)
17-3026.00,Quality Management Coordinator
17-3026.01,Engineering Technician (Engineering Tech)
17-3026.01,Lab Technician (Laboratory Technician)
17-3026.01,Nanofabrication Specialist
17-3026.01,Process Engineering Technician (Process Engineering Tech)
17-3026.01,R and D Engineer (Research and Development Engineer)
17-3026.01,Research Lab Associate (Research Laboratory Associate)
17-3026.01,Research Scientist
17-3026.01,Research Specialist
17-3026.01,Research Technician (Research Tech)
17-3026.01,Scientific Research Associate
17-3027.00,Engineering Laboratory Technician (Engineering Lab Technician)
17-3027.00,Engineering Technical Analyst
17-3027.00,Engineering Technician (Engineering Tech)
17-3027.00,Engineering Technologist
17-3027.00,Manufacturing Engineering Technician (Manufacturing Engineering Tech)
17-3027.00,Mechanical Designer
17-3027.00,Mechanical Technician (Mechanical Tech)
17-3027.00,Process Engineering Technician (Process Engineering Tech)
17-3027.00,Process Technician
17-3027.00,Research and Development Technician (R and D Tech)
17-3027.01,Laboratory Technician (Lab Technician)
17-3027.01,Research Technician
17-3028.00,Calibration Specialist
17-3028.00,Calibration Technician (Calibration Tech)
17-3028.00,Gauge Specialist
17-3028.00,Instrument and Control Technician (I and C Tech)
17-3028.00,Instrument Control Technician (Instrument Control Tech)
17-3028.00,Quality Technician (Quality Tech)
17-3029.01,Industrial Radiographer
17-3029.01,NDE Technician (Non-Destructive Evaluation Technician)
17-3029.01,NDT Coordinator (Non-Destructive Testing Coordinator)
17-3029.01,NDT Inspector (Non-Destructing Testing Inspector)
17-3029.01,NDT Specialist (Non-Destructive Testing Specialist)
17-3029.01,NDT Technical Specialist (Non-Destructive Testing Technical Specialist)
17-3029.01,NDT Technician (Non-Destructive Testing Technician)
17-3029.08,Fiber Optics Instructor
17-3029.08,Fiber Optics Technician (Fiber Optics Tech)
17-3029.08,Laser Technician (Laser Tech)
17-3029.08,Optics Technician (Optics Tech)
17-3029.08,Optomechanical Technician (Optomechanical Tech)
17-3029.08,Photonics Laboratory Technician (Photonics Lab Tech)
17-3029.08,Photonics Technician (Photonics Tech)
17-3029.08,Ruling Technician (Ruling Tech)
17-3031.00,Field Surveyor
17-3031.00,Land Survey Technician (Land Survey Tech)
17-3031.00,Land Surveyor
17-3031.00,Mapping Editor
17-3031.00,Mapping Technician (Mapping Tech)
17-3031.00,Photogrammetric Technician (Photogrammetric Tech)
17-3031.00,Rodman
17-3031.00,Stereoplotter Operator
17-3031.00,Survey Technician (Survey Tech)
17-3031.00,Surveying Technician (Surveying Tech)
19-1011.00,Animal Nutrition Consultant
19-1011.00,Animal Nutritionist
19-1011.00,Animal Scientist
19-1011.00,Beef Cattle Nutritionist
19-1011.00,Beef Cattle Specialist
19-1011.00,Companion Animal Nutritionist
19-1011.00,Dairy Nutrition Consultant
19-1011.00,Dairy Research Nutritionist
19-1011.00,Research Scientist
19-1011.00,Scientist
19-1012.00,Corporate Food Scientist
19-1012.00,Food and Drug Research Scientist
19-1012.00,Food Engineer
19-1012.00,Food Safety Regulatory Manager
19-1012.00,Food Scientist
19-1012.00,Food Technologist
19-1012.00,Formulator
19-1012.00,Product Development Scientist
19-1012.00,Research Chef
19-1012.00,Research Scientist
19-1013.00,Agronomist
19-1013.00,Arboriculture Researcher
19-1013.00,Crop Nutrition Scientist
19-1013.00,Forage Physiologist
19-1013.00,Horticulture Specialist
19-1013.00,Plant Physiologist
19-1013.00,Plant Research Geneticist
19-1013.00,Research Scientist
19-1013.00,Research Soil Scientist
19-1013.00,Scientist
19-1021.00,Analytical Research Chemist
19-1021.00,Biochemist
19-1021.00,Biophysics Researcher
19-1021.00,Scientist
19-1022.00,Bacteriologist
19-1022.00,Clinical Laboratory Scientist (Clinical Lab Scientist)
19-1022.00,Clinical Microbiologist
19-1022.00,Medical Technologist
19-1022.00,Microbiological Analyst
19-1022.00,Microbiologist
19-1022.00,Public Health Microbiologist
19-1022.00,Quality Control Microbiologist (QC Microbiologist)
19-1022.00,Research Microbiologist
19-1022.00,Research Specialist
19-1023.00,Aquatic Biologist
19-1023.00,Conservation Biologist
19-1023.00,Fish and Wildlife Biologist
19-1023.00,Fisheries and Wildlife Biological Scientist
19-1023.00,Fisheries Biologist
19-1023.00,Habitat Biologist
19-1023.00,Migratory Game Bird Biologist
19-1023.00,Wildlife Biologist
19-1023.00,Wildlife Refuge Specialist
19-1023.00,Zoologist
19-1029.01,Bioinformaticist
19-1029.01,Bioinformatics Programmer
19-1029.01,Bioinformatics Research Associate
19-1029.01,Computational Biology Scientist
19-1029.01,Research Associate
19-1029.01,Research Scientist
19-1029.01,Scientist
19-1029.02,Molecular Biologist
19-1029.02,Research Scientist
19-1029.03,Cardiovascular Geneticist
19-1029.03,Medical Geneticist
19-1029.03,Research Scientist
19-1029.03,Scientist
19-1029.04,Aquatic Biologist
19-1029.04,Biological Scientist
19-1029.04,Biologist
19-1029.04,Botanist
19-1029.04,Fisheries and Wildlife Biologist
19-1029.04,Fisheries Biologist
19-1029.04,Marine Biologist
19-1029.04,Research Biologist
19-1029.04,Research Scientist
19-1029.04,Scientist
19-1031.00,Conservationist
19-1031.00,Environmental Analyst
19-1031.00,Environmental Quality Scientist
19-1031.00,Erosion Control Specialist
19-1031.00,Land Reclamation Specialist
19-1031.00,Land Resource Specialist
19-1031.00,Research Soil Scientist
19-1031.00,Resource Conservation Specialist
19-1031.00,Resource Conservationist
19-1031.00,Soil Conservationist
19-1031.02,Conservationist
19-1031.02,Forest Range Program Manager
19-1031.02,Land Management Supervisor
19-1031.02,Natural Resource Manager
19-1031.02,Natural Resource Specialist
19-1031.02,Range Management Consultant
19-1031.02,Range Management Specialist
19-1031.02,Rangeland Management Specialist
19-1031.02,Wildlife Manager
19-1031.02,Wildlife Refuge Manager
19-1031.03,Environmental Education Specialist
19-1031.03,Environmental Educator
19-1031.03,Interpretive Naturalist
19-1031.03,Interpretive Park Ranger
19-1031.03,Natural Resource Educator
19-1031.03,Naturalist
19-1031.03,Park Activities Coordinator
19-1031.03,Park Guide
19-1031.03,Park Interpretive Specialist
19-1031.03,Park Ranger
19-1032.00,Area Forester
19-1032.00,District Forester
19-1032.00,Environmental Protection Forester
19-1032.00,Fire Prevention Forester
19-1032.00,Forest Silviculturist
19-1032.00,Procurement Forester
19-1032.00,Resource Forester
19-1032.00,Service Forester
19-1032.00,Silviculturist
19-1032.00,Urban Forester
19-1041.00,Chronic Disease Epidemiologist
19-1041.00,Communicable Diseases Specialist
19-1041.00,Environmental Epidemiologist
19-1041.00,Epidemiologist
19-1041.00,Epidemiology Investigator
19-1041.00,Infection Control Practitioner (ICP)
19-1041.00,Nurse Epidemiologist
19-1041.00,Public Health Epidemiologist
19-1041.00,Research Epidemiologist
19-1041.00,State Epidemiologist
19-1042.00,Clinical Laboratory Scientist (Clinical Lab Scientist)
19-1042.00,Clinical Pharmacologist
19-1042.00,Clinical Research Scientist
19-1042.00,Medical Researcher
19-1042.00,Physician Scientist
19-1042.00,Research Scientist
19-1042.00,Researcher
19-1042.00,Scientist
19-1042.00,Study Director
19-1042.00,Toxicologist
19-2011.00,Astronomer
19-2011.00,Astronomy Outreach Coordinator
19-2011.00,Astrophysicist
19-2011.00,Research Astrophysicist
19-2012.00,Astrophysicist
19-2012.00,Biophysics Scientist
19-2012.00,Health Physicist
19-2012.00,Medical Physicist
19-2012.00,Research Physicist
19-2012.00,Scientist
19-2021.00,Broadcast Meteorologist
19-2021.00,Forecaster
19-2021.00,General Forecaster
19-2021.00,Hydrometeorological Technician (Hydrometeorological Tech)
19-2021.00,Meteorologist
19-2021.00,Ocean Monitoring and Data Assimilation Scientist
19-2021.00,Research Meteorologist
19-2021.00,Service Hydrologist
19-2021.00,Warning Coordination Meteorologist
19-2021.00,Weather Forecaster
19-2031.00,Air Quality Chemist
19-2031.00,Analytical Chemist
19-2031.00,Chemical Lab Scientist (Chemical Laboratory Scientist)
19-2031.00,Chemist
19-2031.00,Forensic Chemist
19-2031.00,Product Development Chemist
19-2031.00,QC Chemist (Quality Control Chemist)
19-2031.00,R and D Chemist (Research and Development Chemist)
19-2031.00,Research Chemist
19-2031.00,Scientist
19-2032.00,Applications Scientist
19-2032.00,Materials Research Engineer
19-2032.00,Materials Scientist
19-2032.00,Metallurgical Engineer
19-2032.00,Micro Electrical/Mechanical Systems Device Scientist (MEMS Device Scientist)
19-2032.00,Polymer Materials Consultant
19-2032.00,R and D Scientist (Research and Development Scientist)
19-2032.00,Research Scientist
19-2032.00,Scientist
19-2041.00,Environmental Analyst
19-2041.00,Environmental Health and Safety Specialist (EHS Specialist)
19-2041.00,Environmental Health Specialist
19-2041.00,Environmental Programs Specialist
19-2041.00,Environmental Protection Specialist
19-2041.00,Environmental Scientist
19-2041.00,Environmental Specialist
19-2041.00,Hazardous Substances Scientist
19-2041.00,Natural Resources Specialist
19-2041.00,Registered Environmental Health Specialist (REHS)
19-2041.01,Climate Advisor
19-2041.01,Climate Analyst
19-2041.01,Climate and Energy Program Associate
19-2041.01,Climate Economist
19-2041.01,Environmental Policy Analyst
19-2041.01,Policy Analyst
19-2041.01,Policy Associate
19-2041.01,Policy Research Associate
19-2041.01,Regional Science Advisor
19-2041.02,Coastal and Estuary Specialist
19-2041.02,Fisheries Habitat Restoration Specialist
19-2041.02,Habitat Restoration Specialist
19-2041.02,Marine Habitat Resources Specialist
19-2041.02,Restoration Ecologist
19-2041.02,Restoration Specialist
19-2041.02,Watershed Coordinator
19-2041.03,Ecologist
19-2041.03,Environmental Consultant
19-2041.03,Environmental Protection Agency Counselor
19-2041.03,Research Scientist
19-2041.03,Researcher
19-2042.00,Engineering Geologist
19-2042.00,Environmental Protection Geologist
19-2042.00,Exploration Geologist
19-2042.00,Geologist
19-2042.00,Geoscientist
19-2042.00,Mine Geologist
19-2042.00,Petroleum Geologist
19-2042.00,Project Geologist
19-2042.00,Project Geophysicist
19-2042.00,Research Geologist
19-2043.00,Groundwater Consultant
19-2043.00,Hydrogeologist
19-2043.00,Research Hydrologic Engineer
19-2043.00,Research Hydrologist
19-2043.00,Source Water Protection Specialist
19-2099.01,Geospatial Intelligence Analyst
19-2099.01,Image Scientist
19-2099.01,Remote Sensing Analyst
19-2099.01,Remote Sensing Scientist
19-2099.01,Research Scientist
19-2099.01,Scientist
19-2099.01,Sensor Specialist
19-3011.00,Economic Advisor
19-3011.00,Economic Analyst
19-3011.00,Economic Consultant
19-3011.00,Economic Development Specialist
19-3011.00,Economist
19-3011.00,Forensic Economist
19-3011.00,Project Economist
19-3011.00,Research Economist
19-3011.00,Revenue Research Analyst
19-3011.00,Tax Economist
19-3011.01,Environmental Economist
19-3011.01,Natural Resource Economist
19-3011.01,Research Economist
19-3011.01,Resource Economist
19-3022.00,Data Analyst
19-3022.00,Market Survey Representative
19-3022.00,Research Associate
19-3022.00,Research Fellow
19-3022.00,Research Interviewer
19-3022.00,Research Scientist
19-3022.00,Survey Methodologist
19-3022.00,Survey Researcher
19-3022.00,Survey Statistician
19-3022.00,Telephone Interviewer
19-3032.00,Consulting Psychologist
19-3032.00,I-O Practitioner (Industrial-Organizational Practitioner)
19-3032.00,I-O Psychologist (Industrial-Organizational Psychologist)
19-3032.00,Industrial Psychologist
19-3032.00,Management Consultant
19-3032.00,Organizational Consultant
19-3032.00,Organizational Development Specialist (OD Specialist)
19-3032.00,Organizational Psychologist
19-3032.00,Personnel Research Psychologist
19-3032.00,Research Scientist
19-3033.00,Case Manager
19-3033.00,Clinical Psychologist
19-3033.00,Counseling Psychologist
19-3033.00,Counselor
19-3033.00,Licensed Clinical Psychologist
19-3033.00,Licensed Psychologist
19-3033.00,LPC (Licensed Professional Counselor)
19-3033.00,Psychologist
19-3033.00,Psychotherapist
19-3033.00,Therapist
19-3034.00,Autism Consultant
19-3034.00,Bilingual School Psychologist
19-3034.00,Challenging Behavior Consultant
19-3034.00,Early Intervention School Psychologist
19-3034.00,Educational Diagnostician
19-3034.00,School Neuropsychologist
19-3034.00,School Psychometrist
19-3039.02,Aviation Neuropsychologist
19-3039.02,Board Certified Neuropsychologist
19-3039.02,Child and Adolescent Neuropsychologist
19-3039.02,Forensic Neuropsychologist
19-3039.02,Neuropsychologist
19-3039.02,Neuropsychology Medical Consultant
19-3039.02,Pediatric Neuropsychologist
19-3039.02,Staff Psychologist
19-3039.03,Aviation Neuropsychologist
19-3039.03,Board Certified Clinical Neuropsychologist
19-3039.03,Clinical Neuropsychologist
19-3039.03,Neuropsychology Medical Consultant
19-3039.03,Pediatric Clinical Neuropsychologist
19-3039.03,Pediatric Neuropsychologist
19-3039.03,Staff Psychologist
19-3041.00,Demographer
19-3041.00,Evaluation Specialist
19-3041.00,Medical Sociologist
19-3041.00,Policy Analyst
19-3041.00,Research Associate
19-3041.00,Research Coordinator
19-3041.00,Research Scientist
19-3041.00,Research Specialist
19-3041.00,Social Scientist
19-3041.00,Sociologist
19-3051.00,City Planner
19-3051.00,Community Development Planner
19-3051.00,Community Planner
19-3051.00,Development Technician
19-3051.00,Housing Development Specialist
19-3051.00,Neighborhood Planner
19-3051.00,Planner
19-3051.00,Planning Consultant
19-3051.00,Planning Technician
19-3051.00,Regional Planner
19-3091.00,American Indian Policy Specialist
19-3091.00,Applied Anthropologist
19-3091.00,Applied Cultural Anthropologist
19-3091.00,Archaeologist
19-3091.00,Communication and Folklore Specialist
19-3091.00,Forensic Anthropologist
19-3091.00,Historical Archaeologist
19-3091.00,Research Archaeologist
19-3091.00,Researcher
19-3092.00,Earth Observations Scientist
19-3092.00,Geographer
19-3092.00,GIS Coordinator (Geographic Information Systems Coordinator)
19-3092.00,GIS Geographer (Geographic Information Systems Geographer)
19-3092.00,GIS Physical Scientist (Geographic Information Systems Physical Scientist)
19-3092.00,Scientist
19-3093.00,Collections Specialist
19-3093.00,County Historian
19-3093.00,Historian
19-3093.00,Historic Architectural Resources Curator
19-3093.00,Historic Interpreter
19-3093.00,Historic Preservation Coordinator
19-3093.00,Historic Sites Registrar
19-3093.00,Historical Interpreter
19-3093.00,Research Historian
19-3093.00,Researcher
19-3099.01,Planner
19-3099.01,Program Officer
19-3099.01,Transportation Analyst
19-3099.01,Transportation Data Programs Manager
19-3099.01,Transportation Planner
19-4012.00,Agricultural Research Technician (Agricultural Research Tech)
19-4012.00,Agricultural Research Technologist
19-4012.00,Agricultural Technician (Agricultural Tech)
19-4012.00,Agriculture Assistant
19-4012.00,Agronomy Research Technician (Agronomy Research Tech)
19-4012.00,Field Assistant
19-4012.00,Insect Research Technician (Insect Research Tech)
19-4012.00,Lab Tech (Laboratory Technician)
19-4012.00,Seed Analyst
19-4012.01,Agrintelligence Specialist (Agriculture Intelligence Specialist)
19-4012.01,Agronomist
19-4012.01,Agronomy Consultant
19-4012.01,Crop Consultant
19-4012.01,Crop Specialist
19-4012.01,Precision Agriculture Analyst (Precision Ag Analyst)
19-4012.01,Precision Agriculture Specialist (Precision Ag Specialist)
19-4012.01,Precision Agronomist
19-4012.01,Precision Farming Coordinator
19-4012.01,Precision Technology Agronomist (Precision Tech Agronomist)
19-4013.00,Central Laboratory Technician (CLT)
19-4013.00,Food Science Tech (Food Science Technician)
19-4013.00,Laboratory Assistant (Lab Assistant)
19-4013.00,Laboratory Technician (Lab Tech)
19-4013.00,QA Lab Tech (Quality Assurance Lab Technician)
19-4013.00,QC Tech (Quality Assurance Technician)
19-4013.00,QC Tech (Quality Control Technician)
19-4013.00,Quality Analyst
19-4013.00,Quality Assurance Analyst (QA Analyst)
19-4013.00,Quality Tech (Quality Technician)
19-4021.00,Biological Science Lab Tech (Biological Science Laboratory Technician)
19-4021.00,Biological Science Technician (Biological Science Tech)
19-4021.00,Biologist Aide
19-4021.00,Biologist Technician (Biologist Tech)
19-4021.00,Environmental Technician (Environmental Tech)
19-4021.00,Fisheries Biological Technician (Fisheries Biological Tech)
19-4021.00,Marine Fisheries Technician (Marine Fisheries Tech)
19-4021.00,Microbiology Technician (Microbiology Tech)
19-4021.00,Research Assistant
19-4021.00,Research Associate
19-4031.00,Analytical Laboratory Technician (Analytical Lab Technician)
19-4031.00,Chemical Analyst
19-4031.00,Chemical Technician
19-4031.00,Laboratory Analyst (Lab Analyst)
19-4031.00,Laboratory Technician (Lab Tech)
19-4031.00,Laboratory Tester (Lab Tester)
19-4031.00,Organic Preparation Analyst (Organic Prep Analyst)
19-4031.00,Quality Control Laboratory Technician (QC Lab Tech)
19-4031.00,Quality Control Technician (QC Tech)
19-4031.00,Research Technician
19-4042.00,Environmental Health Officer (EHO)
19-4042.00,Environmental Technician (Environmental Tech)
19-4042.00,Industrial Pretreatment Program Specialist (IPP Specialist)
19-4042.00,Lab Technician (Laboratory Technician)
19-4042.00,Public Health Sanitarian
19-4042.00,Sanitarian
19-4042.00,Sanitarian Specialist
19-4042.00,Soil Lab Technician (Soil Laboratory Technician)
19-4042.00,Water Quality Analyst
19-4042.00,Water Quality Specialist
19-4043.00,Core Inspector
19-4043.00,Environmental Field Services Technician
19-4043.00,Environmental Sampling Technician
19-4043.00,Geological E-Logger
19-4043.00,Geological Technician
19-4043.00,Geoscience Technician
19-4043.00,Geotechnician
19-4043.00,Materials Technician
19-4043.00,Physical Science Technician
19-4043.00,Soils Technician
19-4051.00,Auxiliary Operator
19-4051.00,Equipment Operator
19-4051.00,Licensed Nuclear Operator
19-4051.00,Non-Licensed Nuclear Equipment Operator (NLO)
19-4051.00,Non-Licensed Nuclear Plant Operator (NLO)
19-4051.00,Nuclear Auxiliary Operator
19-4051.00,Nuclear Equipment Operator (NEO)
19-4051.00,Nuclear Plant Equipment Operator (NAPEO)
19-4051.00,Operations Technician
19-4051.00,Systems Operator
19-4051.02,Health Physics Technician (HP Tech)
19-4051.02,Nuclear Chemistry Technician
19-4051.02,Radiation Control Technician (Radcon Technician)
19-4051.02,Radiation Protection Specialist (RP Specialist)
19-4051.02,Radiation Protection Technician (RPT)
19-4051.02,Radiation Technician
19-4051.02,Radiochemical Technician
19-4061.00,Clinical Research Assistant
19-4061.00,Graduate Assistant
19-4061.00,Graduate Research Assistant
19-4061.00,Research Aide
19-4061.00,Research Assistant
19-4061.00,Research Associate
19-4061.00,Research Technician
19-4061.00,Social Research Assistant
19-4071.00,Biological Science Aide
19-4071.00,Forest Technician
19-4071.00,Forestry Aide
19-4071.00,Forestry Technician (Forestry Tech)
19-4071.00,Resource Technician
19-4071.00,Timber Appraiser
19-4092.00,Crime Lab Analyst (Crime Laboratory Analyst)
19-4092.00,Crime Scene Analyst (CSA)
19-4092.00,Crime Scene Technician (Crime Scene Tech)
19-4092.00,Criminalist
19-4092.00,CSI (Crime Scene Investigator)
19-4092.00,Evidence Technician (Evidence Tech)
19-4092.00,Forensic Science Examiner
19-4092.00,Forensic Scientist
19-4092.00,Forensic Specialist
19-4092.00,Latent Print Examiner
19-4099.01,Lab Analyst
19-4099.01,Lab Technician (Lab Tech)
19-4099.01,Laboratory Analyst
19-4099.01,Microbiology Lab Analyst
19-4099.01,QA Auditor (Quality Assurance Auditor)
19-4099.01,QA Lab Tech (Quality Assurance Lab Technician)
19-4099.01,QA Tech (Quality Assurance Technician)
19-4099.01,Quality Control Analyst (QC Analyst)
19-4099.01,Quality Control Lab Technician (QC Lab Tech)
19-4099.01,Quality Control Technician (QC Tech)
19-4099.03,Digital Cartographic Technician
19-4099.03,Geospatial Extractor
19-4099.03,Meteorologist Liaison
19-4099.03,Research Associate
19-5011.00,Chemical Hygiene Officer
19-5011.00,EHS Officer (Environmental Health and Safety Officer)
19-5011.00,Health and Safety Analyst
19-5011.00,Industrial Hygiene Consultant
19-5011.00,Industrial Hygienist
19-5011.00,Industrial Hygienist Consultant
19-5011.00,OHS Consultant (Occupational Health and Safety Consultant)
19-5011.00,Risk Control Consultant
19-5011.00,Safety Consultant
19-5011.00,Safety Specialist
19-5012.00,Advisory Industrial Hygienist
19-5012.00,Certified Industrial Hygienist (CIH)
19-5012.00,Construction Safety Consultant
19-5012.00,"EHS Advisor (Environmental, Health, and Safety Advisor)"
19-5012.00,Health and Safety Technician (Health and Safety Tech)
19-5012.00,Industrial Hygiene Consultant
19-5012.00,Industrial Hygienist
19-5012.00,Safety Specialist
19-5012.00,Safety Technician (Safety Tech)
19-5012.00,Safety Trainer
21-1011.00,Addictions Counselor
21-1011.00,CADC (Certified Alcohol and Drug Counselor)
21-1011.00,Case Manager
21-1011.00,Chemical Dependency Counselor (CD Counselor)
21-1011.00,Chemical Dependency Professional
21-1011.00,Counselor
21-1011.00,Drug and Alcohol Treatment Specialist (DATS)
21-1011.00,LADC (Licensed Alcohol and Drug Counselor)
21-1011.00,Residential Substance Abuse Counselor
21-1011.00,SA Counselor (Substance Abuse Counselor)
21-1012.00,Academic Advisor
21-1012.00,Academic Counselor
21-1012.00,Admissions Counselor
21-1012.00,Career Counselor
21-1012.00,College Counselor
21-1012.00,Elementary School Counselor
21-1012.00,Guidance Counselor
21-1012.00,School Counselor
21-1012.00,Student Services Coordinator
21-1012.00,Vocational Counselor
21-1013.00,Clinical Therapist
21-1013.00,Couple and Family Therapist
21-1013.00,Family Specialist
21-1013.00,Family Therapist
21-1013.00,LCMFT (Licensed Clinical Marriage and Family Therapist)
21-1013.00,LMFT (Licensed Marriage and Family Therapist)
21-1013.00,Marriage and Family Counselor
21-1013.00,Multisystemic Therapist
21-1013.00,Play Therapist
21-1013.00,Therapist
21-1014.00,Behavior Analyst
21-1014.00,Behavioral Health Counselor
21-1014.00,Case Manager
21-1014.00,Clinician
21-1014.00,Counselor
21-1014.00,Licensed Mental Health Counselor (LMHC)
21-1014.00,Licensed Professional Counselor (LPC)
21-1014.00,Mental Health Counselor
21-1014.00,Mental Health Specialist
21-1014.00,Mental Health Therapist
21-1015.00,Classification Counselor
21-1015.00,CRC (Certified Rehabilitation Counselor)
21-1015.00,Employment Advisor
21-1015.00,Job Coach
21-1015.00,Rehabilitation Specialist
21-1015.00,Vocational Counselor
21-1015.00,Vocational Placement Specialist
21-1015.00,Vocational Services Specialist
21-1015.00,VRC (Vocational Rehabilitation Counselor)
21-1015.00,Work Counselor
21-1021.00,Adoption Social Worker
21-1021.00,Case Manager
21-1021.00,Case Worker
21-1021.00,Child Protective Services Social Worker (CPS Social Worker)
21-1021.00,Family Protection Specialist
21-1021.00,Family Resource Coordinator
21-1021.00,Family Service Worker
21-1021.00,Foster Care Social Worker
21-1021.00,School Social Worker
21-1021.00,Youth Services Specialist
21-1022.00,Clinical Social Worker
21-1022.00,Hospice Social Worker
21-1022.00,LMSW (Licensed Master Social Worker)
21-1022.00,Medical Social Worker
21-1022.00,Nephrology Social Worker
21-1022.00,Oncology Social Worker
21-1022.00,Psychosocial Coordinator
21-1022.00,Renal Social Worker
21-1022.00,Social Work Case Manager
21-1022.00,Social Worker
21-1023.00,Case Manager
21-1023.00,Clinical Social Worker
21-1023.00,Clinical Therapist
21-1023.00,Clinician
21-1023.00,Counselor
21-1023.00,Licensed Clinical Social Worker (LCSW)
21-1023.00,Mental Health Therapist
21-1023.00,Social Worker
21-1023.00,Therapist
21-1091.00,Certified Diabetes Educator
21-1091.00,Clinical Instructor
21-1091.00,Community Health Consultant
21-1091.00,Education Coordinator
21-1091.00,Health Education Coordinator
21-1091.00,Health Education Specialist
21-1091.00,Health Educator
21-1091.00,Health Promotion Specialist
21-1091.00,Public Health Educator
21-1091.00,Public Information Officer
21-1092.00,Adult Probation Officer
21-1092.00,Correctional Counselor
21-1092.00,Deputy Probation Officer (DPO)
21-1092.00,Juvenile Probation Officer
21-1092.00,Parole Agent
21-1092.00,Parole Officer (PO)
21-1092.00,Probation Agent
21-1092.00,Probation and Parole Officer
21-1092.00,Probation Counselor
21-1092.00,Probation Officer
21-1093.00,Addictions Counselor Assistant
21-1093.00,Advocate
21-1093.00,Clinical Assistant
21-1093.00,Residential Care Assistant
21-1093.00,Social Services Aide
21-1093.00,Social Services Assistant
21-1093.00,Social Work Assistant
21-1093.00,Social Work Associate
21-1093.00,Social Worker Assistant
21-1094.00,Communicable Disease Liaison
21-1094.00,Community Health Coordinator
21-1094.00,Community Health Outreach Worker
21-1094.00,Community Health Program Coordinator
21-1094.00,Community Health Program Representative (Community Health Program Rep)
21-1094.00,Community Health Promoter
21-1094.00,Community HIV Education Specialist (Community Human Immunodeficiency Virus Education Specialist)
21-1094.00,Community Navigator
21-1094.00,Community Nutrition Educator
21-1094.00,Health Program Specialist
21-2011.00,Bishop
21-2011.00,Chaplain
21-2011.00,Children's Minister
21-2011.00,Imam
21-2011.00,Minister
21-2011.00,Pastor
21-2011.00,Priest
21-2011.00,Rabbi
21-2011.00,Rector
21-2011.00,Worship Pastor
21-2021.00,Adult Ministries Director
21-2021.00,Campus Ministries Director
21-2021.00,Children's Ministries Director
21-2021.00,Christian Education Director
21-2021.00,Religious Education Coordinator
21-2021.00,Religious Education Director
21-2021.00,Senior Adults Director
21-2021.00,Women's Ministries Director
21-2021.00,Youth Ministries Director
21-2021.00,Youth Pastor
23-1011.00,Attorney
23-1011.00,Attorney at Law
23-1011.00,Attorney General
23-1011.00,Counsel
23-1011.00,County Attorney
23-1011.00,District Attorney
23-1011.00,General Counsel
23-1011.00,Lawyer
23-1011.00,Prosecuting Attorney
23-1011.00,Prosecutor
23-1012.00,Appellate Law Clerk
23-1012.00,Career Judicial Law Clerk
23-1012.00,Career Law Clerk
23-1012.00,Judicial Assistant
23-1012.00,Judicial Clerk
23-1012.00,Judicial Law Clerk
23-1012.00,Law Clerk
23-1012.00,Law Researcher
23-1012.00,Pro Se Law Clerk
23-1012.00,Term Law Clerk
23-1021.00,Adjudications Specialist
23-1021.00,Adjudicator
23-1021.00,Administrative Hearings Officer
23-1021.00,Administrative Judge
23-1021.00,Administrative Law Judge
23-1021.00,Appeals Examiner
23-1021.00,Appeals Referee
23-1021.00,Claims Adjudicator
23-1021.00,Hearings Officer
23-1021.00,Workers' Compensation Hearings Officer
23-1022.00,Alternative Dispute Resolution Coordinator (ADR Coordinator)
23-1022.00,Arbiter
23-1022.00,Arbitrator
23-1022.00,Divorce Mediator
23-1022.00,Family Mediator
23-1022.00,Federal Mediator
23-1022.00,Labor Arbitrator
23-1022.00,Labor Mediator
23-1022.00,Mediator
23-1022.00,Public Employment Mediator
23-1023.00,Circuit Court Judge
23-1023.00,Circuit Judge
23-1023.00,County Judge
23-1023.00,Court of Appeals Judge
23-1023.00,District Court Judge
23-1023.00,Judge
23-1023.00,Justice of the Peace
23-1023.00,Magisterial District Judge
23-1023.00,Magistrate
23-1023.00,Superior Court Judge
23-2011.00,Immigration Paralegal
23-2011.00,Law Associate
23-2011.00,Legal Analyst
23-2011.00,Legal Assistant
23-2011.00,Legal Clerk
23-2011.00,Legal Processing Assistant
23-2011.00,Litigation Paralegal
23-2011.00,Paralegal
23-2011.00,Paralegal Specialist
23-2011.00,Real Estate Paralegal
23-2093.00,Abstractor
23-2093.00,Advisory Title Officer
23-2093.00,Commercial Examiner
23-2093.00,Commercial Title Examiner
23-2093.00,Examiner
23-2093.00,Title Abstractor
23-2093.00,Title Agent
23-2093.00,Title Examiner
23-2093.00,Title Officer
23-2093.00,Title Searcher
25-1011.00,Accounting Instructor
25-1011.00,Accounting Professor
25-1011.00,Associate Professor
25-1011.00,Business Administration Professor
25-1011.00,Business Instructor
25-1011.00,Business Professor
25-1011.00,Instructor
25-1011.00,Management Professor
25-1011.00,Marketing Professor
25-1011.00,Professor
25-1021.00,Assistant Professor
25-1021.00,Associate Professor
25-1021.00,Computer Information Systems Instructor (CIS Instructor)
25-1021.00,Computer Science Instructor
25-1021.00,Computer Science Professor
25-1021.00,Faculty Member
25-1021.00,Information Technology Instructor (IT Instructor)
25-1021.00,Instructor
25-1021.00,Lecturer
25-1021.00,Professor
25-1022.00,Adjunct Mathematics Instructor
25-1022.00,Assistant Professor
25-1022.00,Associate Professor
25-1022.00,Instructor
25-1022.00,Math Teacher
25-1022.00,Mathematical Sciences Professor
25-1022.00,Mathematics Instructor (Math Instructor)
25-1022.00,Mathematics Lecturer
25-1022.00,Mathematics Professor
25-1022.00,Professor
25-1031.00,Adjunct Instructor
25-1031.00,Adjunct Professor
25-1031.00,Architecture Professor
25-1031.00,Assistant Professor
25-1031.00,Associate Professor
25-1031.00,Faculty Member
25-1031.00,Instructor
25-1031.00,Interior Design Professor
25-1031.00,Lecturer
25-1031.00,Professor
25-1032.00,Assistant Professor
25-1032.00,Associate Professor
25-1032.00,Chemical Engineering Professor
25-1032.00,Electrical Engineering Professor
25-1032.00,Engineering Instructor
25-1032.00,Engineering Professor
25-1032.00,Environmental Engineering Professor
25-1032.00,Instructor
25-1032.00,Mechanical Engineering Professor
25-1032.00,Professor
25-1041.00,Agriculture Instructor
25-1041.00,Agriculture Professor
25-1041.00,Agronomy Professor
25-1041.00,Animal Science Professor
25-1041.00,Associate Professor
25-1041.00,Horticulture Instructor
25-1041.00,Horticulture Professor
25-1041.00,Instructor
25-1041.00,Plant Science Professor
25-1041.00,Professor
25-1042.00,Anatomy Instructor
25-1042.00,Assistant Professor
25-1042.00,Associate Professor
25-1042.00,Biological Sciences Professor
25-1042.00,Biology Instructor
25-1042.00,Biology Professor
25-1042.00,Instructor
25-1042.00,Lecturer
25-1042.00,Physiology Instructor
25-1042.00,Professor
25-1043.00,Assistant Professor
25-1043.00,Associate Professor
25-1043.00,Conservation Biology Professor
25-1043.00,Extension Professor
25-1043.00,Forest Technology Professor
25-1043.00,Forestry Professor
25-1043.00,Lecturer
25-1043.00,Natural Resources Professor
25-1043.00,Professor
25-1043.00,Research Professor
25-1051.00,Assistant Professor
25-1051.00,Associate Professor
25-1051.00,Astronomy Professor
25-1051.00,Atmospheric Sciences Professor
25-1051.00,Geology Professor
25-1051.00,Instructor
25-1051.00,Meteorology Professor
25-1051.00,Oceanography Professor
25-1051.00,Professor
25-1051.00,Research Professor
25-1052.00,Assistant Professor
25-1052.00,Associate Professor
25-1052.00,Biochemistry Professor
25-1052.00,Chemistry Faculty Member
25-1052.00,Chemistry Instructor
25-1052.00,Chemistry Professor
25-1052.00,Instructor
25-1052.00,Lecturer
25-1052.00,Organic Chemistry Professor
25-1052.00,Professor
25-1053.00,Adjunct Professor
25-1053.00,Assistant Professor
25-1053.00,Associate Professor
25-1053.00,Environmental Engineering Professor
25-1053.00,Environmental Sciences Professor
25-1053.00,Environmental Studies Professor
25-1053.00,Faculty Member
25-1053.00,Instructor
25-1053.00,Lecturer
25-1053.00,Professor
25-1054.00,Adjunct Professor
25-1054.00,Assistant Professor
25-1054.00,Associate Professor
25-1054.00,Instructor
25-1054.00,Physical Science Professor
25-1054.00,Physics Instructor
25-1054.00,Physics Lecturer
25-1054.00,Physics Professor
25-1054.00,Professor
25-1054.00,Science Instructor
25-1061.00,Anthropology Department Chair
25-1061.00,Anthropology Instructor
25-1061.00,Anthropology Lecturer
25-1061.00,Anthropology Professor
25-1061.00,Archaeology Professor
25-1061.00,Assistant Professor
25-1061.00,Cultural Anthropology Professor
25-1061.00,Instructor
25-1061.00,Lecturer
25-1061.00,Professor
25-1062.00,Adjunct Professor
25-1062.00,American Studies Professor
25-1062.00,Assistant Professor
25-1062.00,Associate Professor
25-1062.00,Black Studies Professor
25-1062.00,Ethnic Studies Professor
25-1062.00,Humanities Professor
25-1062.00,Lecturer
25-1062.00,Professor
25-1062.00,Women's Studies Professor
25-1063.00,Adjunct Professor
25-1063.00,Assistant Professor
25-1063.00,Associate Professor
25-1063.00,Economics Instructor
25-1063.00,Economics Lecturer
25-1063.00,Economics Professor
25-1063.00,Finance Professor
25-1063.00,Instructor
25-1063.00,Lecturer
25-1063.00,Professor
25-1064.00,Assistant Professor
25-1064.00,Associate Professor
25-1064.00,Geography Instructor
25-1064.00,Geography Professor
25-1064.00,Human Geography Instructor
25-1064.00,Human Geography Professor
25-1064.00,Instructor
25-1064.00,Lecturer
25-1064.00,Physical Geography Professor
25-1064.00,Professor
25-1065.00,Adjunct Professor
25-1065.00,Assistant Professor
25-1065.00,Associate Professor
25-1065.00,Faculty Member
25-1065.00,Government Professor
25-1065.00,Instructor
25-1065.00,Political Science Instructor
25-1065.00,Political Science Professor
25-1065.00,Professor
25-1065.00,Public Administration Professor
25-1066.00,Adjunct Instructor
25-1066.00,Assistant Professor
25-1066.00,Associate Professor
25-1066.00,Clinical Psychology Professor
25-1066.00,Faculty Member
25-1066.00,Instructor
25-1066.00,Lecturer
25-1066.00,Professor
25-1066.00,Psychology Instructor
25-1066.00,Psychology Professor
25-1067.00,Adjunct Instructor
25-1067.00,Assistant Professor
25-1067.00,Associate Professor
25-1067.00,Faculty Member
25-1067.00,Instructor
25-1067.00,Lecturer
25-1067.00,Professor
25-1067.00,Social Science Instructor
25-1067.00,Sociology Instructor
25-1067.00,Sociology Professor
25-1071.00,Assistant Professor
25-1071.00,Associate Professor
25-1071.00,Clinical Professor
25-1071.00,Instructor
25-1071.00,Lecturer
25-1071.00,Occupational Therapy Professor
25-1071.00,Pharmacology Professor
25-1071.00,Physical Therapy Professor
25-1071.00,Professor
25-1071.00,Public Health Professor
25-1072.00,Assistant Professor
25-1072.00,Associate Professor
25-1072.00,Clinical Nursing Instructor
25-1072.00,Faculty Member
25-1072.00,Instructor
25-1072.00,Lecturer
25-1072.00,Nurse Educator
25-1072.00,Nursing Instructor
25-1072.00,Nursing Professor
25-1072.00,Professor
25-1081.00,Adjunct Instructor
25-1081.00,Assistant Professor
25-1081.00,Associate Professor
25-1081.00,Education Instructor
25-1081.00,Education Professor
25-1081.00,Faculty Member
25-1081.00,Instructor
25-1081.00,Lecturer
25-1081.00,Professor
25-1081.00,Special Education Professor
25-1082.00,Assistant Professor
25-1082.00,Associate Professor
25-1082.00,Classification Instructor
25-1082.00,Information Science Professor
25-1082.00,Instructor
25-1082.00,Lecturer
25-1082.00,Library Instructor
25-1082.00,Library Science Professor
25-1082.00,Library Technology Instructor
25-1082.00,Professor
25-1111.00,Adjunct Instructor
25-1111.00,Adjunct Professor
25-1111.00,Assistant Professor
25-1111.00,Associate Professor
25-1111.00,Criminal Justice Instructor
25-1111.00,Criminal Justice Professor
25-1111.00,Digital Forensics Instructor
25-1111.00,Instructor
25-1111.00,Justice Professor
25-1111.00,Professor
25-1112.00,Business Law Professor
25-1112.00,Clinical Law Professor
25-1112.00,Law Instructor
25-1112.00,Law Professor
25-1112.00,Legal Studies Professor
25-1112.00,Legal Writing Professor
25-1112.00,Paralegal Instructor
25-1112.00,Paralegal Studies Professor
25-1112.00,School Law Professor
25-1112.00,Special Education Law Professor
25-1113.00,Adjunct Professor
25-1113.00,Assistant Professor
25-1113.00,Clinical Professor
25-1113.00,Faculty Member
25-1113.00,Field Education Coordinator
25-1113.00,Professor
25-1113.00,Social Work Associate Professor
25-1113.00,Social Work Instructor
25-1113.00,Social Work Lecturer
25-1113.00,Social Work Professor
25-1121.00,Art History Professor
25-1121.00,Art Instructor
25-1121.00,Art Professor
25-1121.00,Assistant Professor
25-1121.00,Associate Professor
25-1121.00,Instructor
25-1121.00,Music Instructor
25-1121.00,Music Professor
25-1121.00,Professor
25-1121.00,Theater Professor
25-1122.00,Communication Arts Professor
25-1122.00,Communication Instructor
25-1122.00,Communication Lecturer
25-1122.00,Communication Professor
25-1122.00,Communication Skills Instructor
25-1122.00,Communication Studies Professor
25-1122.00,Journalism Professor
25-1122.00,Mass Communications Professor
25-1122.00,Speech Instructor
25-1122.00,Speech Professor
25-1123.00,Assistant Professor
25-1123.00,Associate Professor
25-1123.00,Creative Writing Professor
25-1123.00,English Instructor
25-1123.00,English Professor
25-1123.00,Humanities Professor
25-1123.00,Instructor
25-1123.00,Lecturer
25-1123.00,Literature Professor
25-1123.00,Professor
25-1124.00,Assistant Professor
25-1124.00,Associate Professor
25-1124.00,Foreign Languages Professor
25-1124.00,French Professor
25-1124.00,German Professor
25-1124.00,Instructor
25-1124.00,Modern Languages Professor
25-1124.00,Professor
25-1124.00,Spanish Instructor
25-1124.00,Spanish Professor
25-1125.00,Adjunct History Instructor
25-1125.00,Adjunct Instructor
25-1125.00,Assistant Professor
25-1125.00,Associate Professor
25-1125.00,History Instructor
25-1125.00,History Professor
25-1125.00,History Teacher
25-1125.00,Instructor
25-1125.00,Lecturer
25-1125.00,Professor
25-1126.00,Assistant Professor
25-1126.00,Associate Professor
25-1126.00,Humanities Professor
25-1126.00,Instructor
25-1126.00,Philosophy Instructor
25-1126.00,Philosophy Professor
25-1126.00,Professor
25-1126.00,Religion Professor
25-1126.00,Religious Studies Professor
25-1126.00,Theology Professor
25-1192.00,Assistant Professor
25-1192.00,Associate Professor
25-1192.00,Child Development Instructor
25-1192.00,Dietetics Professor
25-1192.00,Family and Consumer Sciences Professor (FCS Professor)
25-1192.00,Food and Nutrition Professor
25-1192.00,Human Development Professor
25-1192.00,Instructor
25-1192.00,Lecturer
25-1192.00,Professor
25-1193.00,Adjunct Professor
25-1193.00,Assistant Professor
25-1193.00,Associate Professor
25-1193.00,Health and Human Performance Professor
25-1193.00,Health and Physical Education Professor (HPE Professor)
25-1193.00,"Health, Physical Education, and Recreation Professor (HPER Professor)"
25-1193.00,Instructor
25-1193.00,Kinesiology Professor
25-1193.00,Physical Education Professor (PE Professor)
25-1193.00,Professor
25-1194.00,Automotive Instructor
25-1194.00,Automotive Technology Instructor
25-1194.00,Cosmetology Instructor
25-1194.00,Flight Instructor
25-1194.00,"HVAC-R Instructor (Heating, Ventilation, Air Conditioning, And Refrigeration Instructor)"
25-1194.00,Instructor
25-1194.00,Professor
25-1194.00,Teacher
25-1194.00,Welding Instructor
25-2011.00,Child Development Teacher
25-2011.00,Early Childhood Teacher
25-2011.00,Group Teacher
25-2011.00,Infant Teacher
25-2011.00,Montessori Preschool Teacher
25-2011.00,Nursery Teacher
25-2011.00,Pre-Kindergarten Teacher (Pre-K Teacher)
25-2011.00,Teacher
25-2011.00,Toddler Teacher
25-2012.00,Bilingual Kindergarten Teacher
25-2012.00,Classroom Teacher
25-2012.00,Educator
25-2012.00,Instructor
25-2012.00,Kinder Teacher
25-2012.00,Kindergarten Classroom Teacher
25-2012.00,Teacher
25-2012.00,Title One Kindergarten Teacher
25-2012.00,Transitional Kindergarten Teacher
25-2021.00,Art Teacher
25-2021.00,Classroom Teacher
25-2021.00,Elementary Classroom Teacher
25-2021.00,Elementary School Teacher
25-2021.00,Elementary Teacher
25-2021.00,Math Teacher (Mathematics Teacher)
25-2021.00,Music Teacher
25-2021.00,Primary Teacher
25-2021.00,Reading Teacher
25-2021.00,Teacher
25-2022.00,Art Teacher
25-2022.00,English Teacher
25-2022.00,Language Arts Teacher (LA Teacher)
25-2022.00,Math Teacher (Mathematics Teacher)
25-2022.00,Middle School Teacher
25-2022.00,Music Teacher
25-2022.00,PE Teacher (Physical Education Teacher)
25-2022.00,Science Teacher
25-2022.00,Social Studies Teacher
25-2022.00,Teacher
25-2023.00,Agriscience Technology Instructor (Agriculture Science Technology Instructor)
25-2023.00,Business Education Teacher
25-2023.00,Career and Technology Education Teacher (CTE Teacher)
25-2023.00,Career Discovery Teacher
25-2023.00,Computer Technology Teacher
25-2023.00,Family and Consumer Sciences Teacher (FACS Teacher)
25-2023.00,Industrial Arts Teacher
25-2023.00,Industrial Technology Teacher
25-2023.00,Technology Education Teacher (Tech Ed Teacher)
25-2023.00,Vocational Teacher
25-2031.00,Art Teacher
25-2031.00,English Teacher
25-2031.00,Math Teacher (Mathematics Teacher)
25-2031.00,Music Teacher
25-2031.00,PE Teacher (Physical Education Teacher)
25-2031.00,Science Teacher
25-2031.00,Secondary Teacher
25-2031.00,Social Studies Teacher
25-2031.00,Spanish Teacher
25-2031.00,Teacher
25-2032.00,Agricultural Education Teacher
25-2032.00,Auto Technology Instructor (Automotive Technology Instructor)
25-2032.00,Career and Technical Education Teacher (CTE Teacher)
25-2032.00,Cosmetology Teacher
25-2032.00,Family and Consumer Sciences Teacher (FACS Teacher)
25-2032.00,Instructor
25-2032.00,Teacher
25-2032.00,Technology Education Teacher
25-2032.00,Vocational Teacher
25-2032.00,Welding Instructor
25-2051.00,Early Childhood Special Education Teacher (ECSE Teacher)
25-2051.00,Early Intervention Teacher
25-2051.00,Exceptional Student Education Teacher (ESE Teacher)
25-2051.00,Preschool SPED Teacher (Preschool Special Education Teacher)
25-2051.00,Profound Mental Handicaps SPED Teacher (Profound Mental Handicaps Special Education Teacher)
25-2051.00,Severe Mental Handicaps SPED Teacher (Severe Mental Handicaps Special Education Teacher)
25-2051.00,Special Education Resource Teacher
25-2051.00,Special Education Teacher
25-2051.00,Special Needs Teacher
25-2051.00,SPED Preschool Teacher (Special Education Preschool Teacher)
25-2055.00,Deaf Teacher
25-2055.00,Emotional Disabilities Teacher
25-2055.00,Hearing Impaired Itinerant Teacher (HI Itinerant Teacher)
25-2055.00,K-1 SPED Teacher (Kindergarten through First Grade Special Education Teacher)
25-2055.00,Kindergarten SPED Teacher (Kindergarten Special Education Teacher)
25-2055.00,Life Skills Teacher
25-2055.00,Special Education Inclusion Teacher
25-2055.00,Special Education Kindergarten Teacher
25-2055.00,Special Education Resource Teacher
25-2055.00,SPED Teacher (Special Education Teacher)
25-2056.00,Deaf and Hard of Hearing Teacher (DHH Teacher)
25-2056.00,Emotional Disabilities Teacher
25-2056.00,Hearing Impaired Itinerant Teacher (HI Itinerant Teacher)
25-2056.00,Learning Support Teacher
25-2056.00,Resource Program Teacher
25-2056.00,Severe Emotional Disorders Elementary Teacher (SED Elementary Teacher)
25-2056.00,Special Educator
25-2056.00,SPED Inclusion Teacher (Special Education Inclusion Teacher)
25-2056.00,SPED Resource Teacher (Special Education Resource Teacher)
25-2056.00,SPED Teacher (Special Education Teacher)
25-2057.00,ED SPED Teacher (Emotional Disabilities Special Education Teacher)
25-2057.00,Interrelated SPED Teacher (Interrelated Special Education Teacher)
25-2057.00,Learning Disabilities Teacher (LD Teacher)
25-2057.00,Learning Support Teacher
25-2057.00,Middle School Resource Teacher
25-2057.00,MS SPED Teacher (Middle School Special Education Teacher)
25-2057.00,Self-Contained SPED Teacher (Self-Contained Special Education Teacher)
25-2057.00,SLD Teacher (Specific Learning Disability Teacher)
25-2057.00,SPED Resource Teacher (Special Education Resource Teacher)
25-2057.00,SPED Teacher (Special Education Teacher)
25-2058.00,Education Specialist
25-2058.00,Emotional Disability Special Education Teacher (ED SPED Teacher)
25-2058.00,Exceptional Student Education Teacher (ESE Teacher)
25-2058.00,Handicapped Teacher
25-2058.00,HS SPED Teacher (High School Special Education Teacher)
25-2058.00,Learning Disabilities Special Education Teacher (LD Special Education Teacher)
25-2058.00,Learning Support Teacher
25-2058.00,Special Day Class Teacher (SDC Teacher)
25-2058.00,SPED Resource Teacher (Special Education Resource Teacher)
25-2058.00,SPED Teacher (Special Education Teacher)
25-2059.01,Adapted Aquatics Instructor
25-2059.01,Adapted Physical Activity Specialist
25-2059.01,Adapted Physical Educator
25-2059.01,APE Consultant (Adapted Physical Education Consultant)
25-2059.01,APE Instructional Specialist (Adapted Physical Education Instructional Specialist)
25-2059.01,APE Teacher (Adapted Physical Education Teacher)
25-2059.01,Certified Adapted Physical Educator
25-2059.01,DAPE Specialist (Developmental Adapted Physical Education Specialist)
25-2059.01,DAPE Teacher (Developmental Adapted Physical Education Teacher)
25-2059.01,PE Teacher (Physical Education Teacher)
25-3011.00,Adult Basic Education Instructor (ABE Instructor)
25-3011.00,Adult Basic Education Teacher (ABE Teacher)
25-3011.00,Adult Education Instructor
25-3011.00,Adult Education Teacher
25-3011.00,ESL Instructor (English as a Second Language Instructor)
25-3011.00,ESL Teacher (English as a Second Language Teacher)
25-3011.00,ESOL Teacher (English for Speakers of Other Languages Teacher)
25-3011.00,GED Instructor (General Educational Development Instructor)
25-3011.00,GED Teacher (General Educational Development Teacher)
25-3011.00,Teacher
25-3021.00,Art Teacher
25-3021.00,Dance Instructor
25-3021.00,Dance Teacher
25-3021.00,Driving Instructor
25-3021.00,Flight Instructor
25-3021.00,Instructor
25-3021.00,Martial Arts Instructor
25-3021.00,Music Instructor
25-3021.00,Piano Teacher
25-3021.00,Teacher
25-3031.00,Building Sub (Building Substitute)
25-3031.00,Building Sub Teacher (Building Substitute Teacher)
25-3031.00,Child Development Sub Teacher (Child Development Substitute Teacher)
25-3031.00,ESL Sub (English as a Second Language Substitute)
25-3031.00,HS Sub Teacher (High School Substitute Teacher)
25-3031.00,Pre-School Sub Teacher (Pre-School Substitute Teacher)
25-3031.00,Short-Term Sub Teacher (Short-Term Substitute Teacher)
25-3031.00,Sub (Substitute)
25-3031.00,Sub Teacher (Substitute Teacher)
25-3041.00,Academic Coach
25-3041.00,Academic Guidance Specialist
25-3041.00,Accounting Tutor
25-3041.00,Finance Tutor
25-3041.00,Grade School Tutor
25-3041.00,Private Mathematics Tutor
25-3041.00,Private Tutor
25-3041.00,Professional Tutor
25-3041.00,Tutor
25-4011.00,Accessioning Archivist
25-4011.00,Archivist
25-4011.00,Digital Archivist
25-4011.00,Film Archivist
25-4011.00,Museum Archivist
25-4011.00,Records Manager
25-4011.00,Reference Archivist
25-4011.00,Registrar
25-4011.00,State Archivist
25-4011.00,University Archivist
25-4012.00,Collections Curator
25-4012.00,Collections Manager
25-4012.00,Curator
25-4012.00,Education Curator
25-4012.00,Exhibitions Curator
25-4012.00,Exhibits Curator
25-4012.00,Museum Curator
25-4012.00,Photography Curator
25-4012.00,Vertebrate Zoology Curator
25-4013.00,Conservation Technician (Conservation Tech)
25-4013.00,Conservator
25-4013.00,Exhibit Technician (Exhibit Tech)
25-4013.00,Museum Registrar
25-4013.00,Museum Technician (Museum Tech)
25-4013.00,Objects Conservator
25-4013.00,Paintings Conservator
25-4013.00,Paper Conservator
25-4013.00,Preparator
25-4013.00,Textile Conservator
25-4022.00,Catalog Librarian
25-4022.00,Cataloger
25-4022.00,Librarian
25-4022.00,Library Media Specialist
25-4022.00,Reference and Instruction Librarian
25-4022.00,Reference Librarian
25-4022.00,Research Librarian
25-4022.00,School Librarian
25-4022.00,Technical Services Librarian
25-4022.00,University Librarian
25-4031.00,Circulation Clerk
25-4031.00,Library Aide
25-4031.00,Library Assistant
25-4031.00,Library Associate
25-4031.00,Library Clerk
25-4031.00,Library Media Technician
25-4031.00,Library Specialist
25-4031.00,Library Technical Assistant (LTA)
25-4031.00,Library Technician
25-4031.00,Page Technician
25-9021.00,4-H Youth Development Educator
25-9021.00,4-H Youth Development Specialist
25-9021.00,4-H Youth Educator
25-9021.00,Agricultural Extension Educator
25-9021.00,Community Educator
25-9021.00,Extension Agent
25-9021.00,Extension Educator
25-9021.00,Extension Specialist
25-9021.00,Family and Consumer Sciences Extension Agent
25-9021.00,Family Development Extension Specialist
25-9031.00,Curriculum and Instruction Director
25-9031.00,Curriculum Coordinator
25-9031.00,Curriculum Director
25-9031.00,Curriculum Specialist
25-9031.00,Education Specialist
25-9031.00,Instructional Designer
25-9031.00,Instructional Systems Specialist
25-9031.00,Instructional Technologist
25-9031.00,Learning Development Specialist
25-9031.00,Program Administrator
25-9042.00,Classroom Aide
25-9042.00,Educational Assistant
25-9042.00,Instructional Assistant
25-9042.00,Kindergarten Assistant
25-9042.00,Paraeducator
25-9042.00,Paraprofessional
25-9042.00,Preschool Aide
25-9042.00,TA (Teacher Assistant)
25-9042.00,TA (Teaching Assistant)
25-9042.00,Teacher Aide
25-9043.00,Assistant Instructor
25-9043.00,Co-Teacher
25-9043.00,Educational Assistant
25-9043.00,Paraeducator
25-9043.00,Paraprofessional (Para)
25-9043.00,SPED Aide (Special Education Aide)
25-9043.00,SPED Para (Special Education Paraprofessional)
25-9043.00,SPED TA (Special Education Teacher Assistant)
25-9043.00,TA (Teacher's Assistant)
25-9043.00,Teacher's Aide
25-9044.00,Graduate Assistant
25-9044.00,Graduate Fellow
25-9044.00,Graduate Research Assistant
25-9044.00,Graduate Student
25-9044.00,Graduate Student Instructor (GSI)
25-9044.00,Graduate Teaching Assistant (GTA)
25-9044.00,Research Assistant (RA)
25-9044.00,Teaching Assistant (TA)
25-9044.00,Teaching Fellow
27-1011.00,Art Director
27-1011.00,Art Supervisor
27-1011.00,Creative Director (CD Director)
27-1011.00,Creative Manager
27-1011.00,Creative Services Director
27-1011.00,Creative Services Manager
27-1011.00,Design Director
27-1011.00,Graphic Design and Art Production Manager
27-1011.00,Group Art Supervisor
27-1011.00,Presentation Director
27-1012.00,Artist
27-1012.00,Ceramic Artist
27-1012.00,Decorative Arts Production Artist
27-1012.00,Fiber Artist
27-1012.00,Fine Craft Artist
27-1012.00,Glass Artist
27-1012.00,Goldsmith
27-1012.00,Hand-Weaver
27-1012.00,Tapestry Artist
27-1012.00,Textile Artist
27-1013.00,Artist
27-1013.00,Automotive Artist
27-1013.00,Blacksmith
27-1013.00,Fine Artist
27-1013.00,Ice Carver
27-1013.00,Illustrator
27-1013.00,Muralist
27-1013.00,Painter
27-1013.00,Portrait Artist
27-1013.00,Sculptor
27-1014.00,3D Animator (Three-Dimensional Animator)
27-1014.00,3D Artist (Three-Dimensional Artist)
27-1014.00,Animator
27-1014.00,Artist
27-1014.00,Digital Artist
27-1014.00,Graphic Artist
27-1014.00,Motion Graphics Artist
27-1014.00,Multimedia Producer
27-1021.00,Design Engineer
27-1021.00,Designer
27-1021.00,Industrial Designer
27-1021.00,Mechanical Designer
27-1021.00,Mold Designer
27-1021.00,Product Design Engineer
27-1021.00,Product Designer
27-1021.00,Product Development Engineer
27-1021.00,Sign Designer
27-1022.00,Apparel and Accessories Designer
27-1022.00,Apparel Designer
27-1022.00,Costume Designer
27-1022.00,Designer
27-1022.00,Fashion Design Contractor
27-1022.00,Fashion Designer
27-1022.00,Fashion Graphic Designer
27-1022.00,Fashion Stylist
27-1022.00,Handbag Designer
27-1022.00,Product Developer
27-1023.00,Floral Artist
27-1023.00,Floral Business Owner
27-1023.00,Floral Clerk
27-1023.00,Floral Studio Designer
27-1023.00,Florist
27-1023.00,Wedding Decorator
27-1024.00,Artist
27-1024.00,Brand Designer
27-1024.00,Designer
27-1024.00,Graphic Artist
27-1024.00,Graphic Design Coordinator
27-1024.00,Graphic Designer
27-1024.00,Online Producer
27-1024.00,Production Artist
27-1024.00,Publications Designer
27-1024.00,Technical Illustrator
27-1025.00,Certified Kitchen Designer
27-1025.00,Color and Materials Designer
27-1025.00,Commercial Interior Designer
27-1025.00,Decorating Consultant
27-1025.00,Designer
27-1025.00,Interior Decorator
27-1025.00,Interior Design Consultant
27-1025.00,Interior Design Coordinator
27-1025.00,Interior Designer
27-1025.00,Registered Interior Designer
27-1026.00,Decorator
27-1026.00,Display Associate
27-1026.00,Display Decorator
27-1026.00,Display Specialist
27-1026.00,In-Store Marketing Associate
27-1026.00,Merchandiser
27-1026.00,Visual Merchandiser (VM)
27-1026.00,Visual Merchandising Specialist
27-1027.00,Designer
27-1027.00,Display Coordinator
27-1027.00,Exhibit Coordinator
27-1027.00,Exhibit Designer
27-1027.00,Exhibit Preparator
27-1027.00,Historical Society Window Dresser
27-1027.00,Installations Designer
27-1027.00,Projection Designer
27-1027.00,Scenic Designer
27-1027.00,Set Designer
27-2011.00,Actress
27-2011.00,Comedian
27-2011.00,Community Theater Actor
27-2011.00,Entertainer
27-2011.00,Film Actor
27-2011.00,Motion Capture Actor
27-2011.00,Role Player
27-2011.00,Tour Actor
27-2011.00,Voice Actor
27-2011.00,Voice-Over Artist
27-2012.00,Artistic Director
27-2012.00,Director
27-2012.00,Executive Producer
27-2012.00,Multimedia Producer
27-2012.00,News Producer
27-2012.00,Producer
27-2012.00,Production Director
27-2012.00,Radio Producer
27-2012.00,Television News Producer (TV News Producer)
27-2012.00,Television Producer (TV Producer)
27-2012.03,Broadcast Content Manager
27-2012.03,News Director
27-2012.03,Newscast Director
27-2012.03,Production Director
27-2012.03,Program Coordinator
27-2012.03,Program Director (PD)
27-2012.03,Program Manager
27-2012.03,Programming Director
27-2012.03,Station Manager
27-2012.03,TV Program Director (Television Program Director)
27-2012.04,Artistic Director
27-2012.04,Casting Agent
27-2012.04,Casting Coordinator
27-2012.04,Casting Director
27-2012.04,Extras Casting Director
27-2012.04,Model Booker
27-2012.04,Talent Producer
27-2012.04,Talent Scout
27-2012.05,Broadcast Director
27-2012.05,News Technical Director
27-2012.05,Newscast Director
27-2012.05,Operations Director
27-2012.05,Production Director
27-2012.05,Production Manager
27-2012.05,Studio Director
27-2012.05,Technical Director
27-2021.00,Baseball Pitcher
27-2021.00,Baseball Player
27-2021.00,Basketball Player
27-2021.00,Golf Professional
27-2021.00,Hockey Player
27-2021.00,Major League Baseball Player
27-2021.00,Minor League Baseball Player
27-2021.00,Professional Athlete
27-2021.00,Professional Golf Tournament Player
27-2021.00,Race Car Driver
27-2022.00,Baseball Coach
27-2022.00,Basketball Coach
27-2022.00,Coach
27-2022.00,Cross Country Coach
27-2022.00,Football Coach
27-2022.00,Gymnastics Coach
27-2022.00,Soccer Coach
27-2022.00,Softball Coach
27-2022.00,Track and Field Coach
27-2022.00,Volleyball Coach
27-2023.00,Basketball Referee
27-2023.00,Diving Judge
27-2023.00,Dressage Judge
27-2023.00,Football Referee
27-2023.00,Horse Show Judge
27-2023.00,Major League Baseball Umpire (MLB Umpire)
27-2023.00,Referee
27-2023.00,Soccer Referee
27-2023.00,Softball Umpire
27-2023.00,Sports Official
27-2031.00,Ballerina
27-2031.00,Ballet Company Member
27-2031.00,Ballet Dancer
27-2031.00,Ballet Soloist
27-2031.00,Belly Dancer
27-2031.00,Company Dancer
27-2031.00,Dancer
27-2031.00,Latin Dancer
27-2031.00,Performing Artist
27-2031.00,Soloist Dancer
27-2032.00,Ballet Director
27-2032.00,Choreographer
27-2032.00,Dance Director
27-2032.00,Dance Maker
27-2032.00,Musical Choreographer
27-2032.00,Opera Choreographer
27-2041.00,Arranger
27-2041.00,Choir Director
27-2041.00,Composer
27-2041.00,Conductor
27-2041.00,Music Composer
27-2041.00,Music Director
27-2041.00,Music Producer
27-2041.00,Orchestra Director
27-2041.00,Songwriter
27-2042.00,Chorister
27-2042.00,Drummer
27-2042.00,Musician
27-2042.00,Opera Singer
27-2042.00,Orchestra Musician
27-2042.00,Percussionist
27-2042.00,Performer
27-2042.00,Singer
27-2042.00,Violinist
27-2042.00,Vocalist
27-2091.00,DJ (Disk Jockey)
27-2091.00,MC (Master of Ceremonies)
27-2091.00,Mobile Disc Jockey (Mobile DJ)
27-2091.00,Wedding Disc Jockey (Wedding DJ)
27-3011.00,Anchor
27-3011.00,Announcer
27-3011.00,DJ (Disc Jockey)
27-3011.00,Host
27-3011.00,Morning Show Host
27-3011.00,On-Air Host
27-3011.00,On-Air Personality
27-3011.00,Radio Announcer
27-3011.00,Sports Anchor
27-3011.00,Television News Anchor (TV News Anchor)
27-3023.00,Anchor
27-3023.00,Journalist
27-3023.00,Multimedia Journalist
27-3023.00,News Anchor
27-3023.00,News Reporter
27-3023.00,Reporter
27-3023.00,Staff Writer
27-3023.00,TV News Anchor (Television News Anchor)
27-3023.00,TV News Reporter (Television News Reporter)
27-3023.00,TV Reporter (Television Reporter)
27-3031.00,Communications Specialist
27-3031.00,Community Relations Coordinator
27-3031.00,Corporate Communications Specialist
27-3031.00,Information and Communications Specialist
27-3031.00,Media Relations Specialist
27-3031.00,Public Affairs Specialist
27-3031.00,Public Information Officer
27-3031.00,Public Information Specialist
27-3031.00,Public Relations Coordinator (PR Coordinator)
27-3031.00,Public Relations Specialist (PR Specialist)
27-3041.00,Acquisitions Editor
27-3041.00,Assignment Editor
27-3041.00,Business Editor
27-3041.00,Features Editor
27-3041.00,Legal Editor
27-3041.00,Newspaper Copy Editor
27-3041.00,Opinions Page Editor
27-3041.00,Publishing Editor
27-3041.00,Science Editor
27-3041.00,Sports Editor
27-3042.00,Com Writer
27-3042.00,Engineering Writer
27-3042.00,Global Technical Writer
27-3042.00,Grant Writer
27-3042.00,Medical Writer
27-3042.00,Narrative Writer
27-3042.00,Principal Technical Writer
27-3042.00,Requirements Analyst
27-3042.00,Technical Report Writer
27-3043.00,Advertising Copywriter
27-3043.00,Advertising Writer
27-3043.00,Author
27-3043.00,Content Marketing Writer
27-3043.00,Copywriter
27-3043.00,Freelance Copywriter
27-3043.00,Freelance Writer
27-3043.00,Search Engine Optimization Copywriter (SEO Copywriter)
27-3043.00,Web Content Writer
27-3043.00,Writer
27-3043.05,Author
27-3043.05,Creative Writer
27-3043.05,Fiction Writer
27-3043.05,Freelance Writer
27-3043.05,Librettist
27-3043.05,Lyricist
27-3043.05,Nonfiction Writer
27-3043.05,Novelist
27-3043.05,Poet
27-3043.05,Songwriter
27-3091.00,American Sign Language Interpreter (ASL Interpreter)
27-3091.00,Court Interpreter
27-3091.00,Educational Interpreter
27-3091.00,Interpreter
27-3091.00,Linguist
27-3091.00,Medical Interpreter
27-3091.00,Sign Language Interpreter
27-3091.00,Spanish Interpreter
27-3091.00,Spanish Translator
27-3091.00,Translator
27-3092.00,Captioner
27-3092.00,Certified Shorthand Reporter (CSR)
27-3092.00,Court Recorder
27-3092.00,Court Reporter
27-3092.00,Court Stenographer
27-3092.00,Deposition Reporter
27-3092.00,Digital Court Reporter
27-3092.00,Official Court Reporter
27-3092.00,Realtime Court Reporter
27-3092.00,Stenographer
27-4011.00,Audio Technician
27-4011.00,Audio Visual Specialist (AV Specialist)
27-4011.00,AV Tech (Audio Visual Technician)
27-4011.00,Media Technician
27-4011.00,Operations Technician
27-4011.00,Stagehand
27-4011.00,Video Technician
27-4012.00,Audio Engineer
27-4012.00,Board Operator
27-4012.00,Broadcast Engineer
27-4012.00,Broadcast Maintenance Engineer
27-4012.00,Broadcast Operations Engineer
27-4012.00,Broadcast Operations Technician (Broadcast Ops Tech)
27-4012.00,Broadcast Systems Support Engineer
27-4012.00,Control Operator
27-4012.00,Production Engineer
27-4012.00,Radio Technician (Radio Tech)
27-4014.00,Audio Engineer
27-4014.00,Audio Operator
27-4014.00,Mastering Engineer
27-4014.00,Mixing Engineer
27-4014.00,Mixing Technician (Mixing Tech)
27-4014.00,Music Producer
27-4014.00,Recording Engineer
27-4014.00,Sound Editor
27-4014.00,Sound Engineer
27-4014.00,Sound Technician (Sound Tech)
27-4021.00,Advertising Photographer
27-4021.00,Commercial Photographer
27-4021.00,Graduation Photographer
27-4021.00,Newspaper Photographer
27-4021.00,Photo Editor
27-4021.00,Photographer
27-4021.00,Photojournalist
27-4021.00,Portrait Photographer
27-4021.00,Sports Photographer
27-4021.00,Studio Photographer
27-4031.00,Camera Operator
27-4031.00,Cameraman
27-4031.00,Master Control Operator (MCO)
27-4031.00,News Videographer
27-4031.00,Production Technician
27-4031.00,Studio Camera Operator
27-4031.00,Television News Photographer
27-4031.00,Videographer
27-4032.00,Editor
27-4032.00,Film Editor
27-4032.00,News Editor
27-4032.00,News Video Editor
27-4032.00,News Videotape Editor
27-4032.00,Non-Linear Editor
27-4032.00,Online Editor
27-4032.00,Tape Editor
27-4032.00,Television News Video Editor
27-4032.00,Video Editor
29-1011.00,Chiropractic Doctor (DC)
29-1011.00,Chiropractic Neurologist
29-1011.00,Chiropractic Physician
29-1021.00,DDS (Dental Surgery Doctor)
29-1021.00,Dentist
29-1021.00,DMD (Dental Medicine Doctor)
29-1021.00,Endodontist
29-1021.00,Family Dentist
29-1021.00,General Dentist
29-1021.00,Pediatric Dentist
29-1021.00,Pedodontist
29-1021.00,Periodontist
29-1022.00,DDS (Dental Surgery Doctor)
29-1022.00,Maxillofacial Surgeon
29-1022.00,Oral and Maxillofacial Surgery Resident
29-1022.00,Oral Surgeon
29-1022.00,Surgeon
29-1023.00,Board Certified Orthodontist
29-1023.00,Orthodontic Dentist
29-1023.00,Orthodontic Specialist
29-1023.00,Orthodontics and Dentofacial Orthopedics Specialist
29-1023.00,Orthodontics Doctor
29-1023.00,Orthodontist
29-1024.00,DDS (Doctor of Dental Surgery)
29-1024.00,Dental Science Dr (Dental Science Doctor)
29-1024.00,Denturist
29-1024.00,Maxillofacial Prosthodontist
29-1024.00,Prosthetic Dentist
29-1024.00,Prosthodontist
29-1024.00,Reconstructive Dentist
29-1024.00,Removable Prosthodontist
29-1024.00,Restorative Dentist
29-1031.00,Clinical Dietician
29-1031.00,Clinical Dietitian
29-1031.00,Clinical Nutritionist
29-1031.00,Dietitian
29-1031.00,Nutritionist
29-1031.00,Oncology Dietitian
29-1031.00,Outpatient Dietitian
29-1031.00,Registered Dietician
29-1031.00,Registered Dietitian
29-1031.00,Renal Dietitian
29-1041.00,Optometrist
29-1041.00,Optometry Doctor (OD)
29-1041.00,Therapeutic Optometrist
29-1051.00,Clinical Pharmacist
29-1051.00,Clinical Pharmacy Specialist (CPS)
29-1051.00,Community Pharmacist
29-1051.00,Hospital Pharmacist
29-1051.00,Inpatient Pharmacist
29-1051.00,Pharm D (Pharmacy Doctor)
29-1051.00,Pharmacy Informaticist
29-1051.00,Pharmacy Services Clinical Coordinator
29-1051.00,Registered Pharmacist
29-1051.00,Retail Pharmacist
29-1071.00,Cardiology Physician Assistant
29-1071.00,Certified Physician Assistant (PA-C)
29-1071.00,Emergency Medicine Physician Assistant (Emergency Medicine PA)
29-1071.00,Family Practice Physician Assistant
29-1071.00,Orthopaedic Physician Assistant
29-1071.00,Orthopedic Physician Assistant
29-1071.00,Physician Assistant (PA)
29-1071.00,Physician's Assistant
29-1071.00,Surgical Critical Care Physician Assistant (Surgical Critical Care PA)
29-1071.00,Surgical Physician Assistant (Surgical PA)
29-1071.01,Anesthesia Assistant
29-1071.01,Anesthesia Orderly
29-1071.01,Anesthesia Technician (Anesthesia Tech)
29-1071.01,Anesthesiology Assistant
29-1071.01,Anesthesiology Technician (Anesthesiology Tech)
29-1071.01,CAA (Certified Anesthesiologist Assistant)
29-1071.01,CAA (Certified Anesthesiology Assistant)
29-1071.01,Cardiothoracic Anesthesia Technician (Cardiothoracic Anesthesia Tech)
29-1071.01,Cer.AT (Certified Anesthesia Technician)
29-1071.01,Cer.ATT (Certified Anesthesia Technologist)
29-1081.00,Attending Physician
29-1081.00,Doctor of Podiatric Medicine (DPM)
29-1081.00,Doctor of Podiatric Medicine and Surgery (DPM and Surgery)
29-1081.00,Doctor Podiatric Medicine (DPM)
29-1081.00,Foot and Ankle Surgeon
29-1081.00,Physician
29-1081.00,Podiatric Physician
29-1081.00,Podiatric Surgeon
29-1081.00,Podiatrist
29-1122.00,Assistive Technology Trainer
29-1122.00,Certified Hand Therapist (CHT)
29-1122.00,Early Intervention Occupational Therapist
29-1122.00,Home Health Occupational Therapist
29-1122.00,Industrial Rehabilitation Consultant
29-1122.00,Occupational Therapist (OT)
29-1122.00,Pediatric Occupational Therapist (Pediatric OT)
29-1122.00,Pediatrics and Acute Care Occupational Therapist
29-1122.00,Registered Occupational Therapist (OTR)
29-1122.01,Certified Low Vision Therapist (CLVT)
29-1122.01,Certified Orientation and Mobility Specialist (COMS)
29-1122.01,Mobility Specialist
29-1122.01,Orientation and Mobility Instructor (O and M Instructor)
29-1122.01,Orientation and Mobility Specialist (O and M Specialist)
29-1122.01,Rehabilitation Teacher
29-1122.01,Rehabilitation Therapist
29-1122.01,Students with Visual Impairments Teacher (TVI)
29-1122.01,Vision Rehabilitation Therapist (VRT)
29-1122.01,Visually Impaired Teacher (TVI)
29-1123.00,Acute Care PT (Acute Care Physical Therapist)
29-1123.00,Doctor of Physical Therapy (DPT)
29-1123.00,Home Care Physical Therapist (Home Care PT)
29-1123.00,Inpatient Physical Therapist (Inpatient PT)
29-1123.00,Outpatient Physical Therapist (Outpatient PT)
29-1123.00,Pediatric Physical Therapist (Pediatric PT)
29-1123.00,Registered Physical Therapist (RPT)
29-1123.00,Therapist
29-1124.00,Computed Tomography Simulation Therapist (CT Simulation Therapist)
29-1124.00,Dosimetrist
29-1124.00,Radiation Therapist (RT)
29-1124.00,Radiation Therapy Technologist (RTT)
29-1124.00,Registered Radiation Therapist
29-1124.00,Staff Radiation Therapist
29-1125.00,Activities Coordinator
29-1125.00,Certified Therapeutic Recreation Specialist (CTRS)
29-1125.00,General Activities Therapist
29-1125.00,Recreation Therapist
29-1125.00,Recreational Therapist
29-1125.00,Recreational Therapy Program Coordinator
29-1125.00,Rehabilitation Therapist
29-1125.00,Therapeutic Recreation Specialist
29-1125.00,Therapeutic Specialist
29-1125.00,Therapist
29-1126.00,CRRT (Cardiopulmonary Rehabilitation Respiratory Therapist)
29-1126.00,CRT (Certified Respiratory Therapist)
29-1126.00,Diagnostics RRT (Diagnostics Registered Respiratory Therapist)
29-1126.00,Infant RT (Infant Respiratory Therapist)
29-1126.00,Licensed CRT (Licensed Certified Respiratory Therapist)
29-1126.00,Licensed RT (Licensed Respiratory Therapist)
29-1126.00,Registered Respiratory Care Practitioner (Registered RCP)
29-1126.00,Registered Respiratory Practitioner
29-1126.00,Respiratory Care Practitioner (RCP)
29-1126.00,RRT (Registered Respiratory Therapist)
29-1127.00,Bilingual Speech-Language Pathologist (Bilingual SLP)
29-1127.00,Pediatric Speech-Language Pathologist (Pediatric SLP)
29-1127.00,Speech and Language Clinician
29-1127.00,Speech and Language Specialist
29-1127.00,Speech and Language Teacher
29-1127.00,Speech and Language Therapist
29-1127.00,Speech Clinician
29-1127.00,Speech Pathologist
29-1127.00,Speech Therapist
29-1127.00,Speech-Language Pathologist (SLP)
29-1128.00,Bariatric Weight Loss Counselor
29-1128.00,Cardiopulmonary Rehabilitation Practitioner
29-1128.00,Cardiopulmonary Rehabilitation Therapist
29-1128.00,Certified Exercise Physiologist (Certified EP)
29-1128.00,Clinical Cardiac Exercise Physiologist
29-1128.00,Clinical Exercise Physiologist
29-1128.00,Clinical Exercise Specialist
29-1128.00,Exercise Scientist
29-1128.00,Exercise Specialist
29-1128.00,Lifestyle and Weight Management Consultant
29-1129.01,Activity Therapy Specialist
29-1129.01,Art Psychotherapist
29-1129.01,ATR (Registered Art Therapist)
29-1129.01,ATR-BC (Board Certified Art Therapist)
29-1129.01,Clinical Art Therapist
29-1129.01,Creative Arts Therapist
29-1129.01,Expressive Arts Therapist
29-1129.01,Oncology Art Therapist
29-1129.01,Therapist
29-1129.02,Board Certified Music Therapist (MT-BC)
29-1129.02,LCAT (Licensed Creative Arts Therapist)
29-1129.02,Music Therapist
29-1129.02,Neurologic Music Therapist
29-1129.02,Public School System Music Therapist
29-1129.02,Therapist
29-1131.00,Companion Animal Practitioner
29-1131.00,Doctor of Veterinary Medicine (DVM)
29-1131.00,Emergency Veterinarian (Emergency Vet)
29-1131.00,Large Animal Veterinarian (Large Animal Vet)
29-1131.00,Mixed Animal Veterinarian (Mixed Animal Vet)
29-1131.00,Small Animal Veterinarian (Small Animal Vet)
29-1131.00,Veterinary Medicine Doctor (DVM)
29-1131.00,Veterinary Surgeon (Vet Surgeon)
29-1131.00,Veterinary Surgical Specialist (Vet Surgical Specialist)
29-1131.00,Zoo Veterinarian (Zoo Vet)
29-1141.00,Certified Operating Room Nurse (CNOR)
29-1141.00,Charge Nurse
29-1141.00,Emergency Department RN (Emergency Department Registered Nurse)
29-1141.00,Oncology RN (Oncology Registered Nurse)
29-1141.00,Operating Room Registered Nurse (OR RN)
29-1141.00,Psychiatric RN (Psychiatric Registered Nurse)
29-1141.00,Relief Charge Nurse
29-1141.00,School Nurse
29-1141.00,Staff Nurse
29-1141.00,Staff RN (Staff Registered Nurse)
29-1141.01,Acute Care Nurse
29-1141.01,Cardiac Interventional Care Nurse
29-1141.01,Cardiovascular ICU Nurse (Cardiovascular Intense Care Unit Nurse)
29-1141.01,Cardiovascular Surgery Acute Care Nurse Practitioner (Cardiovascular Surgery ACNP)
29-1141.01,Charge Nurse
29-1141.01,DSU Nurse (Day Surgery Unit Nurse)
29-1141.01,MSN (Medical Surgical Nurse)
29-1141.01,PCU RN (Progressive Care Unit Registered Nurse)
29-1141.01,Staff Nurse
29-1141.01,Vascular Access Registered Nurse (Vascular Access RN)
29-1141.02,Adult Psychiatric Mental Health APRN (Adult Psychiatric Mental Health Advanced Practice Registered Nurse)
29-1141.02,Advanced Practice Psychiatric Nurse
29-1141.02,APN (Advanced Practice Nurse)
29-1141.02,Board Certified Psychiatric Mental Health Clinical Nurse Specialist (BC PMH-CNS)
29-1141.02,PMHNP (Psychiatric-Mental Health Nurse Practitioner)
29-1141.02,Psychiatric APN (Psychiatric Advanced Practice Nurse)
29-1141.02,Psychiatric Clinical Nurse Specialist (Psychiatric CNS)
29-1141.02,Psychiatric NP (Psychiatric Nurse Practitioner)
29-1141.02,Psychiatric Provider
29-1141.02,Psychiatry APRN (Psychiatry Advanced Practice Registered Nurse)
29-1141.03,Certified Critical Care Nurse
29-1141.03,Critical Care Nurse Practitioner
29-1141.03,Critical Care Registered Nurse (CCRN)
29-1141.03,ICU Critical Care NP (Intensive Care Unit Critical Care Nurse Practitioner)
29-1141.03,ICU Nurse (Intensive Care Unit Nurse)
29-1141.03,Intensive Care Unit Registered Nurse (ICU RN)
29-1141.03,Newborn ICU RN (Newborn Intensive Care Unit Registered Nurse)
29-1141.03,Nurse
29-1141.03,Pediatric Critical Care Nurse Practitioner
29-1141.03,Staff Nurse
29-1141.04,APN (Advanced Practice Nurse)
29-1141.04,Board Certified Clinical Nurse Specialist (CNS-BC)
29-1141.04,CNS (Clinical Nurse Specialist)
29-1141.04,Critical Care CNS (Critical Care Clinical Nurse Specialist)
29-1141.04,Emergency Clinical Nurse Specialist (Emergency CNS)
29-1141.04,ICU CNS (Intensive Care Unit Clinical Nurse Specialist)
29-1141.04,Neuroscience Clinical Nurse Specialist (Neuroscience CNS)
29-1141.04,Pediatric Clinical Nurse Specialist (Pediatric CNS)
29-1141.04,Psychiatric Adult Clinical Nurse Specialist (Psychiatric Adult CNS)
29-1141.04,Trauma ICU CNS (Trauma Intensive Care Unit Clinical Nurse Specialist)
29-1151.00,Certified Registered Nurse Anesthetist (CRNA)
29-1151.00,Nurse Anesthetist
29-1151.00,Staff Certified Registered Nurse Anesthetist (Staff CRNA)
29-1151.00,Staff Nurse Anesthetist
29-1161.00,Certified Nurse-Midwife (CNM)
29-1161.00,Nurse Midwife
29-1161.00,Staff Certified Nurse Midwife
29-1161.00,Staff Nurse Midwife
29-1171.00,ACNP (Acute Care Nurse Practitioner)
29-1171.00,Adult Nurse Practitioner
29-1171.00,Advanced Practice Registered Nurse (APRN)
29-1171.00,ARNP Specialist (Advanced Registered Nurse Practitioner Specialist)
29-1171.00,Family Nurse Practitioner (FNP)
29-1171.00,Family Practice Certified Advanced Registered Nurse Practitioner
29-1171.00,Gastroenterology Nurse Practitioner
29-1171.00,Nurse Practitioner (NP)
29-1171.00,Pediatric Nurse Practitioner (PNP)
29-1171.00,Women's Health Care Nurse Practitioner
29-1181.00,Audiologist
29-1181.00,Audiology Doctor (AUD)
29-1181.00,Certificate of Clinical Competence in Audiology Licensed Audiologist (CCC-A Licensed Audiologist)
29-1181.00,Clinical Audiologist
29-1181.00,Dispensing Audiologist
29-1181.00,Educational Audiologist
29-1181.00,Forensic Audiologist
29-1181.00,Industrial Audiologist
29-1181.00,Pediatric Audiologist
29-1181.00,Staff Audiologist
29-1211.00,Anesthesiologist MD (Anesthesiologist Medical Doctor)
29-1211.00,Anesthesiology Resident
29-1211.00,Attending Anesthesiologist
29-1211.00,Cardiothoracic Anesthesiologist
29-1211.00,Critical Care Anesthesiologist
29-1211.00,Medical Doctor (MD)
29-1211.00,Obstetrical Anesthesiologist
29-1211.00,Pediatric Anesthesiologist
29-1211.00,Physician
29-1211.00,Physician Anesthesiologist
29-1213.00,Board Certified Dermatologist
29-1213.00,Dermatologist MD (Dermatologist Medical Doctor)
29-1213.00,Dermatologist Physician
29-1213.00,Dermatopathologist
29-1213.00,Doctor
29-1213.00,MD (Medical Doctor)
29-1213.00,Mohs Micrographic Surgeon
29-1213.00,Mohs Surgeon
29-1213.00,Pediatric Dermatologist
29-1213.00,Practicing Dermatologist
29-1214.00,Attending Emergency Physician
29-1214.00,Attending Physician
29-1214.00,Emergency MD (Emergency Medicine Doctor)
29-1214.00,Emergency Medicine Physician (EM Physician)
29-1214.00,Emergency Physician
29-1214.00,MD (Medical Doctor)
29-1214.00,Physician
29-1215.00,Board Certified Family Physician
29-1215.00,Family Medicine Physician
29-1215.00,Family Physician
29-1215.00,Family Practice Medical Doctor (FP MD)
29-1215.00,Family Practice Physician (FP Physician)
29-1215.00,Family Practitioner
29-1215.00,Medical Doctor (MD)
29-1215.00,Medical Staff Physician
29-1215.00,Physician
29-1215.00,Primary Care Physician
29-1216.00,Doctor
29-1216.00,Gastroenterologist
29-1216.00,General Internal Medicine Physician
29-1216.00,General Internist
29-1216.00,Internal Medicine Doctor
29-1216.00,Internal Medicine Physician (IM Physician)
29-1216.00,Internist
29-1216.00,Medical Doctor (MD)
29-1216.00,Physician
29-1216.00,Primary Care Physician
29-1217.00,Adult and Pediatric Neurologist
29-1217.00,Adult Neurologist
29-1217.00,General Neurologist
29-1217.00,Neurologist
29-1217.00,Pediatric Neurologist
29-1217.00,Physician
29-1218.00,GYN (Gynecologist)
29-1218.00,MD (Medical Doctor)
29-1218.00,OB (Obstetrician)
29-1218.00,OB/GYN (Obstetrician Gynecologist)
29-1218.00,OBGYN (Obstetrician and Gynecologist)
29-1218.00,OBGYN MD (Obstetrics Gynecology Medical Doctor)
29-1218.00,OBGYN Physician (Obstetrics and Gynecology Physician)
29-1218.00,Physician
29-1218.00,Physician GYN (Physician Gynecologist)
29-1218.00,Physician OB (Physician Obstetrician)
29-1221.00,Developmental Pediatrician
29-1221.00,Emergency Room Pediatrician (ER Pediatrician)
29-1221.00,General Pediatrician
29-1221.00,Group Practice Pediatrician
29-1221.00,Medical Doctor (MD)
29-1221.00,Pediatric Emergency Medicine Physician
29-1221.00,Pediatric Physician
29-1221.00,Physician
29-1221.00,Primary Care Pediatrician
29-1222.00,Anatomic Pathologist
29-1222.00,Cytopathologist
29-1222.00,Dermatopathologist
29-1222.00,Forensic Pathologist
29-1222.00,Hematopathologist
29-1222.00,Neuropathologist
29-1222.00,Oral Pathologist
29-1222.00,Pathologist
29-1222.00,Surgical Pathologist
29-1223.00,Adolescent Psychiatrist
29-1223.00,Adult Psychiatrist
29-1223.00,Attending Psychiatrist
29-1223.00,Board Certified Psychiatrist
29-1223.00,Child and Adolescent Psychiatrist
29-1223.00,Child Psychiatrist
29-1223.00,Consulting Psychiatrist
29-1223.00,Forensic Psychiatrist
29-1223.00,Medical Doctor (MD)
29-1223.00,Physician
29-1224.00,Attending Physician
29-1224.00,Diagnostic Radiologist
29-1224.00,Interventional Neuroradiologist
29-1224.00,Interventional Radiologist
29-1224.00,Musculoskeletal Specialty Radiologist (MSK Specialty Radiologist)
29-1224.00,Neuroradiologist
29-1224.00,Nuclear Medicine Physician
29-1224.00,Nuclear Medicine Specialist
29-1224.00,Physician
29-1224.00,Radiologist
29-1229.01,Adult and Pediatric Allergy Partner
29-1229.01,Allergist
29-1229.01,Allergy and Immunology Physician
29-1229.01,Allergy and Immunology Specialist
29-1229.01,Allergy Physician
29-1229.01,Immunologist
29-1229.01,Immunology Physician
29-1229.01,MD (Medical Doctor)
29-1229.01,Pediatric Pulmonologist
29-1229.01,Physician
29-1229.02,Academic Hospitalist
29-1229.02,Consultant Physician
29-1229.02,Hospitalist
29-1229.02,Hospitalist Medical Doctor (Hospitalist MD)
29-1229.02,MD (Medical Doctor)
29-1229.02,Physician
29-1229.03,Acute Care Physician
29-1229.03,MD (Medical Doctor)
29-1229.03,Owner
29-1229.03,Physician
29-1229.03,Practicing Urologist
29-1229.03,Surgeon
29-1229.03,Urologic Surgeon
29-1229.03,Urologist
29-1229.03,Urology MD (Urology Medical Doctor)
29-1229.04,Acute Rehabilitation Unit Physiatrist
29-1229.04,Attending Physician
29-1229.04,EDX Medicine MD (Electrodiagnostic Medicine Medical Doctor)
29-1229.04,MD (Medical Doctor)
29-1229.04,Pain Management Physician
29-1229.04,Pediatric Physiatrist
29-1229.04,Physiatrist
29-1229.04,Physician
29-1229.04,PM and R MD (Physical Medicine and Rehabilitation Medical Doctor)
29-1229.04,Rehabilitation Physician
29-1229.05,Occupational Medicine Physician
29-1229.05,Occupational Physician
29-1229.05,Physician
29-1229.05,Preventive Medicine Physician
29-1229.05,Primary Clinician
29-1229.05,Public Health Officer
29-1229.05,Public Health Physician
29-1229.06,Athletic Team Physician
29-1229.06,MD (Medical Doctor)
29-1229.06,Nonsurgical Primary Care Sports Medicine Physician
29-1229.06,Orthopedic Team Physician
29-1229.06,Pediatric Sports Medicine Physician
29-1229.06,Physician
29-1229.06,Sports Medicine Medical Doctor (Sports Medicine MD)
29-1229.06,Sports Medicine Primary Care Physician
29-1229.06,Sports Medicine Specialist
29-1229.06,Team Physician
29-1241.00,Clinical Ophthalmologist
29-1241.00,Cornea Specialist
29-1241.00,Glaucoma Specialist
29-1241.00,Oculoplastic Specialist
29-1241.00,Ophthalmic Surgeon
29-1241.00,Ophthalmologist
29-1241.00,Ophthalmologist Specialist
29-1241.00,Physician
29-1241.00,Retina Specialist
29-1241.00,Surgical Ophthalmologist
29-1242.00,General Surgeon
29-1242.00,Hand Surgeon
29-1242.00,Orthopaedic Surgeon
29-1242.00,Orthopedic Surgeon
29-1242.00,Physician
29-1242.00,Surgeon
29-1243.00,Cardiovascular Surgeon
29-1243.00,General Surgeon
29-1243.00,Hand Surgeon
29-1243.00,Physician
29-1243.00,Plastic Surgeon
29-1243.00,Surgeon
29-1243.00,Thoracic Surgeon
29-1243.00,Vascular Surgeon
29-1291.00,Acupuncture Doctor
29-1291.00,Acupuncture Physician
29-1291.00,Acupuncture Provider
29-1291.00,Acupuncturist
29-1291.00,Chinese Medical Doctor (Chinese MD)
29-1291.00,Chinese Medicine Doctor
29-1291.00,Herbalist
29-1291.00,Licensed Acupuncturist (LAC)
29-1291.00,Oriental Medicine Provider
29-1291.00,Traditional Chinese Medicine Doctor
29-1292.00,Dental Hygienist
29-1292.00,Hygienist
29-1292.00,Licensed Dental Hygienist
29-1292.00,Pediatric Dental Hygienist
29-1292.00,Registered Dental Hygienist (RDH)
29-1299.01,Doctor (Dr)
29-1299.01,Naturopathic Doctor
29-1299.01,Naturopathic Endocrinologist
29-1299.01,Naturopathic Medicine Doctor
29-1299.01,Naturopathic Oncologist
29-1299.01,Naturopathic Oncology Provider
29-1299.01,Physician
29-1299.02,Clinical Orthoptist (CO)
29-1299.02,CO (Certified Orthoptist)
29-2011.00,Clinical Chemist
29-2011.00,Clinical Laboratory Scientist (CLS)
29-2011.00,Clinical Laboratory Technologist
29-2011.00,Histologist Technologist
29-2011.00,Lab Tech (Laboratory Technologist)
29-2011.00,Medical Lab Technologist (Medical Laboratory Technologist)
29-2011.00,Medical Technologist (MT)
29-2011.00,Microbiology Technologist (MT)
29-2011.00,MLS (Medical Laboratory Scientist)
29-2011.00,Technologist
29-2011.01,Certified Cytogenetic Technologist
29-2011.01,Clinical Cytogeneticist Scientist (CCS)
29-2011.01,Cytogenetics Clinical Laboratory Specialist (CG CLSp)
29-2011.01,Cytogenetics Specialist
29-2011.01,Cytogenetics Technical Specialist
29-2011.01,Lab Technologist (Laboratory Technologist)
29-2011.01,Microarray Laboratory Technologist (Microarray Lab Technologist)
29-2011.01,Molecular Genetics Technologist
29-2011.02,Cytologist
29-2011.02,Cytology Applications Specialist
29-2011.02,Cytology Coordinator
29-2011.02,Cytology Technical Specialist
29-2011.02,Cytotechnologist
29-2011.04,Clinical Lab Manager (Clinical Laboratory Manager)
29-2011.04,Histology Lab Manager (Histology Laboratory Manager)
29-2011.04,Histology Specialist
29-2011.04,Histology Technologist
29-2011.04,Histotechnologist
29-2012.00,Clinical Lab Tech (Clinical Laboratory Technician)
29-2012.00,Lab Assistant (Laboratory Assistant)
29-2012.00,Lab Associate (Laboratory Associate)
29-2012.00,Lab Tech (Laboratory Technician)
29-2012.00,Medical Lab Assistant (Medical Laboratory Assistant)
29-2012.00,Medical Technician (Medical Tech)
29-2012.00,Microbiology MLT (Microbiology Medical Laboratory Technician)
29-2012.00,MLT (Medical Laboratory Technician)
29-2012.00,Specimen Processor
29-2012.00,Travel Medical Lab Tech (Travel Medical Laboratory Technician)
29-2012.01,Clinical Histology Technician (Clinical Histology Tech)
29-2012.01,Histologic Technician (HT)
29-2012.01,Histologist
29-2012.01,Histology Consultant
29-2012.01,Histology Coordinator
29-2012.01,Histology Technician (HT)
29-2012.01,Histotechnician
29-2031.00,Cardiac Cath Lab Technologist (Cardiac Catheterization Laboratory Technologist)
29-2031.00,Cardiac Catheterization Technician
29-2031.00,Cardiac Technician
29-2031.00,Cardio Tech (Cardiovascular Technician)
29-2031.00,Cardiology Technician
29-2031.00,Cardiopulmonary Technician
29-2031.00,Cardiovascular Technologist (CVT)
29-2031.00,Electrocardiogram Technician (EKG Tech)
29-2031.00,Registered Cardiovascular Invasive Specialist (RCIS)
29-2032.00,Cardiovascular Sonographer
29-2032.00,Echo Tech (Echocardiographic Technician)
29-2032.00,Echosonographer Technologist (Echo Technologist)
29-2032.00,Medical Sonographer
29-2032.00,RDMS (Registered Diagnostic Medical Sonographer)
29-2032.00,Registered Diagnostic Cardiac Sonographer
29-2032.00,RVT (Registered Vascular Technologist)
29-2032.00,Staff Sonographer
29-2032.00,Ultrasound Technician (Ultrasound Tech)
29-2032.00,Ultrasound Technologist (Ultrasound Tech)
29-2033.00,Certified Nuclear Medicine Technologist (CNMT)
29-2033.00,Nuclear Cardiology Technologist
29-2033.00,Nuclear Medicine PET-CT Technologist (Nuclear Medicine Positron Emission Tomography - Computed Tomography Technologist)
29-2033.00,Nuclear Medicine Technologist (NMT)
29-2033.00,Radiation Safety Officer
29-2033.00,Registered Nuclear Medicine Technologist
29-2033.00,Staff Nuclear Medicine Technologist
29-2034.00,CT Tech (Computed Tomography Technologist)
29-2034.00,Mammographer
29-2034.00,Multimodality Technologist
29-2034.00,Radiographer
29-2034.00,Radiologic Technician (RAD Tech)
29-2034.00,Radiology Technician (Radiology Tech)
29-2034.00,Registered Radiologic Technologist (RT (R))
29-2034.00,RT (Radiologic Technologist)
29-2034.00,X-Ray Tech (X-Ray Technician)
29-2034.00,X-Ray Tech (X-Ray Technologist)
29-2035.00,MRI Coordinator (Magnetic Resonance Imaging Coordinator)
29-2035.00,MRI QA Coordinator (Magnetic Resonance Imaging Quality Assurance Coordinator)
29-2035.00,MRI Radiographer (Magnetic Resonance Imaging Radiographer)
29-2035.00,MRI Specialist (Magnetic Resonance Imaging Specialist)
29-2035.00,MRI Tech (Magnetic Resonance Imaging Technician)
29-2035.00,MRI Technologist (Magnetic Resonance Imaging Technologist)
29-2035.00,Research MRI Technologist (Research Magnetic Resonance Imaging Technologist)
29-2036.00,CMD (Certified Medical Dosimetrist)
29-2036.00,Dosimetrist
29-2036.00,Medical Dosimetrist
29-2036.00,Medical Physicist
29-2036.00,Radiation Oncology Medical Physicist
29-2042.00,Emergency Medical Technician (EMT)
29-2042.00,First Responder
29-2043.00,Critical Care Paramedic
29-2043.00,Firefighter Paramedic
29-2043.00,First Responder
29-2043.00,Flight Paramedic
29-2051.00,Cook Chill Technician (CCT)
29-2051.00,Diet Assistant
29-2051.00,Diet Clerk
29-2051.00,Diet Tech (Diet Technician)
29-2051.00,Diet Tech (Dietetic Technician)
29-2051.00,Diet Technician Registered (DTR)
29-2051.00,Dietary Aide
29-2051.00,Dietetic Assistant
29-2051.00,Dietetic Technician Registered (DTR)
29-2051.00,Nutrition Technician
29-2052.00,Accredited Pharmacy Technician
29-2052.00,Certified Pharmacy Technician (CPhT)
29-2052.00,Chemotherapy Pharmacy Technician (Chemo Pharmacy Technician)
29-2052.00,Compounding Technician
29-2052.00,OR Pharmacy Tech (Operating Room Pharmacy Tech)
29-2052.00,RPhT (Registered Pharmacy Technician)
29-2053.00,BHT (Behavioral Health Technician)
29-2053.00,Health Care Technician (Health Care Tech)
29-2053.00,LPT (Licensed Psychiatric Technician)
29-2053.00,Mental Health Associate
29-2053.00,Mental Health Specialist
29-2053.00,Mental Health Technician (MHT)
29-2053.00,MHA (Mental Health Assistant)
29-2053.00,MHW (Mental Health Worker)
29-2053.00,Psychiatric Technician (PT)
29-2053.00,Residential Aide (RA)
29-2055.00,Central Supply Technician (Central Supply Tech)
29-2055.00,Certified Scrub Technician (Certified Scrub Tech)
29-2055.00,CST (Certified Surgical Technologist)
29-2055.00,OR Surgical Tech (Operating Room Surgical Technician)
29-2055.00,OR Tech (Operating Room Technician)
29-2055.00,OR Technologist (Operating Room Technologist)
29-2055.00,Scrub Technician (Scrub Tech)
29-2055.00,Scrub Technologist (Scrub Tech)
29-2055.00,Surgical Scrub Technician (Surgical Scrub Tech)
29-2055.00,Surgical Scrub Technologist (Surgical Scrub Tech)
29-2056.00,Certified Veterinary Technician (CVT)
29-2056.00,Emergency Veterinary Technician (Emergency Vet Tech)
29-2056.00,Internal Medicine Veterinary Technician (Internal Medicine Vet Tech)
29-2056.00,Licensed Veterinary Technician (LVT)
29-2056.00,Registered Veterinary Technician (RVT)
29-2056.00,Veterinarian Technician (Vet Tech)
29-2056.00,Veterinary Laboratory Technician (Vet Lab Tech)
29-2056.00,Veterinary Nurse (Vet Nurse)
29-2056.00,Veterinary Technician (Vet Tech)
29-2056.00,Veterinary Technologist
29-2057.00,Certified Ophthalmic Medical Technician (Certified Ophthalmic Medical Tech)
29-2057.00,Certified Ophthalmic Surgical Assistant
29-2057.00,Certified Ophthalmic Technician (COT)
29-2057.00,Certified Ophthalmic Technician-Surgical Assistant (COT-SA)
29-2057.00,Health Technician (Health Tech)
29-2057.00,Ophthalmic Assistant
29-2057.00,Ophthalmic Diagnostic Sonographer
29-2057.00,Ophthalmic Medical Assistant
29-2057.00,Ophthalmic Medical Technician (Ophthalmic Medical Tech)
29-2057.00,Ophthalmic Tech (Ophthalmic Technician)
29-2061.00,Charge Nurse
29-2061.00,Clinic Licensed Practical Nurse (Clinic LPN)
29-2061.00,Clinic Nurse
29-2061.00,Home Health Licensed Practical Nurse (Home Health LPN)
29-2061.00,Licensed Vocational Nurse (LVN)
29-2061.00,Office Nurse
29-2061.00,Pediatric LPN (Pediatric Licensed Practical Nurse)
29-2061.00,Private Duty Nurse
29-2061.00,Radiation Oncology Nurse
29-2061.00,Triage LPN (Triage Licensed Practical Nurse)
29-2072.00,Coder
29-2072.00,Health Information Clerk
29-2072.00,Health Information Specialist
29-2072.00,Health Information Technician (Health Information Tech)
29-2072.00,Health Records Specialist
29-2072.00,HIM Clerk (Health Information Management Clerk)
29-2072.00,Medical Coder
29-2072.00,Medical Records Clerk
29-2072.00,Medical Records Technician (Medical Records Tech)
29-2072.00,RHIT (Registered Health Information Technician)
29-2081.00,Certified Optician
29-2081.00,Contact Lens Technician
29-2081.00,Dispensing Optician
29-2081.00,Licensed Dispensing Optician (LDO)
29-2081.00,Licensed Optician
29-2081.00,Ophthalmic Dispenser
29-2081.00,Optical Technician
29-2081.00,Optician
29-2081.00,Optometric Technician
29-2081.00,Registered Optician
29-2091.00,Certified Orthotist (CO)
29-2091.00,Certified Pedorthist
29-2091.00,Certified Prosthetist (CP)
29-2091.00,Certified Prosthetist Orthotist (CPO)
29-2091.00,Licensed Orthotist
29-2091.00,LPO (Licensed Prosthetist Orthotist)
29-2091.00,Orthotic Practitioner
29-2091.00,Orthotist
29-2091.00,Prosthetic Practitioner
29-2091.00,Prosthetist
29-2092.00,Audioprosthologist
29-2092.00,Hearing Aid Consultant
29-2092.00,Hearing Aid Specialist
29-2092.00,Hearing Care Practitioner
29-2092.00,Hearing Care Specialist
29-2092.00,Hearing Instrument Dispenser
29-2092.00,Hearing Instrument Specialist (HIS)
29-2092.00,Hearing Specialist
29-2092.00,Licensed Hearing Instrument Specialist (Licensed HIS)
29-2092.00,National Board Certified Hearing Instrument Specialist (National Board Certified HIS)
29-2099.01,Certified Intraoperative Neurophysiology Technologist (Certified Intraoperative Neurophysiology Tech)
29-2099.01,Certified Neurodiagnostic Technologist
29-2099.01,Electroneurodiagnostic Technologist (END Technologist)
29-2099.01,Intraoperative Neuromonitoring Technologist (IONM Tech)
29-2099.01,Neurodiagnostic Technologist (Neurodiagnostic Tech)
29-2099.01,Neurophysiology Technical Specialist
29-2099.01,Registered Electroencephalogram Technologist (Registered EEG Tech)
29-2099.01,Registered Electroencephalography Technologist (R. EEG. T)
29-2099.01,Registered Electroneurodiagnostic Technologist (Registered END Tech)
29-2099.01,Registered Polysomnographic Technologist (RPSGT)
29-2099.05,Certified Diagnostic Ophthalmic Sonographer (CDOS)
29-2099.05,Certified Ophthalmic Medical Technologist (COMT)
29-2099.05,Ophthalmic Echographer
29-2099.05,Ophthalmic Medical Technologist (Ophthalmic Medical Tech)
29-2099.05,Ophthalmic Photographer
29-2099.05,Ophthalmic Sonographer
29-2099.05,Ophthalmic Technologist (Ophthalmic Tech)
29-2099.05,Ophthalmic Ultrasonographer
29-2099.05,Registered Ophthalmic Ultrasound Biometrist (ROUB)
29-2099.05,Surgical Coordinator
29-2099.08,Access Representative (Access Rep)
29-2099.08,Admissions Coordinator
29-2099.08,BCPA (Board Certified Patient Advocate)
29-2099.08,Case Manager
29-2099.08,Patient Access Specialist
29-2099.08,Patient Advocate
29-2099.08,Patient Navigator
29-2099.08,Patient Resource Worker
29-2099.08,Patient Service Representative (Patient Service Rep)
29-2099.08,Service Coordinator
29-9021.00,Medical Records Analyst
29-9021.00,Medical Records Director
29-9091.00,Athletic Instructor
29-9091.00,Athletic Lecturer
29-9091.00,Athletic Trainer
29-9091.00,Certified Athletic Trainer
29-9091.00,Personal Trainer
29-9091.00,Resident Athletic Trainer
29-9091.00,Women's Athletic Trainer
29-9092.00,Cardiovascular Genetics Counselor
29-9092.00,Certified Genetic Counselor (CGC)
29-9092.00,Clinical Genetic Counselor
29-9092.00,Genetic Services Coordinator
29-9092.00,Hereditary Cancer Program Coordinator
29-9092.00,Lab Genetic Counselor (Laboratory Genetic Counselor)
29-9092.00,Medical Science Liaison
29-9092.00,Pediatric Genetics Clinical Coordinator
29-9092.00,Prenatal Genetic Counselor
29-9092.00,Reproductive Genetic Counseling Coordinator
29-9093.00,Certified Surgical Technician (Certified Surgical Tech)
29-9093.00,CRNFA (Certified Registered Nurse First Assistant)
29-9093.00,CSA (Certified Surgical Assistant)
29-9093.00,CSFA (Certified Surgical First Assistant)
29-9093.00,GI Technician (Gastrointestinal Technician)
29-9093.00,RNFA (Registered Nurse First Assistant)
29-9093.00,Scrub Technician (Scrub Tech)
29-9093.00,Surgical First Assistant
29-9093.00,Surgical Scrub Technician (Surgical Scrub Tech)
29-9093.00,Surgical Technician (Surgical Tech)
29-9099.01,Birth Center Midwife
29-9099.01,Certified Direct-Entry Midwife
29-9099.01,Certified Professional Midwife (CPM)
29-9099.01,Homebirth Midwife
29-9099.01,Lay Midwife
29-9099.01,Licensed and Certified Midwife
29-9099.01,Licensed Certified Professional Midwife
29-9099.01,Licensed Direct Entry Midwife
29-9099.01,Licensed Midwife (LM)
31-1121.00,Caregiver
31-1121.00,CHHA (Certified Home Health Aide)
31-1121.00,CMA (Certified Medical Aide)
31-1121.00,CNA (Certified Nurses Aide)
31-1121.00,Direct Care Professional
31-1121.00,Home Care Aide
31-1121.00,Home Health Provider
31-1121.00,Hospice Aide
31-1121.00,In Home Caregiver
31-1121.00,Residential Assistant (RA)
31-1122.00,Care Provider
31-1122.00,Caregiver
31-1122.00,Direct Care Worker
31-1122.00,Home Care Aide
31-1122.00,Medication Aide
31-1122.00,Personal Care Aide
31-1122.00,Personal Care Assistant (PCA)
31-1122.00,Personal Care Attendant (PCA)
31-1122.00,Resident Assistant
31-1122.00,Resident Care Assistant (RCA)
31-1131.00,Certified Medication Aide (CMA)
31-1131.00,Certified Nurse Aide (CNA)
31-1131.00,Certified Nurses Aide (CNA)
31-1131.00,Certified Nursing Assistant (CNA)
31-1131.00,Licensed Nursing Assistant (LNA)
31-1131.00,Nurses' Aide
31-1131.00,Nursing Aide
31-1131.00,Nursing Assistant
31-1131.00,Patient Care Assistant (PCA)
31-1131.00,State Tested Nursing Assistant (STNA)
31-1132.00,Attendant
31-1132.00,Operating Room Assistant
31-1132.00,Orderly
31-1132.00,Patient Care Assistant (PCA)
31-1132.00,Patient Care Technician (PCT)
31-1132.00,Patient Escort
31-1132.00,Patient Transporter
31-1132.00,Radiology Transporter
31-1132.00,Transporter
31-1133.00,Developmental Aide
31-1133.00,Mental Health Aide (MHA)
31-1133.00,Mental Health Worker (MHW)
31-1133.00,Psychiatric Aide
31-1133.00,Psychiatric Assistant
31-1133.00,Psychiatric Nursing Aide
31-1133.00,Qualified Medication Aide (QMA)
31-1133.00,Resident Care Technician (Resident Care Tech)
31-1133.00,Residential Care Tech (Residential Care Technician)
31-1133.00,Therapeutic Program Worker (TPW)
31-2011.00,Acute Care Occupational Therapy Assistant (Acute Care OT Assistant)
31-2011.00,Certified Occupational Assistant
31-2011.00,Certified Occupational Therapist Assistant (COTA)
31-2011.00,Certified Occupational Therapy Assistant (COTA)
31-2011.00,Licensed Occupational Therapist Assistant (LOTA)
31-2011.00,Licensed Occupational Therapy Assistant (LOTA)
31-2011.00,Occupational Therapist Assistant (OTA)
31-2011.00,Occupational Therapy Assistant (OTA)
31-2011.00,Registered Therapist Assistant
31-2011.00,School Based Certified Occupational Therapy Assistant (School Based COTA)
31-2012.00,Certified Occupational Rehabilitation Aide (CORA)
31-2012.00,Direct Service Professional (DSP)
31-2012.00,Direct Support Professional (DSP)
31-2012.00,Occupational Rehabilitation Aide
31-2012.00,Occupational Therapist Aide (OT Aide)
31-2012.00,Occupational Therapy Aide (OT Aide)
31-2012.00,Rehabilitation Aide (Rehab Aide)
31-2012.00,Rehabilitation Services Aide
31-2012.00,Restorative Aide
31-2021.00,Certified Physical Therapist Assistant (CPTA)
31-2021.00,Home Care Physical Therapy Assistant
31-2021.00,Home Health Physical Therapist Assistant
31-2021.00,Licensed Physical Therapist Assistant (LPTA)
31-2021.00,Licensed Physical Therapy Assistant
31-2021.00,Outpatient Physical Therapist Assistant
31-2021.00,Per Diem Physical Therapist Assistant (Per Diem PTA)
31-2021.00,Physical Therapist Assistant (PTA)
31-2021.00,Physical Therapy Assistant (PTA)
31-2022.00,Physical Therapist Aide (PTA)
31-2022.00,Physical Therapy Aide (PTA)
31-2022.00,PT Attendant (Physical Therapy Attendant)
31-2022.00,PT Tech (Physical Therapist Technician)
31-2022.00,PT Tech (Physical Therapy Technician)
31-2022.00,Rehabilitation Aide
31-2022.00,Rehabilitation Attendant
31-2022.00,Rehabilitation Technician (Rehabilitation Tech)
31-2022.00,Restorative Aide (RA)
31-2022.00,Therapy Aide
31-9011.00,BCMT (Board Certified Massage Therapist)
31-9011.00,Bodywork Therapist
31-9011.00,Certified Massage Therapist (CMT)
31-9011.00,Clinical Massage Therapist
31-9011.00,Licensed Massage Practitioner (LMP)
31-9011.00,Licensed Massage Therapist (LMT)
31-9011.00,Medical Massage Practitioner
31-9011.00,MMT (Medical Massage Therapist)
31-9011.00,Registered Massage Therapist (RMT)
31-9011.00,Soft Tissue Specialist
31-9091.00,Certified Dental Assistant (CDA)
31-9091.00,Certified Registered Dental Assistant
31-9091.00,Dental Assistant (DA)
31-9091.00,Expanded Dental Assistant
31-9091.00,Expanded Duty Dental Assistant (EDDA)
31-9091.00,Expanded Functions Dental Assistant (EFDA)
31-9091.00,Oral Surgery Assistant
31-9091.00,Orthodontic Assistant (Ortho Assistant)
31-9091.00,Registered Dental Assistant (RDA)
31-9091.00,Surgical Dental Assistant
31-9092.00,Certified Medical Assistant (CMA)
31-9092.00,Chiropractor Assistant
31-9092.00,Clinical Medical Assistant
31-9092.00,Doctor's Assistant
31-9092.00,Health Assistant
31-9092.00,Ophthalmic Assistant
31-9092.00,Ophthalmological Assistant
31-9092.00,Optometric Assistant
31-9092.00,Outpatient Surgery Assistant
31-9092.00,Registered Medical Assistant (RMA)
31-9093.00,Central Sterile Technician (Central Sterile Tech)
31-9093.00,Central Supply Processing Department Technician (CSPDT)
31-9093.00,Certified Registered Central Service Technician (CRCST)
31-9093.00,CRCST (Certified Registered Central Supply Technician)
31-9093.00,CSS Technician (Central Sterile Supply Technician)
31-9093.00,CST (Central Service Technician)
31-9093.00,Equipment Technician (Equipment Tech)
31-9093.00,Sterile Preparation Technician (Sterile Preparation Tech)
31-9093.00,Sterile Processing and Distribution Technician (SPD Tech)
31-9093.00,Sterile Technician (Sterile Tech)
31-9094.00,Clinical Medical Transcriptionist
31-9094.00,Documentation Specialist
31-9094.00,Medical Language Specialist
31-9094.00,Medical Scribe
31-9094.00,Medical Transcriber
31-9094.00,Medical Transcriptionist
31-9094.00,Pathology Transcriptionist
31-9094.00,Radiology Transcriptionist
31-9094.00,Scribe
31-9094.00,Transcriptionist
31-9095.00,Certified Pharmacist Assistant
31-9095.00,Front Counter Clerk
31-9095.00,Pharmacist Assistant
31-9095.00,Pharmacy Ancillary
31-9095.00,Pharmacy Assistant
31-9095.00,Pharmacy Care Rep (Pharmacy Care Representative)
31-9095.00,Pharmacy Cashier
31-9095.00,Pharmacy Clerk
31-9095.00,Pharmacy Helper
31-9095.00,Pharmacy Support Person (PSP)
31-9096.00,Animal Care Provider
31-9096.00,Animal Caregiver
31-9096.00,Avian Keeper
31-9096.00,Certified Veterinary Assistant
31-9096.00,Emergency Veterinary Assistant
31-9096.00,Inpatient Technician Assistant
31-9096.00,Kennel Vet Assistant (Kennel Veterinary Assistant)
31-9096.00,Research Animal Attendant
31-9096.00,Small Animal Caretaker
31-9096.00,Veterinarian Assistant (Vet Assistant)
31-9097.00,Lab Liaison Technician
31-9097.00,Mobile Examiner
31-9097.00,Patient Service Technician (PST)
31-9097.00,Phlebotomist Lab Assistant (Phlebotomist Laboratory Assistant)
31-9097.00,Phlebotomy Technician (Phlebotomy Tech)
31-9097.00,Registered Phlebotomist
31-9097.00,Registered Phlebotomy Technician (RPT)
31-9099.01,Communication Assistant
31-9099.01,Speech Assistant
31-9099.01,Speech Paraeducator
31-9099.01,Speech Pathologist Assistant
31-9099.01,Speech Therapy Assistant
31-9099.01,Speech-Language Assistant
31-9099.01,Speech-Language Pathologist Assistant (SLPA)
31-9099.01,Speech-Language Pathologists Assistant (SLPA)
31-9099.01,Speech-Language Pathology Assistant (SLPA)
31-9099.01,Speech-Language Technician
31-9099.02,Certified Endo Tech (Certified Endoscopy Technician)
31-9099.02,Certified Endoscopic Reprocessor (CER)
31-9099.02,Certified Flexible Endoscope Reprocessor (CFER)
31-9099.02,Certified Flexible Endoscopy Reprocessor (CFER)
31-9099.02,Endoscope Technician (Endoscope Tech)
31-9099.02,Endoscopy Specialty Technician (Endoscopy Specialty Tech)
31-9099.02,Endoscopy Technician (Endoscopy Tech)
31-9099.02,GI Tech (Gastrointestinal Technician)
31-9099.02,Procedural Assistant (Procedural Asst)
31-9099.02,Scope Tech (Scope Technician)
33-1011.00,Correctional Officer Captain
33-1011.00,Correctional Supervisor
33-1012.00,Captain
33-1012.00,Deputy Sheriff
33-1012.00,Detective Sergeant
33-1012.00,Lieutenant
33-1012.00,Patrol Sergeant
33-1012.00,Police Captain
33-1012.00,Police Chief
33-1012.00,Police Lieutenant
33-1012.00,Police Sergeant
33-1012.00,Shift Supervisor
33-1021.00,Battalion Chief
33-1021.00,Engine Boss
33-1021.00,Fire Battalion Chief
33-1021.00,Fire Captain
33-1021.00,Fire Chief
33-1021.00,Fire Lieutenant
33-1021.00,Fire Marshal
33-1021.00,Fire Suppression Captain
33-1021.00,Forest Fire Specialist Supervisor
33-1021.00,Section Forest Fire Warden
33-1091.00,Campus Safety Chief
33-1091.00,Public Safety Manager
33-1091.00,Public Safety Supervisor
33-1091.00,Security Chief
33-1091.00,Security Director
33-1091.00,Security Guard Supervisor
33-1091.00,Security Lieutenant
33-1091.00,Security Shift Supervisor
33-1091.00,Security Supervisor
33-1091.00,Shift Supervisor
33-2011.00,Fire Engineer
33-2011.00,Fire Equipment Operator
33-2011.00,Fire Rescue Technician (Fire Rescue Tech)
33-2011.00,Fire Technician (Fire Tech)
33-2011.00,Fireman
33-2011.00,Forest Fire Suppression Specialist
33-2011.00,Forestry Fire Technician (Forestry Fire Tech)
33-2011.00,Hot Shot
33-2011.00,Rescue Firefighter
33-2011.00,Wildland Firefighter
33-2021.00,Arson Investigator
33-2021.00,Fire Code Inspector
33-2021.00,Fire Inspector
33-2021.00,Fire Investigator
33-2021.00,Fire Official
33-2021.00,Fire Prevention Inspector
33-2021.00,Fire Prevention Specialist
33-2021.00,Fire Protection Specialist
33-2021.00,Fire Safety Inspector
33-2021.00,Fire Safety Specialist
33-2022.00,Fire Management Officer
33-2022.00,Fire Operations Forester
33-2022.00,Fire Prevention Officer
33-2022.00,Fire Prevention Technician
33-2022.00,Fire Technician
33-2022.00,Forest Officer
33-2022.00,Forest Patrolman
33-2022.00,Forestry Patrolman
33-2022.00,Wildfire Mitigation Specialist
33-2022.00,Wildfire Prevention Specialist
33-3011.00,Bailiff
33-3011.00,Court Bailiff
33-3011.00,Court Constable
33-3011.00,Court Deputy
33-3011.00,Court Officer
33-3011.00,Court Security Officer
33-3011.00,Deputy Bailiff
33-3011.00,Deputy Court Services Sheriff
33-3011.00,Security Officer
33-3012.00,Booking Officer
33-3012.00,Community Services Officer (CSO)
33-3012.00,Correctional Officer
33-3012.00,Corrections Officer (CO)
33-3012.00,Deputy Jailer
33-3012.00,Detention Deputy
33-3012.00,Detention Officer
33-3012.00,Jail Officer
33-3012.00,Jailer
33-3012.00,Jailor
33-3021.00,Criminal Investigator
33-3021.00,CSI (Crime Scene Investigator)
33-3021.00,Detective
33-3021.00,Fugitive Detective
33-3021.00,Fugitive Investigator
33-3021.00,Investigator
33-3021.00,Narcotics Detective
33-3021.00,Narcotics Investigator
33-3021.00,Police Detective
33-3021.00,Special Agent
33-3021.02,Crime Lab Analyst (Crime Laboratory Analyst)
33-3021.02,Crime Scene Investigator (CSI)
33-3021.02,Crime Scene Technician
33-3021.02,Criminalist
33-3021.02,Evidence Technician (Evidence Tech)
33-3021.02,Field Identification Specialist
33-3021.02,Forensic Specialist
33-3021.02,Identification Technician (Identification Tech)
33-3021.02,Latent Fingerprint Examiner
33-3021.02,Police Officer
33-3021.06,Anti-Terrorist Analyst
33-3021.06,Crime Analyst (Criminal Analyst)
33-3021.06,Crime and Intelligence Analyst (Criminal and Intelligence Analyst)
33-3021.06,Crime Intelligence Analyst (Criminal Intelligence Analyst)
33-3021.06,Crime Research Specialist (Criminal Research Specialist)
33-3021.06,Intel Analyst (Intelligence Analyst)
33-3021.06,Intel Research Specialist (Intelligence Research Specialist)
33-3021.06,Investigative Intel Analysts (Investigative Intelligence Analysts)
33-3021.06,Police Crime and Intel Analyst (Police Crime and Intelligence Analyst)
33-3021.06,Terrorism Research Specialist
33-3031.00,Conservation Enforcement Officer
33-3031.00,Conservation Officer
33-3031.00,Conservation Warden
33-3031.00,Fish and Game Constable
33-3031.00,Game Warden
33-3031.00,Refuge Officer
33-3031.00,State Game Warden
33-3031.00,State Wildlife Officer
33-3031.00,Wildlife Conservation Officer
33-3031.00,Wildlife Officer
33-3041.00,Meter Maid
33-3041.00,Parking Control Officer
33-3041.00,Parking Enforcement Officer (PEO)
33-3041.00,Parking Enforcement Technician (Parking Enforcement Tech)
33-3041.00,Parking Enforcer
33-3041.00,Parking Officer
33-3041.00,Parking Patroller
33-3041.00,Parking Regulation Enforcement Officer
33-3041.00,Parking Technician (Parking Tech)
33-3041.00,Ticket Writer
33-3051.00,Deputy Sheriff
33-3051.00,K-9 Handler (Canine Handler)
33-3051.00,Law Enforcement Officer
33-3051.00,Patrol Officer
33-3051.00,Peace Officer
33-3051.00,Police Officer
33-3051.00,Police Patrol Officer
33-3051.00,Public Safety Officer (PSO)
33-3051.00,SRO (School Resource Officer)
33-3051.00,State Trooper
33-3051.04,Canine Enforcement Officer (K-9 Enforcement Officer)
33-3051.04,Customs Inspector
33-3051.04,Customs Officer
33-3051.04,Import Specialist
33-3051.04,Special Agent
33-3051.04,US Customs and Border Protection Officer (US CBPO)
33-3052.00,Law Enforcement Officer
33-3052.00,Patrol Man
33-3052.00,Patrol Officer
33-3052.00,Patrolman
33-3052.00,Police Captain
33-3052.00,Police Specialist
33-3052.00,Railroad Police
33-3052.00,Railroad Police Officer
33-3052.00,Transit Police Officer
33-9011.00,ACO (Animal Control Officer)
33-9011.00,Animal Attendant
33-9011.00,Animal Cruelty Investigator
33-9011.00,Animal Enforcement Officer
33-9011.00,Animal Instructor Officer
33-9011.00,Animal Ordinance Enforcement Officer
33-9011.00,Animal Park Code Enforcement Officer
33-9011.00,Animal Safety Officer
33-9011.00,Animal Services Officer
33-9011.00,Community Service Officer
33-9021.00,Asset Protection Detective
33-9021.00,Field Investigator
33-9021.00,Investigator
33-9021.00,Loss Prevention Agent
33-9021.00,Loss Prevention Associate
33-9021.00,Loss Prevention Detective
33-9021.00,Loss Prevention Investigator
33-9021.00,Loss Prevention Officer
33-9021.00,Private Investigator
33-9021.00,Special Investigator
33-9031.00,Casino Enforcement Agent
33-9031.00,Gaming Investigator
33-9031.00,Security Officer
33-9031.00,Surveillance Agent
33-9031.00,Surveillance Investigator
33-9031.00,Surveillance Monitor
33-9031.00,Surveillance Observer
33-9031.00,Surveillance Officer
33-9031.00,Surveillance Operator
33-9031.00,Surveillance Technician
33-9032.00,Armed Security Officer
33-9032.00,Campus Security Officer (CSO)
33-9032.00,Custom Protection Officer (CPO)
33-9032.00,Customer Service Security Officer
33-9032.00,Hotel Security Officer
33-9032.00,Loss Prevention Officer
33-9032.00,Safety and Security Officer
33-9032.00,Security Agent
33-9032.00,Security Guard
33-9032.00,Security Officer
33-9091.00,Adult Crossing Guard
33-9091.00,Community Service Officer
33-9091.00,Crossing Guard
33-9091.00,Road Crossing Guard
33-9091.00,School Crossing Guard
33-9091.00,Substitute Crossing Guard
33-9092.00,Beach Attendant
33-9092.00,Beach Lifeguard
33-9092.00,Lifeguard
33-9092.00,Marine Safety Officer
33-9092.00,Ocean Lifeguard
33-9092.00,Ocean Lifeguard Specialist
33-9092.00,Pool Attendant
33-9092.00,Pool Lifeguard
33-9092.00,Ski Patrol Paramedic
33-9092.00,Ski Patroller
33-9093.00,Security Screener
33-9093.00,Transportation Security Officer (TSO)
33-9094.00,Bus Aide
33-9094.00,Bus Assistant
33-9094.00,Bus Attendant
33-9094.00,Bus Monitor
33-9094.00,Bus Paraeducator
33-9094.00,School Bus Aide
33-9094.00,School Transportation Aide
33-9094.00,SPED Bus Aide (Special Ed Bus Aide)
33-9094.00,SPED Bus Paraeducator (Special Education Bus Paraeducator)
33-9094.00,SPED School Bus Monitor (Special Education School Bus Monitor)
33-9099.02,Asset Protection Associate (APA)
33-9099.02,Loss Prevention Agent
33-9099.02,Loss Prevention Associate (LPA)
33-9099.02,Loss Prevention Detective
33-9099.02,Loss Prevention Investigator
33-9099.02,Loss Prevention Officer
33-9099.02,Loss Prevention Specialist
33-9099.02,Retail Asset Protection Specialist
35-1011.00,Banquet Chef
35-1011.00,Chef
35-1011.00,Cook
35-1011.00,Executive Chef (Ex Chef)
35-1011.00,Executive Pastry Chef
35-1011.00,Executive Sous Chef
35-1011.00,Food and Beverage Director
35-1011.00,Head Cook
35-1011.00,Kitchen Manager
35-1011.00,Sous Chef
35-1012.00,Cafeteria Manager
35-1012.00,Dietary Supervisor
35-1012.00,Dining Services Director
35-1012.00,Food and Beverage Director
35-1012.00,Food and Nutrition Services Supervisor
35-1012.00,Food Production Supervisor
35-1012.00,Food Service Supervisor
35-1012.00,Kitchen Manager
35-1012.00,Kitchen Supervisor
35-1012.00,Restaurant Manager
35-2011.00,Cook
35-2011.00,Cook Line Worker
35-2011.00,Fast Food Cook
35-2011.00,Food Cook
35-2011.00,Fry Cook
35-2011.00,Fryer
35-2011.00,Grill Cook
35-2011.00,Line Cook
35-2011.00,Pizza Cook
35-2011.00,Pizza Maker
35-2012.00,Cafeteria Cook
35-2012.00,Cook
35-2012.00,Dietary Cook
35-2012.00,Dinner Cook
35-2012.00,Food Service Specialist
35-2012.00,Food Service Worker
35-2012.00,Prep Cook (Preparatory Cook)
35-2012.00,School Cook
35-2012.00,Sous Chef
35-2013.00,Certified Personal Chef (CPC)
35-2013.00,Personal Chef
35-2013.00,Personal Private Chef
35-2013.00,Private Chef
35-2014.00,Back Line Cook
35-2014.00,Banquet Cook
35-2014.00,Breakfast Cook
35-2014.00,Cook
35-2014.00,Fry Cook
35-2014.00,Grill Cook
35-2014.00,Line Cook
35-2014.00,Prep Cook (Preparation Cook)
35-2014.00,Prep Person (Preparation Person)
35-2014.00,Saucier
35-2015.00,Broiler Cook
35-2015.00,Cook
35-2015.00,Deli Cook (Delicatessen Cook)
35-2015.00,Food and Beverage Attendant
35-2015.00,Grill Cook
35-2015.00,Line Cook
35-2015.00,Pizza Maker
35-2015.00,Prep Cook (Preparation Cook)
35-2015.00,Short Order Cook
35-2015.00,Snack Bar Cook
35-2021.00,Cook
35-2021.00,Cook Aide
35-2021.00,Deli Clerk (Delicatessen Clerk)
35-2021.00,Diet Aide
35-2021.00,Dietary Aide
35-2021.00,Food Prep (Food Preparer)
35-2021.00,Food Service Aide
35-2021.00,Food Service Worker (FSW)
35-2021.00,Line Cook
35-2021.00,Nutrition Aide
35-3011.00,Banquet Bartender
35-3011.00,Bar Captain
35-3011.00,Bartender
35-3011.00,Mixologist
35-3023.00,Cafe Server
35-3023.00,Cafeteria Server
35-3023.00,Cafeteria Worker
35-3023.00,Counter Worker
35-3023.00,Deli Worker (Delicatessen Worker)
35-3023.00,Dietary Aide
35-3023.00,Food Server
35-3023.00,Food Service Worker
35-3023.00,Server
35-3023.00,Snack Bar Attendant
35-3023.01,Bobarista
35-3023.01,Catering Barista
35-3031.00,Banquet Server
35-3031.00,Busser
35-3031.00,Cocktail Server
35-3031.00,Food Runner
35-3031.00,Food Server
35-3031.00,Restaurant Server
35-3031.00,Room Service Server
35-3031.00,Server
35-3031.00,Waiter
35-3031.00,Waitress
35-3041.00,Food Server
35-3041.00,Food Service Worker
35-3041.00,Kitchen Runner
35-3041.00,Room Server
35-3041.00,Room Service Server
35-3041.00,Tray Server
35-9011.00,Barback
35-9011.00,Buffet Attendant
35-9011.00,Bus Boy
35-9011.00,Bus Person
35-9011.00,Busser
35-9011.00,Dining Room Attendant
35-9011.00,Food Service Aide
35-9011.00,Food Service Helper
35-9011.00,Server Assistant
35-9011.00,Server's Assistant
35-9021.00,Busser
35-9021.00,Dish Machine Operator (DMO)
35-9021.00,Dish Room Worker
35-9021.00,Dish Runner
35-9021.00,Dish Technician (Dish Tech)
35-9021.00,Dishwasher
35-9021.00,Kitchen Helper
35-9021.00,Kitchen Steward
35-9021.00,Steward
35-9021.00,Utility Worker
35-9031.00,Buffet Hostess
35-9031.00,Dining Coordinator
35-9031.00,Greeter
35-9031.00,Host
35-9031.00,Host Coordinator
35-9031.00,Hostess
35-9031.00,Private Dining Coordinator
35-9031.00,Seater
37-1011.00,Building Services Supervisor
37-1011.00,Buildings and Grounds Supervisor
37-1011.00,Custodian Supervisor
37-1011.00,Environmental Services Supervisor (EVS)
37-1011.00,Executive Housekeeper
37-1011.00,Housekeeping Supervisor
37-1011.00,Janitorial Supervisor
37-1011.00,Laundry Supervisor
37-1011.00,Maintenance Supervisor
37-1012.00,Field Manager
37-1012.00,Golf Course Superintendent
37-1012.00,Grounds Crew Supervisor
37-1012.00,Grounds Foreman
37-1012.00,Grounds Maintenance Supervisor
37-1012.00,Grounds Manager
37-1012.00,Grounds Supervisor
37-1012.00,Groundskeeper Supervisor
37-1012.00,Landscape Manager
37-1012.00,Landscape Supervisor
37-2011.00,Building Custodian
37-2011.00,Building Services Technician (Building Services Tech)
37-2011.00,Building Services Worker
37-2011.00,Cleaner
37-2011.00,Custodial Worker
37-2011.00,Custodian
37-2011.00,Facilities Worker
37-2011.00,Heavy Duty Custodian
37-2011.00,Janitor
37-2011.00,School Custodian
37-2012.00,Chambermaid
37-2012.00,Cleaner
37-2012.00,Cottage Attendant
37-2012.00,Environmental Services Aide
37-2012.00,Environmental Services Worker
37-2012.00,Guest Room Attendant (GRA)
37-2012.00,Housekeeper
37-2012.00,Housekeeping Laundry Worker
37-2012.00,Room Cleaner
37-2021.00,Commercial Pest Control Technician (Commercial Pest Control Tech)
37-2021.00,Exterminator
37-2021.00,Pest Control Applicator
37-2021.00,Pest Control Chemical Technician (Pest Control Chemical Tech)
37-2021.00,Pest Control Operator
37-2021.00,Pest Control Technician (Pest Control Tech)
37-2021.00,Pest Technician (Pest Tech)
37-2021.00,Residential Pest Control Technician (Residential Pest Control Tech)
37-2021.00,Route Technician (Route Tech)
37-2021.00,Termite Technician (Termite Tech)
37-3011.00,Athletic Fieldskeeper
37-3011.00,Greenskeeper
37-3011.00,Grounds Maintenance Worker
37-3011.00,Grounds Specialist
37-3011.00,Groundskeeper
37-3011.00,Groundsman
37-3011.00,Landscape Specialist
37-3011.00,Landscape Technician (Landscape Tech)
37-3011.00,Landscaper
37-3011.00,Outside Maintenance Worker
37-3012.00,Applicator
37-3012.00,Chemical Applicator
37-3012.00,Herbicide Applicator
37-3012.00,IPM Technician (Integrated Pest Management Technician)
37-3012.00,Lawn Specialist
37-3012.00,Pesticide Applicator
37-3012.00,Shrub Technician (Shrub Tech)
37-3012.00,Spray Applicator
37-3012.00,Spray Technician (Spray Tech)
37-3012.00,Sprayer
37-3013.00,Arborist
37-3013.00,Climber
37-3013.00,Grounds Worker
37-3013.00,Groundsman
37-3013.00,Laborer
37-3013.00,Plant Health Care Technician
37-3013.00,Tree Climber
37-3013.00,Tree Trimmer
37-3013.00,Trimmer
39-1013.00,Casino Manager
39-1013.00,Casino Shift Manager (CSM)
39-1013.00,Floor Supervisor
39-1013.00,Pit Boss
39-1013.00,Pit Supervisor
39-1013.00,Slot Floor Person
39-1013.00,Slot Shift Manager
39-1013.00,Slot Shift Supervisor
39-1013.00,Slot Supervisor
39-1013.00,Table Games Supervisor
39-1014.00,Caddymaster
39-1014.00,Community Life Director
39-1014.00,Guest Services Manager
39-1014.00,Guest Services Supervisor
39-1014.00,Hair Salon Manager
39-1014.00,Recreation Coordinator
39-1014.00,Recreation Supervisor
39-1014.00,Salon Manager
39-1014.00,Summer Camp Supervisor
39-1014.00,Visitor Experience Supervisor
39-1022.00,Adult Family Home Program Manager
39-1022.00,Aquatics Supervisor
39-1022.00,Bar and Restaurant Manager
39-1022.00,Clinical Care Coordinator
39-1022.00,Clinical Coordinator
39-1022.00,Clinical Services Program Manager
39-1022.00,Direct Care Supervisor
39-1022.00,Housekeeping Supervisor
39-1022.00,Resident Care Supervisor
39-2011.00,Agility Instructor
39-2011.00,Dog Obedience Instructor
39-2011.00,Dog Trainer
39-2011.00,Guide Dog Instructor
39-2011.00,Guide Dog Mobility Instructor (GDMI)
39-2011.00,Guide Dog Trainer
39-2011.00,Horse Trainer
39-2011.00,Racehorse Trainer
39-2011.00,Service Dog Trainer
39-2011.00,Trainer
39-2021.00,Animal Care Giver (ACG)
39-2021.00,Aquarist
39-2021.00,Dog Bather
39-2021.00,Dog Groomer
39-2021.00,Groomer
39-2021.00,Kennel Attendant
39-2021.00,Kennel Technician (Kennel Tech)
39-2021.00,Pet Groomer
39-2021.00,Pet Stylist
39-2021.00,Zookeeper
39-3011.00,Black Jack Dealer
39-3011.00,Blackjack Dealer
39-3011.00,Card Dealer
39-3011.00,Casino Dealer
39-3011.00,Dealer
39-3011.00,Dual Rate Dealer
39-3011.00,Games Dealer
39-3011.00,Poker Dealer
39-3011.00,Table Games Dealer
39-3011.00,Twenty-One Dealer
39-3012.00,Bingo Caller
39-3012.00,Casino Attendant
39-3012.00,Casino Floor Runner
39-3012.00,Casino Runner
39-3012.00,Floor Runner
39-3012.00,Gaming Floor Attendant
39-3012.00,Keno Attendant
39-3012.00,Keno Runner
39-3012.00,Racebook Writer
39-3012.00,Sportsbook Writer
39-3021.00,Booth Operator
39-3021.00,Cinema Projectionist
39-3021.00,Digital Projectionist
39-3021.00,Film Specialist
39-3021.00,Motion Picture Projectionist
39-3021.00,Movie Projectionist
39-3021.00,Projection Technician
39-3021.00,Projectionist
39-3021.00,Projector Booth Operator
39-3021.00,Technical Projection Guide
39-3031.00,Lobby Attendant
39-3031.00,Theater Attendant
39-3031.00,Theatre Usher
39-3031.00,Ticket Attendant
39-3031.00,Ticket Taker
39-3031.00,Usher
39-3031.00,Visitor Services Assistant
39-3031.00,Visitor Services Associate
39-3031.00,Visitor Services Representative
39-3031.00,Visitor Services Specialist
39-3091.00,Activities Attendant
39-3091.00,Coaster Attendant
39-3091.00,Golf Course Ranger
39-3091.00,Golf Course Starter
39-3091.00,Recreation Aide
39-3091.00,Recreation Attendant
39-3091.00,Recreation Clerk
39-3091.00,Ride Operator
39-3091.00,Ski Lift Operator
39-3091.00,Sports Complex Attendant
39-3092.00,Costume Draper
39-3092.00,Costume Seamstress
39-3092.00,Costumer
39-3092.00,Draper
39-3092.00,Dresser
39-3092.00,Wardrobe Assistant
39-3092.00,Wardrobe Attendant
39-3092.00,Wardrobe Supervisor
39-3093.00,Attendant
39-3093.00,Coat Check Attendant
39-3093.00,Coat Checker
39-3093.00,Coat Room Attendant
39-3093.00,Fitting Room Attendant
39-3093.00,Ladies Locker Room Attendant
39-3093.00,Locker Attendant
39-3093.00,Locker Room Attendant
39-3093.00,Mens Locker Room Attendant
39-3093.00,Spa Attendant
39-4011.00,Embalmer
39-4011.00,Licensed Embalmer
39-4011.00,Trade Embalmer
39-4021.00,Funeral Assistant
39-4021.00,Funeral Associate
39-4021.00,Funeral Attendant
39-4021.00,Funeral Director
39-4021.00,Funeral Greeter
39-4021.00,Funeral Home Assistant
39-4021.00,Funeral Home Associate
39-4021.00,Funeral Home Attendant
39-4031.00,Funeral Arrangement Director
39-4031.00,Funeral Arranger
39-4031.00,Funeral Counselor
39-4031.00,Funeral Director
39-4031.00,Funeral Family Service Assistant
39-4031.00,Funeral Location Manager
39-4031.00,Funeral Prearrangement Counselor
39-4031.00,Licensed Funeral Director
39-4031.00,Licensed Mortician
39-4031.00,Mortician
39-5011.00,Barber Shop Operator
39-5011.00,Barber Stylist
39-5011.00,Hair Stylist
39-5011.00,Stylist
39-5012.00,Beautician
39-5012.00,Beauty Specialist
39-5012.00,Cosmetologist
39-5012.00,Hair Artist
39-5012.00,Hair Dresser
39-5012.00,Hair Stylist
39-5012.00,Hairdresser
39-5012.00,Hairstylist
39-5012.00,Lash Technician (Lash Tech)
39-5012.00,Stylist
39-5091.00,Commercial Makeup Artist (Commercial MUA)
39-5091.00,Hair and Makeup Designer
39-5091.00,Makeup Artist (MUA)
39-5091.00,Prosthetic Makeup Designer
39-5091.00,Special Effects Makeup Artist (Special Effects MUA)
39-5091.00,Special Makeup Effects Artist
39-5091.00,TV and Film Makeup Artist (Television and Film Makeup Artist)
39-5092.00,Manicurist
39-5092.00,Nail Technician (Nail Tech)
39-5092.00,Pedicurist
39-5093.00,Hair Assistant
39-5093.00,Shampoo Assistant
39-5093.00,Shampoo Person
39-5093.00,Shampoo Technician
39-5093.00,Shampooer
39-5093.00,Stylist Assistant
39-5094.00,Aesthetician
39-5094.00,Clinical Esthetician
39-5094.00,Electrologist
39-5094.00,Esthetician
39-5094.00,Facialist
39-5094.00,Medical Esthetician
39-5094.00,Skin Therapist
39-5094.00,Skincare Specialist
39-5094.00,Skincare Therapist
39-5094.00,Spa Technician (Spa Tech)
39-6011.00,Bell Captain
39-6011.00,Bell Person
39-6011.00,Bellhop
39-6011.00,Bellman
39-6011.00,Bellperson
39-6011.00,Doorman
39-6011.00,Ground Support Agent
39-6011.00,Sky Cap
39-6011.00,Skycap
39-6011.00,Valet
39-6012.00,Activities Concierge
39-6012.00,Chef Concierge
39-6012.00,Club Concierge
39-6012.00,Concierge
39-6012.00,Conference Concierge
39-6012.00,Front Desk Agent
39-6012.00,Guest Service Agent
39-6012.00,Hotel Concierge
39-6012.00,Lobby Concierge
39-6012.00,Service Concierge
39-7011.00,Art Museum Docent
39-7011.00,Discovery Guide
39-7011.00,Docent
39-7011.00,Guide
39-7011.00,Historical Interpreter
39-7011.00,Museum Docent
39-7011.00,Museum Educator
39-7011.00,Museum Guide
39-7011.00,Science Interpreter
39-7011.00,Tour Guide
39-7012.00,Cruise Counselor
39-7012.00,Guide
39-7012.00,Naturalist Guide
39-7012.00,Tour Coordinator
39-7012.00,Tour Escort
39-7012.00,Tour Manager
39-7012.00,Tour Operations Specialist
39-7012.00,Tour Operator
39-7012.00,Travel Consultant
39-7012.00,Whitewater Rafting Guide
39-9011.00,Caregiver
39-9011.00,Child Care Worker
39-9011.00,Child Caregiver
39-9011.00,Childcare Provider
39-9011.00,Childcare Worker
39-9011.00,Daycare Teacher
39-9011.00,Daycare Worker
39-9011.00,Infant Teacher
39-9011.00,Toddler Teacher
39-9011.01,Family Assistant
39-9011.01,Family Manager
39-9011.01,Governess
39-9011.01,House Manager
39-9011.01,Household Manager
39-9011.01,Nanny
39-9011.01,Special Needs Nanny
39-9011.01,Travel Nanny
39-9031.00,Aerobics Instructor
39-9031.00,Fitness Instructor
39-9031.00,Fitness Specialist
39-9031.00,Fitness Trainer
39-9031.00,Group Exercise Instructor
39-9031.00,Group Fitness Instructor
39-9031.00,Personal Trainer
39-9031.00,Private Trainer
39-9031.00,Strength and Conditioning Coach
39-9031.00,Yoga Instructor
39-9032.00,Activities Assistant
39-9032.00,Activities Director
39-9032.00,Activity Aide
39-9032.00,Activity Assistant
39-9032.00,Activity Coordinator
39-9032.00,Activity Director
39-9032.00,Recreation Assistant
39-9032.00,Recreation Coordinator
39-9032.00,Recreation Supervisor
39-9041.00,Hall Coordinator
39-9041.00,Residence Director
39-9041.00,Residence Hall Director
39-9041.00,Residence Life Coordinator
39-9041.00,Residence Life Director
39-9041.00,Resident Advisor
39-9041.00,Resident Assistant
39-9041.00,Resident Director
39-9041.00,Residential Coordinator
39-9041.00,Residential Life Director
41-1011.00,Bakery Manager
41-1011.00,Delicatessen Manager
41-1011.00,Department Manager
41-1011.00,Department Supervisor
41-1011.00,Grocery Manager
41-1011.00,Key Carrier
41-1011.00,Meat Department Manager
41-1011.00,Parts Sales Manager
41-1011.00,Shift Manager
41-1011.00,Store Manager
41-1012.00,Customer Service Department Supervisor
41-1012.00,Customer Service Supervisor
41-1012.00,Driver Sales Supervisor
41-1012.00,Information Center Supervisor
41-1012.00,Inside Sales Supervisor
41-1012.00,Reservations Supervisor
41-1012.00,Sales Department Supervisor
41-1012.00,Sales Leader
41-1012.00,Sales Supervisor
41-1012.00,Sales Team Leader
41-2011.00,Cage Cashier
41-2011.00,Cashier
41-2011.00,Center Aisle Cashier
41-2011.00,Central Aisle Cashier
41-2011.00,Checker
41-2011.00,Customer Assistant
41-2011.00,Sales Associate
41-2011.00,Store Attendant
41-2011.00,Store Clerk
41-2011.00,Toll Collector
41-2012.00,Booth Cashier
41-2012.00,Cage Cashier
41-2012.00,Cashier
41-2012.00,Casino Banker
41-2012.00,Casino Cashier
41-2012.00,Change Person
41-2012.00,Slot Attendant
41-2012.00,Slot Floor Person
41-2012.00,Slot Technician
41-2012.00,Vault Cashier
41-2021.00,Counter Clerk
41-2021.00,Counter Service Representative
41-2021.00,Leasing Consultant
41-2021.00,Rental Agent
41-2021.00,Rental Assistant
41-2021.00,Rental Associate
41-2021.00,Rental Clerk
41-2021.00,Rental Counter Clerk
41-2021.00,Rental Sales Representative
41-2021.00,Video Clerk
41-2022.00,Parts Advisor
41-2022.00,Parts Consultant
41-2022.00,Parts Counter Salesperson
41-2022.00,Parts Counterman
41-2022.00,Parts Counterperson
41-2022.00,Parts Person
41-2022.00,Parts Salesman
41-2022.00,Parts Salesperson
41-2022.00,Parts Specialist
41-2022.00,Wholesale Parts Salesperson
41-2031.00,Car Salesman
41-2031.00,Customer Assistant
41-2031.00,Retail Salesperson
41-2031.00,Sales Associate
41-2031.00,Sales Clerk
41-2031.00,Sales Consultant
41-2031.00,Sales Person
41-2031.00,Sales Representative
41-2031.00,Salesman
41-3011.00,Advertising Account Executive
41-3011.00,Advertising Account Representative
41-3011.00,Advertising Consultant
41-3011.00,Advertising Representative
41-3011.00,Advertising Sales Representative (Ad Sales Representative)
41-3011.00,Directory Advertising Sales Representative (Directory Advertising Sales Rep)
41-3011.00,Display Advertising Sales Representative (Display Advertising Sales Rep)
41-3011.00,Media Consultant
41-3011.00,Multimedia Sales Consultant
41-3011.00,Retail Advertising Account Executive
41-3021.00,Insurance Agent
41-3021.00,Insurance Broker
41-3021.00,Insurance Sales Agent
41-3021.00,Sales Agent
41-3021.00,Sales Associate
41-3021.00,Sales Representative
41-3021.00,Underwriting Sales Representative
41-3031.00,Broker
41-3031.00,Commodities Broker
41-3031.00,Equity Trader
41-3031.00,Financial Advisor
41-3031.00,Financial Consultant
41-3031.00,Investment Representative
41-3031.00,Investments Advisor
41-3031.00,Investments Specialist
41-3031.00,Personal Banker
41-3031.00,Trader
41-3041.00,Auto Travel Counselor
41-3041.00,Beach Expert
41-3041.00,Corporate Travel Consultant
41-3041.00,Destination Specialist
41-3041.00,International Travel Consultant
41-3041.00,Tour Coordinator
41-3041.00,Tour Counselor
41-3041.00,Travel Agent
41-3041.00,Travel Consultant
41-3041.00,Travel Counselor
41-3091.00,National Sales Executive
41-3091.00,Sales Representative (Sales Rep)
41-4011.00,Inside Sales Representative
41-4011.00,Marketing Representative
41-4011.00,Sales Representative
41-4011.07,Energy Consultant
41-4011.07,Sales Associate
41-4011.07,Sales Consultant
41-4011.07,Sales Representative (Sales Rep)
41-4011.07,Salesman
41-4011.07,Solar Consultant
41-4011.07,Solar Energy Consultant
41-4011.07,Solar Sales Consultant
41-4011.07,Solar Sales Representative (Solar Sales Rep)
41-4011.07,Solar Sales Specialist
41-4012.00,Account Representative
41-4012.00,Customer Account Technician
41-4012.00,Inside Salesperson
41-4012.00,Outside Sales Representative
41-4012.00,Route Sales Representative
41-4012.00,Sales Consultant
41-4012.00,Sales Professional
41-4012.00,Sales Representative (Sales Rep)
41-4012.00,Salesman
41-4012.00,Salesperson
41-9011.00,Brand Ambassador
41-9011.00,Demo Specialist (Demonstration Specialist)
41-9011.00,Demonstrator
41-9011.00,Event Specialist
41-9011.00,Field Merchandiser
41-9011.00,Food Demonstrator
41-9011.00,In Store Demonstrator
41-9011.00,Merchandiser
41-9011.00,Product Ambassador
41-9011.00,Product Demonstrator
41-9012.00,Art Class Model
41-9012.00,Art Model
41-9012.00,Artist's Model
41-9012.00,Figure Model
41-9012.00,Fine Arts Model
41-9012.00,Life Drawing Model
41-9012.00,Model
41-9012.00,Nude Model
41-9012.00,Studio Model
41-9012.00,Undraped Artist Model
41-9021.00,Broker
41-9021.00,Broker Associate
41-9021.00,Commercial Leasing Broker
41-9021.00,Commercial Real Estate Advisor
41-9021.00,Commercial Real Estate Broker
41-9021.00,Designated Broker
41-9021.00,Managing Broker
41-9021.00,Real Estate Associate
41-9021.00,Real Estate Sales Associate
41-9021.00,Realtor
41-9022.00,Real Estate Agent
41-9022.00,Real Estate Salesperson
41-9022.00,Realtor
41-9022.00,Realtor Associate
41-9031.00,Business Development Engineer
41-9031.00,Inside Sales Engineer
41-9031.00,Product Sales Engineer
41-9031.00,Sales Applications Engineer
41-9031.00,Sales Engineer
41-9031.00,Technical Marketing Engineer
41-9031.00,Technical Sales Engineer
41-9041.00,Call Agent
41-9041.00,Inside Sales Representative (Inside Sales Rep)
41-9041.00,Telemarketer
41-9041.00,Telemarketing Sales Representative (Telemarketing Sales Rep)
41-9041.00,Telephone Sales Representative (TSR)
41-9041.00,Telephone Service Representative (TSR)
41-9041.00,Telesales Representative (Telesales Rep)
41-9041.00,Telesales Specialist
41-9091.00,Direct Sales Coach
41-9091.00,Door-to-Door Sales Trainer
41-9091.00,Independent Beauty Consultant
41-9091.00,Independent Distributor
41-9091.00,Independent Sales Associate
41-9091.00,Independent Sales Representative
41-9091.00,Sales Representative (Sales Rep)
41-9091.00,Street Vendor
43-1011.00,Accounting Manager
43-1011.00,Accounts Payable Supervisor
43-1011.00,Accounts Receivable Manager
43-1011.00,Administrative Supervisor
43-1011.00,Customer Service Manager
43-1011.00,Customer Service Supervisor
43-1011.00,Office Coordinator
43-1011.00,Office Manager
43-1011.00,Office Supervisor
43-1011.00,Staff Services Manager
43-2011.00,CBX Operator (Computerized Branch Exchange Operator)
43-2011.00,Central Communications Specialist
43-2011.00,Communications Operator
43-2011.00,Communications Specialist
43-2011.00,Information Specialist
43-2011.00,PBX Operator (Private Branch Exchange Operator)
43-2011.00,Switchboard Operator (SB Operator)
43-2011.00,Switchboard Receptionist (SB Receptionist)
43-2011.00,Telecommunications Clerk
43-2011.00,Telecommunications Operator
43-2021.00,411 Directory Assistance Operator (411 Directory Assistance Op)
43-2021.00,Directory Assistance Operator (Directory Assistance Op)
43-2021.00,Information Specialist
43-2021.00,Live Source Operator (Live Source Op)
43-2021.00,Long Distance Operator (LD Operator)
43-2021.00,PBX Operator (Post Box Exchange Operator)
43-2021.00,Phone Operator (Telephone Operator)
43-2021.00,Phone Secretary (Telephone Secretary)
43-2021.00,TELECOM Op (Telecommunications Operator)
43-2021.00,Toll Operator (Toll Op)
43-3011.00,Account Representative
43-3011.00,Accounts Receivable Specialist (AR Specialist)
43-3011.00,Collection Agent
43-3011.00,Collection Specialist
43-3011.00,Collector
43-3011.00,Debt Collector
43-3011.00,Patient Access Specialist
43-3011.00,Patient Account Representative
43-3011.00,Telephone Collector
43-3021.00,Biller
43-3021.00,Billing Accounts Representative
43-3021.00,Billing Clerk
43-3021.00,Billing Coordinator
43-3021.00,Billing Specialist
43-3021.00,IP Clerk (Item Processing Clerk)
43-3021.00,Pre Audit Clerk
43-3021.00,Statement Clerk
43-3021.00,Statement Distribution Clerk
43-3031.00,Account Clerk
43-3031.00,Accounting Assistant
43-3031.00,Accounting Associate
43-3031.00,Accounting Clerk
43-3031.00,Accounting Specialist
43-3031.00,Accounting Technician
43-3031.00,Accounts Payable Clerk
43-3031.00,Accounts Payable Specialist
43-3031.00,Accounts Payables Clerk
43-3031.00,Accounts Receivable Clerk
43-3041.00,Cage and Players Club Rep (Cage and Players Club Representative)
43-3041.00,Cage Cashier
43-3041.00,Casino Cage Cashier
43-3041.00,Casino Cashier
43-3041.00,Casino Services Rep (Casino Services Representative)
43-3041.00,Dual Rate Banker
43-3041.00,Gaming Cage Worker
43-3041.00,Gaming Cashier
43-3041.00,Mutuel Clerk
43-3041.00,Vault Cashier
43-3051.00,Payroll Assistant
43-3051.00,Payroll Clerk
43-3051.00,Payroll Coordinator
43-3051.00,Payroll Representative
43-3051.00,Payroll Specialist
43-3051.00,Payroll Technician
43-3051.00,Personnel Assistant
43-3051.00,Personnel Technician
43-3051.00,Timekeeper
43-3061.00,Buyer
43-3061.00,Procurement Assistant
43-3061.00,Procurement Officer
43-3061.00,Procurement Specialist
43-3061.00,Purchasing Assistant
43-3061.00,Purchasing Associate
43-3061.00,Purchasing Clerk
43-3061.00,Purchasing Coordinator
43-3061.00,Purchasing Specialist
43-3061.00,Warehouse Clerk
43-3071.00,Account Representative
43-3071.00,Bank Teller
43-3071.00,Branch Operations Specialist
43-3071.00,Customer Relationship Specialist
43-3071.00,Customer Service Associate (CSA)
43-3071.00,Financial Services Representative (FSR)
43-3071.00,Member Services Representative
43-3071.00,Personal Banking Representative
43-3071.00,Roving Teller
43-3071.00,Teller
43-4011.00,Account Administrator
43-4011.00,Client Associate
43-4011.00,Client Service Associate
43-4011.00,Operations Clerk
43-4011.00,Operations Coordinator
43-4011.00,Registered Account Administrator
43-4011.00,Registered Sales Assistant
43-4011.00,Sales Assistant
43-4011.00,Sales Trader
43-4011.00,Trading Assistant
43-4021.00,Chargeback Specialist
43-4021.00,Claims Correspondence Clerk
43-4021.00,Correspondence Clerk
43-4021.00,Correspondence Coordinator
43-4021.00,Correspondence Representative (Correspondence Rep)
43-4021.00,Correspondent
43-4021.00,Dispute Resolution Analyst
43-4021.00,Dispute Specialist
43-4021.00,Office Technician (Office Tech)
43-4021.00,Technical Clerk
43-4031.00,City Clerk
43-4031.00,City Recorder
43-4031.00,City Secretary
43-4031.00,Court Clerk
43-4031.00,License Clerk
43-4031.00,License Specialist
43-4031.00,Motor Vehicle Licensing Clerk
43-4031.00,Municipal Clerk
43-4031.00,Permit Service Representative (Permit Service Rep)
43-4031.00,Town Clerk
43-4041.00,Commercial Credit Reviewer
43-4041.00,Commercial Loan Reviewer
43-4041.00,Credit Investigator
43-4041.00,Credit Processor
43-4041.00,Credit Representative
43-4051.00,Account Representative
43-4051.00,Call Center Representative
43-4051.00,Client Services Representative
43-4051.00,Customer Care Representative (CCR)
43-4051.00,Customer Service Agent
43-4051.00,Customer Service Representative (CSR)
43-4051.00,Customer Service Specialist
43-4051.00,Customer Support Representative (Customer Support Rep)
43-4051.00,Guest Service Agent
43-4051.00,Member Services Representative (Member Services Rep)
43-4061.00,Benefits Program Tech (Benefits Program Technician)
43-4061.00,Business and Employment Specialist
43-4061.00,Case Manager
43-4061.00,Eligibility Examiner
43-4061.00,Eligibility Specialist
43-4061.00,Eligibility Worker
43-4061.00,Program Eligibility Specialist
43-4061.00,Social Welfare Examiner (SWEX)
43-4061.00,Workforce Advisor
43-4061.00,Workforce Services Representative (WSR)
43-4071.00,Claims Clerk
43-4071.00,Clerk
43-4071.00,Clerk Typist
43-4071.00,Documentation Specialist
43-4071.00,File Clerk
43-4071.00,Medical Records Clerk
43-4071.00,Office Assistant
43-4071.00,Police Records Clerk
43-4071.00,Records Clerk
43-4071.00,Records Custodian
43-4081.00,Desk Clerk
43-4081.00,Front Desk Agent
43-4081.00,Front Desk Associate
43-4081.00,Front Desk Attendant
43-4081.00,Front Desk Clerk
43-4081.00,Front Desk Receptionist
43-4081.00,Guest Service Representative (GSR)
43-4081.00,Guest Services Agent (GSA)
43-4081.00,Hotel Desk Clerk
43-4081.00,Reservationist
43-4111.00,Admissions Clerk
43-4111.00,Admissions Representative
43-4111.00,Admitting Representative
43-4111.00,Data Collection Assistant
43-4111.00,Interviewer
43-4111.00,Market Research Interviewer
43-4111.00,Registration Clerk
43-4111.00,Research Interviewer
43-4111.00,Survey Interviewer
43-4111.00,Telephone Interviewer
43-4121.00,Acquisitions Assistant
43-4121.00,Cataloging Assistant
43-4121.00,Library Aide
43-4121.00,Library Assistant
43-4121.00,Library Associate
43-4121.00,Library Circulation Assistant
43-4121.00,Library Clerical Assistant
43-4121.00,Library Clerk
43-4121.00,Library Services Assistant
43-4131.00,Licensed Loan Officer Assistant
43-4131.00,Loan Analyst
43-4131.00,Loan Assistant
43-4131.00,Loan Clerk
43-4131.00,Loan Originator
43-4131.00,Loan Processor
43-4131.00,Loan Representative
43-4131.00,Mortgage Broker
43-4131.00,Mortgage Loan Processor
43-4131.00,Mortgage Processor
43-4141.00,Banking Services Representative
43-4141.00,Customer Service Specialist
43-4141.00,Financial Service Representative
43-4141.00,Financial Services Representative
43-4141.00,Member Service Representative
43-4141.00,New Accounts Clerk
43-4141.00,New Accounts Representative
43-4141.00,Personal Banker
43-4141.00,Relationship Banker
43-4141.00,Universal Banker
43-4151.00,Hub Associate
43-4151.00,Materials Specialist
43-4151.00,Order Analyst
43-4151.00,Order Clerk
43-4151.00,Order Entry Administrator (Order Entry Admin)
43-4151.00,Order Entry Representative (Order Entry Rep)
43-4151.00,Order Processing Clerk
43-4151.00,Order Taker
43-4151.00,Warehouse Clerk
43-4151.00,Warehouse Person
43-4161.00,Human Resources Administrative Assistant (HR Administrative Assistant)
43-4161.00,Human Resources Assistant (HR Assistant)
43-4161.00,Human Resources Associate (HR Associate)
43-4161.00,Personnel Clerk
43-4171.00,Clerk Specialist
43-4171.00,Front Desk Receptionist
43-4171.00,Greeter
43-4171.00,Information Assistant (Info Assistant)
43-4171.00,Medical Receptionist
43-4171.00,Member Services Representative (Member Services Rep)
43-4171.00,Office Assistant
43-4171.00,Receptionist
43-4171.00,Registration Clerk
43-4171.00,Scheduler
43-4181.00,Airline Ticket Agent
43-4181.00,Airport Sales Agent
43-4181.00,Baggage Service Agent
43-4181.00,Corporate Travel Agent
43-4181.00,Reservation Agent
43-4181.00,Reservationist
43-4181.00,Reservations Agent
43-4181.00,Station Agent
43-4181.00,Ticket Agent
43-4181.00,Tour Sales Representative
43-5011.00,Air Export Specialist
43-5011.00,Drop Shipment Clerk
43-5011.00,Freight Broker
43-5011.00,Intermodal Dispatcher
43-5011.00,International Coordinator
43-5011.00,Load Planner
43-5011.00,Logistics Coordinator
43-5011.00,Logistics Service Representative
43-5011.00,Ship Broker
43-5011.00,Traffic and Documentation Clerk
43-5011.01,Air Export Agent
43-5011.01,Air Export Coordinator
43-5011.01,Export Coordinator
43-5011.01,Freight Forwarder
43-5011.01,GSA Coordinator (General Services Administration Coordinator)
43-5011.01,Import Agent
43-5011.01,Ocean Export Specialist
43-5011.01,Relocation Coordinator
43-5011.01,Route Specialist
43-5021.00,Courier
43-5021.00,Delivery Driver
43-5021.00,Driver
43-5021.00,Lab Courier (Laboratory Courier)
43-5021.00,Mail Carrier
43-5021.00,Mailroom Courier
43-5021.00,Messenger
43-5021.00,Security Messenger
43-5021.00,Transporter
43-5021.00,Vehicle Delivery Worker
43-5031.00,911 Dispatcher
43-5031.00,Communications Officer
43-5031.00,Communications Operator
43-5031.00,Communications Specialist
43-5031.00,Emergency Communications Dispatcher
43-5031.00,Emergency Communications Operator (ECO)
43-5031.00,Police Dispatcher
43-5031.00,Public Safety Dispatcher
43-5031.00,Telecommunicator
43-5032.00,Aircraft Dispatcher
43-5032.00,Charter Coordinator
43-5032.00,City Dispatcher
43-5032.00,Dispatcher (Dispatch)
43-5032.00,Mine Dispatcher
43-5032.00,Paratransit Dispatcher
43-5032.00,School Bus Dispatcher
43-5032.00,Taxi Dispatcher
43-5032.00,Train Dispatcher
43-5032.00,Truck Dispatcher
43-5041.00,Field Technician (Field Tech)
43-5041.00,Meter Reader
43-5041.00,Meter Reading Clerk
43-5041.00,Meter Service Technician (Meter Service Tech)
43-5041.00,Meter Service Worker
43-5041.00,Meter Technician (Meter Tech)
43-5041.00,Utility Service Worker
43-5041.00,Water Inspector
43-5041.00,Water Meter Reader
43-5041.00,Water Use Inspector
43-5051.00,Bulk Mail Technician
43-5051.00,Clerk
43-5051.00,Distribution Clerk
43-5051.00,Part Time Flexible Clerk (PTF Clerk)
43-5051.00,Postal Clerk
43-5051.00,Sales and Distribution Clerk
43-5051.00,Sales and Service Associate (SSA)
43-5051.00,Window Clerk
43-5052.00,City Carrier
43-5052.00,City Carrier Assistant (CCA)
43-5052.00,City Letter Carrier
43-5052.00,City Mail Carrier
43-5052.00,Letter Carrier
43-5052.00,Mail Carrier
43-5052.00,Rural Carrier
43-5052.00,Rural Carrier Associate (RCA)
43-5052.00,Rural Mail Carrier
43-5052.00,Rural Route Carrier
43-5053.00,Automation Clerk
43-5053.00,Computer Forwarding System Markup Clerk (CFS Markup Clerk)
43-5053.00,Distribution Clerk
43-5053.00,Flat Sorting Machine Clerk (FSM Clerk)
43-5053.00,Mail Handler
43-5053.00,Mail Handler Equipment Operator
43-5053.00,Mail Processing Clerk
43-5053.00,Mail Processor
43-5053.00,Parcel Post Distribution Machine Operator (PDPMO)
43-5053.00,Small Package and Bundle Sorter Clerk (SPBS Clerk)
43-5061.00,Expeditor
43-5061.00,Inventory Control Specialist
43-5061.00,Material Requirements Planner (MRP)
43-5061.00,Materials Coordinator
43-5061.00,Materials Planner
43-5061.00,Production Assistant
43-5061.00,Production Clerk
43-5061.00,Production Controller
43-5061.00,Production Planner
43-5061.00,Production Scheduler
43-5071.00,Materials Control Associate
43-5071.00,Order Fulfillment Specialist
43-5071.00,Receiver
43-5071.00,Receiving Associate
43-5071.00,Receiving Clerk
43-5071.00,Receiving Coordinator
43-5071.00,Shipper
43-5071.00,Shipping Clerk
43-5071.00,Shipping Coordinator
43-5071.00,Traffic Assistant
43-5111.00,Cycle Counter
43-5111.00,Fluid Operator
43-5111.00,Inventory Specialist
43-5111.00,Quality Assurance Inspector (QA Inspector)
43-5111.00,Scale Operator
43-5111.00,Supply Clerk
43-5111.00,Temperature Taker
43-6011.00,Administrative Aide
43-6011.00,Administrative Assistant
43-6011.00,Administrative Associate
43-6011.00,Administrative Coordinator
43-6011.00,Administrative Secretary
43-6011.00,Administrative Specialist
43-6011.00,Executive Administrative Assistant
43-6011.00,Executive Assistant
43-6011.00,Executive Secretary
43-6011.00,Office Assistant
43-6012.00,Confidential Secretary
43-6012.00,Legal Administrative Assistant (Legal Admin Assistant)
43-6012.00,Legal Administrator (Legal Admin)
43-6012.00,Legal Coordinator
43-6012.00,Legal Management Assistant
43-6012.00,Legal Office Support Assistant
43-6012.00,Legal Practice Assistant
43-6012.00,Legal Secretary
43-6012.00,Litigation Secretary
43-6012.00,Magistrate Assistant
43-6013.00,Clinic Office Assistant
43-6013.00,Front Desk Receptionist
43-6013.00,Medical Office Specialist
43-6013.00,Medical Receptionist
43-6013.00,Medical Secretary
43-6013.00,Physician Office Specialist
43-6013.00,Secretary
43-6013.00,Unit Clerk
43-6013.00,Unit Support Representative
43-6013.00,Ward Clerk
43-6014.00,Administrative Assistant (Admin Assistant)
43-6014.00,Administrative Clerk
43-6014.00,Administrative Secretary (Admin Secretary)
43-6014.00,Administrative Specialist (Admin Specialist)
43-6014.00,Administrative Support Assistant (ASA)
43-6014.00,Administrative Technician
43-6014.00,Department Secretary
43-6014.00,Office Assistant
43-6014.00,Secretary
43-6014.00,Staff Assistant
43-9021.00,Data Capture Specialist
43-9021.00,Data Entry Clerk
43-9021.00,Data Entry Machine Operator
43-9021.00,Data Entry Operator
43-9021.00,Data Entry Specialist
43-9021.00,Data Transcriber
43-9021.00,Records Clerk
43-9021.00,Underwriting Support Specialist
43-9022.00,Clerk Specialist
43-9022.00,Clerk Typist
43-9022.00,Keyboard Specialist
43-9022.00,Stenographer
43-9022.00,Typist
43-9022.00,Word Processing Operator
43-9022.00,Word Processing Specialist
43-9022.00,Word Processor
43-9031.00,Advertising Associate
43-9031.00,Compositor
43-9031.00,Computer Typesetter
43-9031.00,Design Editor
43-9031.00,Desktop Operator
43-9031.00,Desktop Publishing Specialist
43-9031.00,Electronic Console Display Operator
43-9031.00,Electronic Imager
43-9031.00,Electronic Publishing Specialist
43-9031.00,Publisher
43-9041.00,Claims Adjudicator
43-9041.00,Claims Analyst
43-9041.00,Claims Clerk
43-9041.00,Claims Customer Service Representative (Claims CSR)
43-9041.00,Claims Processor
43-9041.00,Claims Representative (Claims Rep)
43-9041.00,Claims Technician (Claims Tech)
43-9041.00,Insurance Analyst
43-9041.00,Policy Analyst
43-9041.00,Underwriting Assistant
43-9051.00,Insert Operator
43-9051.00,Inserter Operator
43-9051.00,Mail Clerk
43-9051.00,Mail Handler
43-9051.00,Mail Machine Operator
43-9051.00,Mail Processor
43-9051.00,Mail Sorter
43-9051.00,Mailing Equipment Operator
43-9051.00,Mailroom Processor
43-9051.00,Postal Clerk
43-9061.00,Administrative Clerk (Admin Clerk)
43-9061.00,Clerical Aide
43-9061.00,Clerical Assistant
43-9061.00,Clerk
43-9061.00,General Clerk
43-9061.00,Office Assistant
43-9061.00,Office Clerk
43-9061.00,Office Services Specialist
43-9061.00,Office Support Assistant
43-9071.00,Copy Center Operator
43-9071.00,Copy Machine Operator
43-9071.00,Copy Technician
43-9071.00,Graphics Production Specialist
43-9071.00,Key Operator
43-9071.00,Machine Operator
43-9071.00,Printing Services Coordinator
43-9071.00,Reprographics Technician
43-9081.00,Copy Editor
43-9081.00,Copyholder
43-9081.00,Editorial Assistant
43-9081.00,News Copy Editor
43-9081.00,Proofer
43-9081.00,Proofreader
43-9081.00,Typesetter
43-9111.00,Actuarial Analyst
43-9111.00,Actuarial Assistant
43-9111.00,Actuarial Associate
43-9111.00,Actuarial Technician (Actuarial Tech)
43-9111.00,Administrative Analyst (Admin Analyst)
43-9111.00,Data Technical Specialist
43-9111.00,Research Assistant
43-9111.00,Research Associate
43-9111.00,Statistical Clerk
43-9111.00,Statistical Technician (Statistical Tech)
45-1011.00,Animal Research Facility Supervisor
45-1011.00,Cattle Manager
45-1011.00,Farm Supervisor
45-1011.00,Fish Hatchery Manager
45-1011.00,Harvesting Supervisor
45-1011.00,Hatchery Manager
45-1011.00,Logging Crew Foreman
45-1011.00,Logging Supervisor
45-1011.00,Pest Management Supervisor
45-1011.00,Wildlife Manager
45-2011.00,Agricultural Commodities Grader (ACG)
45-2011.00,Agricultural Products Agent
45-2011.00,Apiary Inspector
45-2011.00,Brand Inspector
45-2011.00,CSI (Consumer Safety Inspector)
45-2011.00,Food Inspector
45-2011.00,Food Safety Inspector
45-2011.00,FSIS Inspector (Food Safety and Inspection Service Inspector)
45-2011.00,Grain Inspector
45-2011.00,Shipping Point Inspector
45-2021.00,Animal Technician
45-2021.00,Artificial Insemination Technician (AI Technician)
45-2021.00,Artificial Inseminator
45-2021.00,Breeder
45-2021.00,Dog Breeder
45-2021.00,Large Herd Specialist
45-2041.00,Agriculture Laborer
45-2041.00,Apple Sorter
45-2041.00,Corn Lab Technician
45-2041.00,Distribution Technician
45-2041.00,Egg Grader
45-2041.00,Egg Worker
45-2041.00,Grader
45-2041.00,Potato Grader
45-2041.00,Potato Sorter
45-2041.00,Sorter
45-2091.00,Baler Operator
45-2091.00,Cutter Operator
45-2091.00,Equipment Operator
45-2091.00,Farm Equipment Operator
45-2091.00,Hay Baler
45-2091.00,Loader Operator
45-2091.00,Packing Tractor Machine Operator
45-2091.00,Rake Operator
45-2091.00,Sprayer
45-2091.00,Windrower Operator
45-2092.00,Farm Laborer
45-2092.00,Farmer
45-2092.00,Field Irrigation Worker
45-2092.00,Gardener
45-2092.00,Greenhouse Worker
45-2092.00,Grower
45-2092.00,Harvester
45-2092.00,Nursery Worker
45-2092.00,Orchard Worker
45-2092.00,Picker
45-2093.00,Cowboy
45-2093.00,Farm Hand
45-2093.00,Farrowing Worker
45-2093.00,Herdsman
45-2093.00,Livestock Handler
45-2093.00,Milking Worker
45-2093.00,Ranch Hand
45-2093.00,Rancher
45-2093.00,Vaccinator
45-2093.00,Wrangler
45-3031.00,Commercial Fisherman
45-3031.00,Commercial Fishing Vessel Operator
45-3031.00,Deckhand
45-3031.00,Fisherman
45-3031.00,Fur Trapper
45-3031.00,Hunter
45-3031.00,Lobster Fisherman
45-3031.00,Nuisance Trapper
45-3031.00,Trapper
45-3031.00,Wildlife Control Operator
45-4011.00,Christmas Tree Farmer
45-4011.00,Conservation Officer
45-4011.00,Field Laborer
45-4011.00,Forest Ranger
45-4011.00,Forest Resource Specialist
45-4011.00,Forestry Support Specialist
45-4011.00,Park Maintainer
45-4011.00,Reforestation Worker
45-4011.00,Tree Farmer
45-4011.00,Tree Planter
45-4021.00,Bucker
45-4021.00,Cutter Operator
45-4021.00,Feller
45-4021.00,Logger
45-4021.00,Sawyer
45-4021.00,Timber Cutter
45-4021.00,Timber Faller
45-4021.00,Timber Feller
45-4021.00,Tree Faller
45-4021.00,Tree Feller
45-4022.00,Delimber Operator
45-4022.00,Feller Buncher Operator
45-4022.00,Harvester Operator
45-4022.00,Loader Operator
45-4022.00,Log Processor Operator
45-4022.00,Logging Equipment Operator
45-4022.00,Logging Shovel Operator
45-4022.00,Skidder Driver
45-4022.00,Skidder Operator
45-4022.00,Yarder Operator
45-4023.00,Log Buyer
45-4023.00,Log Check Scaler
45-4023.00,Log Grader
45-4023.00,Log Scaler
45-4023.00,Lumber Grader
45-4023.00,Scaler
45-4023.00,Timber Buyer
47-1011.00,Coal Mine Production Foreman
47-1011.00,Construction Foreman
47-1011.00,Construction Supervisor
47-1011.00,Electrical Supervisor
47-1011.00,Field Operations Supervisor
47-1011.00,Field Supervisor
47-1011.00,Insulation Foreman
47-1011.00,Roustabout Field Supervisor
47-1011.00,Sheet Metal Foreman
47-1011.00,Site Superintendent
47-1011.03,Commercial Field Manager
47-1011.03,Commercial Solar Superintendent
47-1011.03,Installation Manager
47-1011.03,Residential Field Manager
47-1011.03,Residential Field Supervisor
47-1011.03,Solar Energy Installation Manager
47-1011.03,Solar Field Supervisor
47-1011.03,Solar Installation Crew Foreman
47-1011.03,Solar Installation Manager
47-1011.03,Solar Installation Supervisor
47-2011.00,Boiler Installer
47-2011.00,Boiler Mechanic
47-2011.00,Boiler Repairman
47-2011.00,Boiler Service Technician (Boiler Service Tech)
47-2011.00,Boiler Technician (Boiler Tech)
47-2011.00,Boilermaker
47-2011.00,Boilermaker Mechanic
47-2011.00,Boilermaker Pipe Fitter
47-2011.00,Boilermaker Welder
47-2011.00,Industrial Boiler Service Technician (Industrial Boiler Service Tech)
47-2021.00,Block Layer
47-2021.00,Block Mason
47-2021.00,Blockmason
47-2021.00,Brick and Block Mason
47-2021.00,Brick Mason
47-2021.00,Bricklayer
47-2021.00,Mason
47-2021.00,Masonry Installer
47-2021.00,Tender
47-2022.00,Marble Installer
47-2022.00,Marble Shop Worker
47-2022.00,Mason
47-2022.00,Mason Mechanic
47-2022.00,Stone Derrickman
47-2022.00,Stone Installer
47-2022.00,Stone Mason
47-2022.00,Stone Setter
47-2022.00,Stonemason
47-2031.00,Bridge Carpenter
47-2031.00,Cabinet Maker
47-2031.00,Carpentry Construction Specialist
47-2031.00,Concrete Carpenter
47-2031.00,Construction Carpenter
47-2031.00,Finish Carpenter
47-2031.00,Form Carpenter
47-2031.00,Maintenance Carpenter
47-2031.00,Rough Carpenter
47-2031.00,Scaffold Builder
47-2041.00,Carpet Flooring Installer
47-2041.00,Carpet Layer
47-2041.00,Carpet Mechanic
47-2041.00,Commercial Floor Covering Installer
47-2041.00,Floor Coverer
47-2041.00,Floor Covering Installer
47-2041.00,Floor Installation Mechanic
47-2041.00,Flooring Installer
47-2041.00,Flooring Mechanic
47-2041.00,Installer
47-2042.00,Floor Covering Contractor
47-2042.00,Floor Coverings Installer
47-2042.00,Floor Installer
47-2042.00,Floor Layer
47-2042.00,Flooring Installer
47-2042.00,Flooring Mechanic
47-2042.00,Tile Installer
47-2042.00,Tile Setter
47-2042.00,Vinyl Installer
47-2042.00,Vinyl Mechanic
47-2043.00,Finisher
47-2043.00,Floor Finisher
47-2043.00,Floor Mechanic
47-2043.00,Floor Refinisher
47-2043.00,Floor Sander
47-2043.00,Floor Sander and Finisher
47-2043.00,Hardwood Floor Finisher and Sander
47-2043.00,Hardwood Floor Refinisher
47-2043.00,Hardwood Floor Sander
47-2043.00,Sander
47-2044.00,Ceramic Tile Mechanic
47-2044.00,Ceramic Tile Setter
47-2044.00,Tile and Marble Installer
47-2044.00,Tile and Marble Setter
47-2044.00,Tile Finisher
47-2044.00,Tile Installer
47-2044.00,Tile Man
47-2044.00,Tile Mason
47-2044.00,Tile Mechanic
47-2044.00,Tile Setter
47-2051.00,Cement Finisher
47-2051.00,Cement Mason
47-2051.00,Concrete Finisher
47-2051.00,Concrete Mason
47-2051.00,Finisher
47-2051.00,Mason
47-2053.00,Grinder
47-2053.00,Installer
47-2053.00,Terrazzo Finisher
47-2053.00,Terrazzo Grinder
47-2053.00,Terrazzo Installer
47-2053.00,Terrazzo Journeyman
47-2053.00,Terrazzo Laborer
47-2053.00,Terrazzo Mechanic
47-2053.00,Terrazzo Tile Setter
47-2053.00,Terrazzo Worker
47-2061.00,Bituminous Asphalt Technician
47-2061.00,Construction Laborer
47-2061.00,Construction Worker
47-2061.00,Drop Crew Laborer
47-2061.00,Equipment Operator (EO)
47-2061.00,Form Setter
47-2061.00,Post Framer
47-2061.00,Scaffolding Operator
47-2061.00,Site Work Laborer
47-2061.00,Toolman
47-2071.00,Asphalt Paver Operator
47-2071.00,Asphalt Paving Machine Operator
47-2071.00,Asphalt Raker
47-2071.00,Asphalt Roller Operator
47-2071.00,Equipment Operator (EO)
47-2071.00,Loader Operator
47-2071.00,Maintenance Equipment Operator (MEO)
47-2071.00,Paver Operator
47-2071.00,Roller Operator
47-2071.00,Screed Operator
47-2072.00,Pile Driver
47-2072.00,Pile Driver Operator
47-2072.00,Pile Driving Operator
47-2073.00,Back Hoe Operator
47-2073.00,Engineering Equipment Operator
47-2073.00,Equipment Operator (EO)
47-2073.00,Forklift Operator
47-2073.00,Heavy Equipment Operator (HEO)
47-2073.00,Hot Mix Asphalt Operator
47-2073.00,Machine Operator
47-2073.00,Motor Grader Operator
47-2073.00,Operating Engineer
47-2073.00,Track Hoe Operator
47-2081.00,Ceiling Installer
47-2081.00,Drywall Finisher
47-2081.00,Drywall Hanger
47-2081.00,Drywall Installer
47-2081.00,Drywall Mechanic
47-2081.00,Installer
47-2081.00,Metal Framer
47-2081.00,Metal Stud Framer
47-2081.00,Sheetrock Hanger
47-2081.00,Sheetrock Installer
47-2082.00,Drywall Finisher
47-2082.00,Drywall Mechanic
47-2082.00,Drywall Taper
47-2082.00,Finisher
47-2082.00,Patch Guy
47-2082.00,Patcher
47-2082.00,Sheetrock Finisher
47-2082.00,Taper Finisher
47-2111.00,Control Electrician
47-2111.00,Electrical Journey Person
47-2111.00,Electrical Troubleshooter
47-2111.00,Electrician
47-2111.00,Housing Maintenance Electrician
47-2111.00,Industrial Electrician
47-2111.00,Inside Wireman
47-2111.00,Maintenance Electrician
47-2111.00,Paper Mill Electrician
47-2111.00,Wireman
47-2121.00,Auto Glass Tech (Automobile Glass Technician)
47-2121.00,Commercial Glazier
47-2121.00,Field Glazier
47-2121.00,Glass Installer
47-2121.00,Glass Technician (Glass Tech)
47-2121.00,Glassman
47-2121.00,Glazer
47-2121.00,Glazier
47-2121.00,Glazier Worker
47-2121.00,Union Glazier
47-2131.00,Attic Blower
47-2131.00,Insulation Estimator
47-2131.00,Insulation Installer
47-2131.00,Insulation Mechanic
47-2131.00,Insulation Worker
47-2131.00,Insulator
47-2131.00,Retrofit Installer
47-2131.00,Spray Foam Installer
47-2131.00,Warehouse Insulation Worker
47-2132.00,Commercial Insulator
47-2132.00,Heat and Frost Insulator
47-2132.00,Industrial Insulator
47-2132.00,Insulation Installer
47-2132.00,Insulation Mechanic
47-2132.00,Insulation Worker
47-2132.00,Insulator
47-2132.00,Insulator Journeyman
47-2132.00,Mechanic Insulator
47-2132.00,Mechanical Insulator
47-2141.00,Building Trades Painter
47-2141.00,Commercial Painter
47-2141.00,Facilities Painter
47-2141.00,Highway Painter
47-2141.00,House Painter
47-2141.00,Industrial Painter
47-2141.00,Maintenance Painter
47-2141.00,Painter
47-2141.00,Professional Painter
47-2141.00,Texturer
47-2142.00,Bill Board Poster
47-2142.00,Bill Poster
47-2142.00,Billposter
47-2142.00,Hanger
47-2142.00,Installer
47-2142.00,Paper Hanger
47-2142.00,Vinyl Hanger
47-2142.00,Wall Covering Installer
47-2142.00,Wallpaper Hanger
47-2142.00,Wallpaper Installer
47-2151.00,Pipelayer
47-2151.00,Tailman
47-2152.00,Drain Technician
47-2152.00,Fire Sprinkler Service Technician
47-2152.00,Pipe Welder
47-2152.00,Pipefitter
47-2152.00,Plumber
47-2152.00,Plumbing Installer
47-2152.00,Residential Plumber
47-2152.00,Service Plumber
47-2152.00,Sprinkler Fitter
47-2152.00,Steamfitter
47-2152.04,Installer
47-2152.04,Solar Energy Technician
47-2152.04,Solar Hot Water Installer (SHW Installer)
47-2152.04,Solar Installer
47-2152.04,Solar Maintenance Technician
47-2152.04,Solar System Installer
47-2152.04,Solar Technician
47-2152.04,Solar Thermal Installer
47-2161.00,Applicator
47-2161.00,Ornamental Plasterer
47-2161.00,Plaster Applicator
47-2161.00,Plaster Mechanic
47-2161.00,Plasterer
47-2161.00,Plasterer Journeyman
47-2161.00,Plasterer Mechanic
47-2161.00,Plastering Contractor
47-2161.00,Stucco Worker
47-2161.00,Swimming Pool Plasterer
47-2171.00,Field Ironworker
47-2171.00,Iron Installer
47-2171.00,Iron Worker
47-2171.00,Ironworker
47-2171.00,Ironworker Journeyman
47-2171.00,Ironworker Laborer
47-2171.00,Reinforced Ironworker
47-2171.00,Rod Buster
47-2171.00,Rodbuster
47-2171.00,Steel Tier
47-2181.00,Commercial Roofer
47-2181.00,Flat Roofer
47-2181.00,Journeyman Roofer
47-2181.00,Metal Roofing Mechanic
47-2181.00,Roof Mechanic
47-2181.00,Roof Service Technician (Roof Service Tech)
47-2181.00,Roofer Mechanic
47-2181.00,Roofing Technician (Roofing Tech)
47-2181.00,Sheet Metal Roofer
47-2181.00,Single Ply Roofer
47-2211.00,Commercial Sheet Metal Service Installer
47-2211.00,Field Installer
47-2211.00,"HVAC Sheet Metal Installer (Heating, Ventilation, and Air Conditioning Sheet Metal Installer)"
47-2211.00,"HVAC Sheet Metal Specialist (Heating, Ventilation, and Air Conditioning Sheet Metal Specialist)"
47-2211.00,Sheet Metal Fabricator
47-2211.00,Sheet Metal Installer
47-2211.00,Sheet Metal Journeyman
47-2211.00,Sheet Metal Layout Mechanic
47-2211.00,Sheet Metal Mechanic
47-2211.00,Sheet Metal Worker
47-2221.00,Field Iron Worker
47-2221.00,Iron Worker
47-2221.00,Ironworker
47-2221.00,Steel Erector
47-2221.00,Steel Fabricator
47-2221.00,Steel Worker
47-2221.00,Structural Erector
47-2221.00,Structural Steel Erector
47-2221.00,Tower Hand
47-2221.00,Union Ironworker
47-2231.00,Journeyman Electrician PV Installer (Journeyman Electrician Photovoltaic Installer)
47-2231.00,PV Installation Tech (Photovoltaic Installation Technician)
47-2231.00,PV Installer (Photovoltaic Installer)
47-2231.00,Solar Designer
47-2231.00,Solar Electric Installer
47-2231.00,Solar Installer
47-2231.00,Solar Panel Installation Technician (Solar Panel Installation Tech)
47-2231.00,Solar PV Installer (Solar Photovoltaic Installer)
47-2231.00,Solar PV Integrator (Solar Photovoltaic Integrator)
47-2231.00,Solar Technician (Solar Tech)
47-3011.00,Bricklayer Apprentice
47-3011.00,Bricklayer Helper
47-3011.00,Helper
47-3011.00,Hod Carrier
47-3011.00,Marble Helper
47-3011.00,Mason Apprentice
47-3011.00,Mason Assistant
47-3011.00,Mason Tender
47-3011.00,Masonry Helper
47-3011.00,Setter Apprentice
47-3012.00,Carpenter Apprentice
47-3012.00,Carpenter Assistant
47-3012.00,Carpenter Helper
47-3013.00,Apprentice
47-3013.00,E and I Apprentice (Electrical and Instrumentation Apprentice)
47-3013.00,E and I Apprentice (Electrician and Instrumentation Apprentice)
47-3013.00,Electrical Apprentice
47-3013.00,Electrical Helper
47-3013.00,Electrician Apprentice
47-3013.00,Electrician Helper
47-3013.00,Electrician's Helper
47-3013.00,Inside Wireman Apprentice
47-3013.00,Wireman Apprentice
47-3014.00,Helper
47-3014.00,Painter Assistant
47-3014.00,Painter Helper
47-3014.00,Plaster Helper
47-3014.00,Plaster Tender
47-3015.00,Pipefitter Helper
47-3015.00,Plumber Apprentice
47-3015.00,Plumber Assistant
47-3015.00,Plumber Helper
47-3015.00,Plumbing Apprentice
47-3015.00,Plumbing Helper
47-3015.00,Plumbing Residential Apprentice
47-3016.00,Roofer Apprentice
47-3016.00,Roofer Helper
47-3016.00,Roofing Apprentice
47-4011.00,Building Code Administrator
47-4011.00,Building Inspector
47-4011.00,Building Official
47-4011.00,Code Enforcement Officer
47-4011.00,Code Inspector
47-4011.00,Combination Building Inspector
47-4011.00,Construction Inspector
47-4011.00,Electrical Inspector
47-4011.00,Plumbing Inspector
47-4011.00,Public Works Inspector
47-4011.01,Building Performance Consultant
47-4011.01,Building Science and Energy Specialist
47-4011.01,Building Scientist
47-4011.01,Energy Advisor
47-4011.01,Energy and Building Systems Specialist
47-4011.01,Energy Auditor
47-4011.01,Energy Consultant
47-4011.01,Energy Rater
47-4011.01,Home Energy Inspector
47-4011.01,Home Performance Consultant
47-4021.00,Elevator Adjuster
47-4021.00,Elevator Constructor
47-4021.00,Elevator Installer
47-4021.00,Elevator Mechanic
47-4021.00,Elevator Repair and Maintenance Technician (Elevator Repair and Maintenance Tech)
47-4021.00,Elevator Service Mechanic
47-4021.00,Elevator Service Technician (Elevator Service Tech)
47-4021.00,Elevator Serviceman
47-4021.00,Elevator Technician (Elevator Tech)
47-4021.00,Elevator Troubleshooter
47-4031.00,Fence Builder
47-4031.00,Fence Contractor
47-4031.00,Fence Erector
47-4031.00,Fence Installer
47-4031.00,Fence Laborer
47-4031.00,Fence Mechanic
47-4031.00,Fence Technician (Fence Tech)
47-4031.00,Gate Technician (Gate Tech)
47-4031.00,Wood Fence Erector
47-4041.00,Abatement Worker
47-4041.00,Asbestos Abatement Worker
47-4041.00,Asbestos Worker
47-4041.00,Clandestine Laboratory Responder (Clan Lab Responder)
47-4041.00,D and D Operator (Decontaminate and Decommissioning Operator)
47-4041.00,D and D Operator (Decontamination and Decommissioning Operator)
47-4041.00,Hazmat Technician (Hazardous Materials Technician)
47-4041.00,Mold Damage Technician (Mold Damage Tech)
47-4041.00,Product Disposal Coordinator
47-4041.00,Waste Handling Technician (Waste Handling Tech)
47-4051.00,Equipment Operator (EO)
47-4051.00,Highway Maintainer
47-4051.00,Highway Maintenance Crew Worker
47-4051.00,Highway Maintenance Technician
47-4051.00,Highway Maintenance Worker
47-4051.00,Maintenance Technician
47-4051.00,Maintenance Worker
47-4051.00,Transportation Maintenance Operator
47-4051.00,Transportation Maintenance Specialist (TMS)
47-4051.00,Transportation Worker
47-4061.00,Machine Operator
47-4061.00,Track Equipment Operator (TEO)
47-4061.00,Track Inspector
47-4061.00,Track Laborer
47-4061.00,Track Maintainer
47-4061.00,Track Repair Person
47-4061.00,Track Repairer
47-4061.00,Track Service Person
47-4061.00,Track Walker
47-4061.00,Trackman
47-4071.00,Drain Cleaner
47-4071.00,Drain Technician
47-4071.00,Public Works Technician
47-4071.00,Septic Cleaner
47-4071.00,Septic Pump Truck Driver
47-4071.00,Septic Tank Service Technician
47-4071.00,Service Technician
47-4071.00,Sewer Bricklayer
47-4091.00,Cutter
47-4091.00,Paver
47-4091.00,Paver Installer
47-4091.00,Paver Layer
47-4091.00,Paving Stone Installer
47-4091.00,Segmental Wall Installer
47-4099.03,Energy Administrator
47-4099.03,Field Technician
47-4099.03,Weatherization and Housing Inspector
47-4099.03,Weatherization Installer
47-4099.03,Weatherization Technician
47-4099.03,Weatherization Worker
47-5011.00,Derrick Hand
47-5011.00,Derrick Man
47-5011.00,Derrick Operator
47-5011.00,Derrick Worker
47-5011.00,Derrickhand
47-5011.00,Derrickman
47-5011.00,Floor Hand
47-5011.00,Rig Hand
47-5011.00,Roughneck
47-5012.00,Daylight Driller
47-5012.00,Drill Operator
47-5012.00,Driller
47-5012.00,Motor Man
47-5012.00,Oil Rig Driller
47-5012.00,Oil Well Driller
47-5012.00,Relief Driller
47-5012.00,Rig Operator
47-5012.00,Rotary Drill Operator
47-5012.00,Rotary Driller
47-5013.00,Pulling Unit Operator
47-5013.00,Reverse Unit Operator
47-5013.00,Rig Operator
47-5013.00,Service Operator
47-5013.00,Service Rig Operator
47-5013.00,Tool Pusher
47-5013.00,Well Servicing Rig Operator
47-5013.00,Wireline Operator
47-5022.00,Backhoe Operator
47-5022.00,Dragline Oiler
47-5022.00,Dragline Operator
47-5022.00,Equipment Operator
47-5022.00,Excavator Operator
47-5022.00,Heavy Equipment Operator
47-5022.00,Loader Operator
47-5022.00,Pit Operator
47-5022.00,Track Hoe Operator
47-5023.00,Blast Hole Driller
47-5023.00,Diamond Driller
47-5023.00,Drill Operator
47-5023.00,Driller
47-5023.00,Hard Rock Drill Operator
47-5023.00,Highwall Drill Operator
47-5023.00,Rock Drill Operator
47-5023.00,Underground Drill Operator
47-5023.00,Water Well Driller
47-5023.00,Well Driller
47-5032.00,Blast Hole Driller
47-5032.00,Blaster
47-5032.00,Explosive Technician
47-5032.00,Powderman
47-5032.00,Unexploded Ordnance Quality Control Officer
47-5041.00,Bore Miner Operator
47-5041.00,Continuous Miner
47-5041.00,Continuous Miner Operator (CMO)
47-5041.00,Continuous Mining Machine Operator
47-5041.00,Continuous Mining Operator (CMO)
47-5041.00,Heavy Equipment Operator
47-5041.00,Loader Operator
47-5041.00,Mine Technician
47-5041.00,Mine Utility Operator
47-5041.00,Miner Operator
47-5043.00,Bolt Machine Operator
47-5043.00,Bolt Man
47-5043.00,Bolter
47-5043.00,Miner
47-5043.00,Place Change Roof Bolter
47-5043.00,Roof Bolter
47-5043.00,Roof Bolter Operator
47-5043.00,Underground Miner
47-5043.00,Underground Roof Bolter
47-5044.00,Coal Hauler Operator
47-5044.00,Equipment Operator
47-5044.00,Load Haul Dump Operator (LHD Operator)
47-5044.00,Loader Operator
47-5044.00,Loading Machine Operator
47-5044.00,Miner Operator
47-5044.00,Production Miner
47-5044.00,Ram Car Operator
47-5044.00,Shuttle Car Operator
47-5044.00,Underground Miner
47-5051.00,Driller
47-5051.00,Quarry Worker
47-5051.00,Rock Splitter
47-5051.00,Splitter Operator
47-5051.00,Stone Breaker
47-5051.00,Stone Splitter
47-5071.00,Field Service Roustabout
47-5071.00,Floor Hand
47-5071.00,Oil and Gas Roustabout
47-5071.00,Oil Field Roustabout
47-5071.00,Production Roustabout
47-5071.00,Rig Hand
47-5071.00,Roustabout
47-5071.00,Roustabout Crew Pusher
47-5071.00,Roustabout Hand
47-5071.00,Roustabout Pusher
47-5081.00,Continuous Miner Operator Helper
47-5081.00,Driller Helper
47-5081.00,Driller's Assistant
47-5081.00,Longwall Machine Operator Helper
47-5081.00,Miner Helper
47-5081.00,Powderman
47-5081.00,Salt Miner
49-1011.00,Electrical and Instrumentation Supervisor (E and I Supervisor)
49-1011.00,Facilities Maintenance Supervisor
49-1011.00,Facility Maintenance Supervisor
49-1011.00,Maintenance Coordinator
49-1011.00,Maintenance Foreman
49-1011.00,Maintenance Manager
49-1011.00,Maintenance Planner
49-1011.00,Maintenance Superintendent
49-1011.00,Maintenance Supervisor
49-1011.00,Service Manager
49-2011.00,ATM Technician (Automated Teller Machine Technician)
49-2011.00,Computer Repair Technician (Computer Repair Tech)
49-2011.00,Copier Technician (Copier Tech)
49-2011.00,Customer Service Engineer
49-2011.00,Field Engineer
49-2011.00,Field Service Engineer
49-2011.00,Field Service Technician (Field Service Tech)
49-2011.00,Field Technician (Field Tech)
49-2011.00,Printer Repair Technician (Printer Repair Tech)
49-2011.00,Service Technician (Service Tech)
49-2021.00,Communications Systems Technician
49-2021.00,Field Service Technician (Field Service Tech)
49-2021.00,Field Technician (Field Tech)
49-2021.00,Installation Technician (Installation Tech)
49-2021.00,Radio Frequency Technician (RF Tech)
49-2021.00,Radio Repairman
49-2021.00,Radio Technician (Radio Tech)
49-2021.00,Tower Technician (Tower Tech)
49-2021.00,Two-Way Radio Technician (Two-Way Radio Tech)
49-2022.00,Broadband Technician (Broadband Tech)
49-2022.00,Combination Technician (Combination Tech)
49-2022.00,Customer Service Technician (CST)
49-2022.00,Installer
49-2022.00,Network Technician (Network Tech)
49-2022.00,Outside Plant Technician (Outside Plant Tech)
49-2022.00,Repair Technician (Repair Tech)
49-2022.00,Service Technician (Service Tech)
49-2022.00,Telecommunications Technician (Telecommunications Tech)
49-2022.00,Telephone Technician (Phone Tech)
49-2091.00,Aircraft Electrical Systems Specialist
49-2091.00,Aircraft Technician (Aircraft Tech)
49-2091.00,Aviation Electrical Technician (Aviation Electrical Tech)
49-2091.00,Aviation Electronics Technician (Aviation Electronics Tech)
49-2091.00,Avionic Technician (Avionic Tech)
49-2091.00,Avionics Electrical Technician (AET)
49-2091.00,Avionics Electronics Technician (Avionics Electronics Tech)
49-2091.00,Avionics Installer
49-2091.00,Avionics Line Technician (Avionics Line Tech)
49-2091.00,Avionics Repair Technician (Avionics Repair Tech)
49-2092.00,Electric Motor Mechanic
49-2092.00,Electric Motor Repairman
49-2092.00,Electric Motor Winder
49-2092.00,Electro Mechanic
49-2092.00,Maintenance Technician
49-2092.00,Power Tool Repair Technician
49-2092.00,Repair Technician
49-2092.00,Service Technician
49-2092.00,Tool Repair Technician
49-2092.00,Tool Technician
49-2093.00,Critical Systems Technician
49-2093.00,Electronic Bench Technician
49-2093.00,Electronics Mechanic
49-2093.00,Locomotive Electrician
49-2093.00,Power Technician (Power Tech)
49-2093.00,Ship Yard Electrical Person
49-2094.00,Control Technician
49-2094.00,E and I Mechanic (Electrical and Instrument Mechanic)
49-2094.00,E and I Mechanic (Electrical and Instrumentation Mechanic)
49-2094.00,Electrical and Instrument Technician (E and I Tech)
49-2094.00,Electrical Maintenance Technician
49-2094.00,Electronic Technician
49-2094.00,I and C Tech (Instrument and Control Technician)
49-2094.00,Instrument and Electrical Technician (I and E Tech)
49-2094.00,Repair Technician
49-2094.00,Scale Technician
49-2095.00,Electrical and Instrumentation Technician (E and I Technician)
49-2095.00,Electrical Technician
49-2095.00,Instrument and Control Technician (I and C Technician)
49-2095.00,Instrumentation and Control Technician (I and C Technician)
49-2095.00,Relay Technician
49-2095.00,Substation Electrician
49-2095.00,Substation Mechanic
49-2095.00,Substation Technician
49-2095.00,Substation Wireman
49-2095.00,Wireman
49-2096.00,Auto Tech (Automotive Technician)
49-2096.00,Car Alarm Installer
49-2096.00,Car Electronics Installer
49-2096.00,Car Stereo Installer
49-2096.00,Electronic Equipment Installer
49-2096.00,Electronic Technician
49-2096.00,Installation Technician
49-2096.00,Installer
49-2096.00,Mobile Electronics Installation Specialist
49-2096.00,Mobile Electronics Installer
49-2097.00,A/V Installation Tech (Audio Visual Installation Technician)
49-2097.00,A/V Installer (Audio Visual Installer)
49-2097.00,Electronic Tech (Electronic Technician)
49-2097.00,Field Service Tech (Field Service Technician)
49-2097.00,Home Theater Installer
49-2097.00,Installer
49-2097.00,Satellite Installer
49-2097.00,TV Analyzer (Television Analyzer)
49-2097.00,TV Repairman (Television Repairman)
49-2098.00,Alarm Technician
49-2098.00,Fire Alarm Technician (Fire Alarm Tech)
49-2098.00,Home Security Alarm Installer
49-2098.00,Install Technician
49-2098.00,Installation Technician
49-2098.00,Installer
49-2098.00,Security Installation Technician
49-2098.00,Security Installer
49-2098.00,Security Technician (Security Tech)
49-2098.00,Service Technician
49-3011.00,Aircraft Maintainer
49-3011.00,Aircraft Maintenance Technician (Aircraft Maintenance Tech)
49-3011.00,Aircraft Mechanic
49-3011.00,Aircraft Restorer
49-3011.00,Aircraft Service Technician (Aircraft Service Tech)
49-3011.00,Aircraft Technician (Aircraft Tech)
49-3011.00,Airframe and Powerplant Mechanic (A and P Mechanic)
49-3011.00,Aviation Maintenance Technician (AMT)
49-3011.00,Aviation Mechanic
49-3011.00,Helicopter Mechanic
49-3021.00,Auto Body Man
49-3021.00,Auto Body Repair Technician (Auto Body Repair Tech)
49-3021.00,Auto Body Repairman
49-3021.00,Automotive Body Technician (Auto Body Tech)
49-3021.00,Body Man
49-3021.00,Body Technician (Body Tech)
49-3021.00,Collision Repair Technician (Collision Repair Tech)
49-3021.00,Collision Technician (Collision Tech)
49-3021.00,Frame Man
49-3021.00,Refinish Technician (Refinish Tech)
49-3022.00,Auto Glass Installer (Automotive Glass Installer)
49-3022.00,Auto Glass Tech (Automotive Glass Technician)
49-3022.00,Auto Glazier (Automotive Glazier)
49-3022.00,Flat Glass Installer
49-3022.00,Glass Installer
49-3022.00,Glass Installer Technician (Glass Installer Tech)
49-3022.00,Installer
49-3022.00,Window Film Installer
49-3022.00,Windshield Installer
49-3022.00,Windshield Repair Technician (Windshield Repair Tech)
49-3023.00,Auto Drivability Tech (Automotive Drivability Technician)
49-3023.00,Auto Mechanic (Automobile Mechanic)
49-3023.00,Auto Mechanic (Automotive Mechanic)
49-3023.00,Auto Service Tech (Automotive Service Technician)
49-3023.00,Auto Tech (Automobile Technician)
49-3023.00,Auto Tech (Automotive Technician)
49-3023.00,Automatic Transmission Technician (Auto Transmission Tech)
49-3023.00,Heavy Line Technician (Heavy Line Tech)
49-3023.00,Lube Technician (Lube Tech)
49-3023.00,Service Technician (Service Tech)
49-3031.00,Bus Mechanic
49-3031.00,Diesel Mechanic
49-3031.00,Diesel Technician (Diesel Tech)
49-3031.00,Fleet Mechanic
49-3031.00,General Repair Mechanic
49-3031.00,Heavy Truck Mechanic
49-3031.00,Service Technician
49-3031.00,Trailer Mechanic
49-3031.00,Transit Mechanic
49-3031.00,Truck Mechanic
49-3041.00,Agricultural Mechanic (Ag Mechanic)
49-3041.00,Agricultural Service Technician (Ag Service Tech)
49-3041.00,Dairy Service Technician (Dairy Service Tech)
49-3041.00,Farm Equipment Mechanic
49-3041.00,Farm Equipment Service Technician (Farm Equipment Service Tech)
49-3041.00,Field Mechanic
49-3041.00,Field Technician (Field Tech)
49-3041.00,Mechanic
49-3041.00,Service Technician (Service Tech)
49-3041.00,Tractor Mechanic
49-3042.00,Construction Equipment Mechanic
49-3042.00,Equipment Mechanic
49-3042.00,Equipment Technician
49-3042.00,Field Mechanic
49-3042.00,Field Service Technician
49-3042.00,Field Technician
49-3042.00,Heavy Equipment Mechanic
49-3042.00,Heavy Equipment Technician
49-3042.00,Mechanic
49-3042.00,Mobile Heavy Equipment Mechanic
49-3043.00,Freight Maintenance Specialist
49-3043.00,Locomotive Repairman
49-3043.00,Rail Car Maintenance Mechanic
49-3043.00,Rail Car Mechanic
49-3043.00,Rail Car Repairer
49-3043.00,Rail Car Repairman
49-3043.00,Rail Car Sandblaster
49-3043.00,Rail Car Welder
49-3043.00,Railroad Car Repairman
49-3043.00,Train Car Repairman
49-3051.00,Boat Mechanic
49-3051.00,Boat Motor Mechanic
49-3051.00,Boat Rigger
49-3051.00,Marine Mechanic
49-3051.00,Marine Propulsion Technician
49-3051.00,Marine Technician
49-3051.00,Mechanic
49-3051.00,Outboard Motor Mechanic
49-3051.00,Outboard Technician
49-3051.00,Service Technician
49-3052.00,All Terrain Vehicle Technician (ATV Technician)
49-3052.00,Custom Bike Builder
49-3052.00,Motorcycle Mechanic
49-3052.00,Motorcycle Service Technician
49-3052.00,Motorcycle Technician
49-3052.00,Motorsports Technician
49-3052.00,Scooter Mechanic
49-3052.00,Service Technician
49-3053.00,Chainsaw Technician
49-3053.00,Golf Cart Mechanic
49-3053.00,Lawnmower Repair Mechanic
49-3053.00,Mechanic
49-3053.00,Outdoor Power Equipment Service Technician
49-3053.00,Service Technician (Service Tech)
49-3053.00,Shop Mechanic
49-3053.00,Small Engine Mechanic
49-3053.00,Small Engine Technician (Small Engine Tech)
49-3091.00,Bicycle Fitter
49-3091.00,Bicycle Mechanic
49-3091.00,Bicycle Repair Technician
49-3091.00,Bicycle Repairman
49-3091.00,Bicycle Service Technician
49-3091.00,Bicycle Technician (Bicycle Tech)
49-3091.00,Bike Mechanic
49-3092.00,ATV Tech (All-Terrain Vehicle Technician)
49-3092.00,Certified RV Technician (Certified Recreational Vehicle Technician)
49-3092.00,Hitch Technician (Hitch Tech)
49-3092.00,Mobile Service RV Technician (Mobile Service Recreational Vehicle Technician)
49-3092.00,RV Body Mechanic (Recreational Vehicle Body Mechanic)
49-3092.00,RV Mechanic (Recreational Vehicle Mechanic)
49-3092.00,RV Service Technician (Recreational Vehicle Service Technician)
49-3092.00,RV Tech (Recreational Vehicle Technician)
49-3092.00,RVDA Master Certified RV Technician (Recreational Vehicle Dealer Association Master Certified Recreational Vehicle Technician)
49-3092.00,Service Technician (Service Tech)
49-3093.00,Alignment Technician (Alignment Tech)
49-3093.00,Lube Technician (Lube Tech)
49-3093.00,Service Technician (Service Tech)
49-3093.00,Tire Alignment Technician (Tire Alignment Tech)
49-3093.00,Tire Changer
49-3093.00,Tire Installer
49-3093.00,Tire Repairer
49-3093.00,Tire Shop Mechanic
49-3093.00,Tire Technician (Tire Tech)
49-3093.00,Truck Tire Service Operator
49-9011.00,Commercial Door Installer
49-9011.00,Commercial Installer
49-9011.00,Door Installer
49-9011.00,Door Serviceman
49-9011.00,Garage Door Installer
49-9011.00,Garage Door Technician (Garage Door Tech)
49-9011.00,Installation Technician (Installation Tech)
49-9011.00,Installer
49-9011.00,Overhead Door Technician (Overhead Door Tech)
49-9011.00,Residential Door Installer
49-9012.00,Control Valve Mechanic
49-9012.00,Control Valve Technician
49-9012.00,Electric Meter Technician
49-9012.00,Instrument and Electrical Technician (I and E Technician)
49-9012.00,Instrument Technician
49-9012.00,Measurement Technician
49-9012.00,Meter Technician
49-9012.00,Service Technician
49-9012.00,Valve Technician
49-9012.00,Water Plant Maintenance Mechanic
49-9021.00,AC Mechanic (Air Conditioner Mechanic)
49-9021.00,AC Tech (Air Conditioning Technician)
49-9021.00,"HVAC Control Tech (Heating, Ventilation, and Air Conditioning Control Technician)"
49-9021.00,"HVAC Installer (Heating, Ventilation, and Air Conditioning Installer)"
49-9021.00,"HVAC Mechanic (Heating, Ventilation, and Air Conditioning Mechanic)"
49-9021.00,"HVAC Service Tech (Heating, Ventilation, and Air Conditioning Service Technician)"
49-9021.00,"HVAC Tech (Heating, Ventilation, and Air Conditioning Technician)"
49-9021.00,Refrigeration Mechanic
49-9021.00,Refrigeration Operator
49-9021.00,Refrigeration Technician (Refrigeration Tech)
49-9031.00,Appliance Mechanic
49-9031.00,Appliance Repair Mechanic
49-9031.00,Appliance Repair Technician (Appliance Repair Tech)
49-9031.00,Appliance Service Technician
49-9031.00,Appliance Technician (Appliance Tech)
49-9031.00,Repair Man
49-9031.00,Repair Technician
49-9031.00,Service Technician (Service Tech)
49-9031.00,Vacuum Repairer
49-9041.00,Industrial Machinery Mechanic
49-9041.00,Industrial Mechanic
49-9041.00,Loom Fixer
49-9041.00,Loom Technician
49-9041.00,Machine Adjuster
49-9041.00,Machine Mechanic
49-9041.00,Maintenance Technician
49-9041.00,Mechanic
49-9041.00,Overhauler
49-9041.00,Sewing Machine Mechanic
49-9043.00,Lubricator
49-9043.00,Machine Repairer
49-9043.00,Maintainer
49-9043.00,Maintenance Craftsman
49-9043.00,Maintenance Man
49-9043.00,Maintenance Mechanic
49-9043.00,Maintenance Technician (Maintenance Tech)
49-9043.00,Maintenance Worker
49-9043.00,Oiler
49-9043.00,Overhauler
49-9044.00,Maintenance Mechanic
49-9044.00,Maintenance Millwright
49-9044.00,Millwright
49-9044.00,Millwright Business Representative (Millwright Business Rep)
49-9044.00,Millwright Foreman
49-9044.00,Millwright General Foreman
49-9044.00,Millwright Instructor
49-9044.00,Precision Millwright
49-9045.00,Cell Reliner
49-9045.00,Cupola Repairer
49-9045.00,Furnace Repairer
49-9045.00,Hot Repairman
49-9045.00,Ladle Liner
49-9045.00,Ladle Repairman
49-9045.00,Refractory Bricklayer
49-9045.00,Refractory Technician
49-9045.00,Refractory Worker
49-9051.00,Class Gloving Electrical Lineman
49-9051.00,Class Rubber Gloving Lineman
49-9051.00,Electrical Lineman
49-9051.00,Electrical Lineworker
49-9051.00,Lineworker
49-9051.00,Power Lineman
49-9051.00,Power Lineman Technician
49-9051.00,Service Man
49-9051.00,Third Step Lineman
49-9051.00,Troubleman
49-9052.00,Cable Splicer
49-9052.00,Cable Tech (Cable Technician)
49-9052.00,Cable TV Tech (Cable Television Technician)
49-9052.00,Combination Technician (Combination Tech)
49-9052.00,Fiber Optic Splicer
49-9052.00,Field Service Technician
49-9052.00,I and R Technician (Installation and Repair Technician)
49-9052.00,Installer
49-9052.00,Outside Plant Technician (Outside Plant Tech)
49-9052.00,Telecommunications Technician (Telecommunications Tech)
49-9061.00,Camera Repair Technician
49-9061.00,Camera Repairman
49-9061.00,Camera Technician
49-9061.00,Photo Equipment Technician
49-9061.00,Photo Technologist
49-9061.00,Photographic Equipment Repair Technician
49-9061.00,Photographic Equipment Technician
49-9061.00,Photographic Technician (Photo Tech)
49-9061.00,Repair Technician
49-9061.00,Repairman
49-9062.00,Biomedical Electronics Technician (Biomed Electronics Tech)
49-9062.00,Biomedical Engineering Technician (Biomed Engineering Tech)
49-9062.00,Biomedical Equipment Technician (BMET)
49-9062.00,Biomedical Technician (Biomed Tech)
49-9062.00,Dental Equipment Technician (Dental Equipment Tech)
49-9062.00,Durable Medical Equipment Technician (DME Tech)
49-9062.00,Medical Equipment Service Tech (Medical Equipment Service Technician)
49-9062.00,Repair Technician (Repair Tech)
49-9062.00,Service Technician (Service Tech)
49-9062.00,X-ray Service Engineer
49-9063.00,Brass Instrument Repair Technician (Brass Instrument Repair Tech)
49-9063.00,Fretted String Instrument Repairer
49-9063.00,Guitar Repairer
49-9063.00,Instrument Repair Technician (Instrument Repair Tech)
49-9063.00,Luthier
49-9063.00,Musical Instrument Repair Technician (Musical Instrument Repair Tech)
49-9063.00,Piano Technician (Piano Tech)
49-9063.00,Piano Tuner
49-9063.00,Stringed Instrument Repairer
49-9063.00,Woodwind Instrument Technician (Woodwind Instrument Tech)
49-9064.00,Antique Clock Repairer
49-9064.00,Clock Repair Technician
49-9064.00,Clock Repairer
49-9064.00,Watch and Clock Repairer
49-9064.00,Watch Estimator
49-9064.00,Watch Repair Person
49-9064.00,Watch Repair Technician
49-9064.00,Watch Repairer
49-9064.00,Watch Technician (Watch Tech)
49-9071.00,Building Mechanic
49-9071.00,Equipment Engineering Technician
49-9071.00,Facilities Technician
49-9071.00,Maintenance Engineer
49-9071.00,Maintenance Journeyman
49-9071.00,Maintenance Man
49-9071.00,Maintenance Mechanic
49-9071.00,Maintenance Specialist
49-9071.00,Maintenance Technician
49-9071.00,Maintenance Worker
49-9081.00,Field Service Technician
49-9081.00,Renewable Energy Technician
49-9081.00,Service Technician
49-9081.00,Troubleshooting Technician
49-9081.00,Wind Farm Support Specialist
49-9081.00,Wind Technician
49-9081.00,Wind Turbine Operator
49-9081.00,Wind Turbine Service Technician
49-9081.00,Wind Turbine Technician
49-9081.00,Wind Turbine Troubleshooting Technician
49-9091.00,Cooler Deliverer
49-9091.00,Field Service Technician
49-9091.00,Fountain Vending Mechanic
49-9091.00,Full Service Vending Driver
49-9091.00,Refurbish Technician
49-9091.00,Service Technician
49-9091.00,Slot Technician
49-9091.00,Vending Mechanic
49-9091.00,Vending Service Technician
49-9091.00,Vending Technician
49-9092.00,Diver
49-9092.00,Diver Tender
49-9092.00,Diving Coordinator
49-9092.00,Hard Hat Diver
49-9092.00,NDT UW Welder (Non Destructive Testing Under Water Welder)
49-9092.00,Salvage Diver
49-9092.00,Saturation Diver
49-9094.00,Certified Professional Safe Technician (CPS)
49-9094.00,CML (Certified Master Locksmith)
49-9094.00,CMS (Certified Master Safecracker)
49-9094.00,Forensic Locksmith
49-9094.00,Lock Technician (Lock Tech)
49-9094.00,Locksmith
49-9094.00,Road Service Locksmith
49-9094.00,RST (Registered Safe Technician)
49-9094.00,Safe Technician (Safe Tech)
49-9094.00,Vault Technician (Vault Tech)
49-9095.00,Delivery Crew Worker
49-9095.00,House Hauler
49-9095.00,Mobile Home Installer
49-9095.00,Mobile Home Laborer
49-9095.00,Mobile Home Set-Up Person
49-9095.00,Set Up Technician (Set Up Tech)
49-9096.00,Gantry Rigger
49-9096.00,Hand Rigger
49-9096.00,Heavy Lift Rigger
49-9096.00,Machinery Erector
49-9096.00,Machinery Mover
49-9096.00,Marine Rigger
49-9096.00,Motor Rigger
49-9096.00,Rigger
49-9096.00,Rigging Fabricator
49-9096.00,Ship Rigger
49-9097.00,Railroad Signal Maintainer
49-9097.00,Signal and Communications Maintainer
49-9097.00,Signal Inspector
49-9097.00,Signal Maintainer
49-9097.00,Signal Maintenance Technician
49-9097.00,Signal System Testing Maintainer
49-9097.00,Signal Technician
49-9097.00,Signalman
49-9097.00,Train Control Electronic Technician
49-9097.00,Train Control Technician
49-9098.00,"HVAC Helper (Heating, Ventilation, Air Conditioning Helper)"
49-9098.00,"HVAC Installation Helper (Heating, Ventilation, Air Conditioning Installation Helper)"
49-9098.00,Maintenance Aide
49-9098.00,Maintenance Helper
49-9098.00,Mechanic Helper
49-9098.00,Mechanic Repair Helper
49-9098.00,Mechanic's Assistant
49-9098.00,Technician's Helper
49-9099.01,Geothermal Service Technician
49-9099.01,I and C Technician (Instrument and Controls Technician)
49-9099.01,I and E Technician (Instrumentation and Electrical Technician)
49-9099.01,"I C and E Technician (Instrumentation, Control, and Electrical Technician)"
49-9099.01,Operations and Maintenance Technician (O and M Technician)
49-9099.01,Operations Technician
49-9099.01,Operator Technician
49-9099.01,Plant Electrical Technician
49-9099.01,Plant Mechanic
49-9099.01,Plant Technician
51-1011.00,Assembly Supervisor
51-1011.00,Line Supervisor
51-1011.00,Manufacturing Supervisor
51-1011.00,Molding Supervisor
51-1011.00,Plant Supervisor
51-1011.00,Production Manager
51-1011.00,Production Supervisor
51-1011.00,Quality Assurance Supervisor (QA Supervisor)
51-2011.00,Aircraft Assembler
51-2011.00,Aircraft Line Assembler
51-2011.00,Assembler
51-2011.00,Assembly Riveter
51-2011.00,Assembly Technician (Assembly Tech)
51-2011.00,Sheet Metal Assembler and Riveter (SMAR)
51-2011.00,Sheet Metal Mechanic
51-2011.00,Sheet Metal Technician (Sheet Metal Tech)
51-2011.00,Structures Mechanic
51-2011.00,Structures Technician (Structures Tech)
51-2021.00,Armature Winder
51-2021.00,Auto-Winder
51-2021.00,Coil Finisher
51-2021.00,Coil Winder
51-2021.00,Hand Winder
51-2021.00,Motor Winder
51-2021.00,Winder
51-2021.00,Winder Operator
51-2022.00,Assembler
51-2022.00,Assembler Technician (Assembler Tech)
51-2022.00,Assembly Worker
51-2022.00,Electrical Assembler
51-2022.00,Electronic Assembler
51-2022.00,Electronics Assembler
51-2022.00,Factory Assembler
51-2022.00,General Electromechanical Assembly Specialist (Gen Electro/Mech Assm Spec)
51-2022.00,Small Motor Assembler
51-2022.00,Subassembler
51-2023.00,Assembler
51-2023.00,Electrical Assembler
51-2023.00,Electromechanical Assembler
51-2023.00,Electromechanical Equipment Assembler
51-2023.00,Electronic Assembler
51-2023.00,Electronic Technician
51-2023.00,Electronics Assembler
51-2023.00,Mechanical Assembler
51-2023.00,Production Associate
51-2023.00,Wiring Technician
51-2031.00,Assembler
51-2031.00,Assembly Line Worker
51-2031.00,Cell Technician
51-2031.00,Engine Assembler
51-2031.00,Engine Builder
51-2031.00,Field Service Technician
51-2031.00,Fitter
51-2031.00,Large Engine Assembler
51-2031.00,Machine Assembler
51-2031.00,Mechanical Assembler
51-2041.00,Fabricator
51-2041.00,Fitter
51-2041.00,Layout Man
51-2041.00,Metal Fabricator
51-2041.00,Mill Beam Fitter
51-2041.00,Ship Fitter
51-2041.00,Small Parts Fabricator
51-2041.00,Steel Fabricator
51-2041.00,Structural Planner
51-2041.00,Structural Steel Fitter
51-2051.00,Boat Builder
51-2051.00,Boat Carpenter
51-2051.00,Chopper Gun Operator
51-2051.00,Fiberglass Laminator
51-2051.00,Fiberglass Technician
51-2051.00,Fiberglasser
51-2051.00,Gel-Coater
51-2051.00,Lamination Technician
51-2051.00,Laminator
51-2051.00,Roller
51-2061.00,Calibration Specialist
51-2061.00,Calibrator
51-2061.00,Clockmaker
51-2061.00,Horologist
51-2061.00,Time Stamp Assembler
51-2061.00,Watch Technician
51-2061.00,Watchmaker
51-2092.00,Assembler
51-2092.00,Assembly Associate
51-2092.00,Assembly Line Machine Operator
51-2092.00,Assembly Line Worker
51-2092.00,Assembly Operator
51-2092.00,Assembly Technician
51-2092.00,Certified Composites Technician (CCT)
51-2092.00,Manufacturing Associate
51-2092.00,Production Line Worker
51-3011.00,Bakery Worker
51-3011.00,Bread Baker
51-3011.00,Cake Baker
51-3011.00,Cake Decorator
51-3011.00,Dough Mixer
51-3011.00,Mixer
51-3011.00,Pastry Cook
51-3011.00,Relief Baker
51-3011.00,Scaler
51-3011.00,Specialty Baker
51-3021.00,Butcher
51-3021.00,Meat Clerk
51-3021.00,Meat Cutter
51-3021.00,Meat Specialist
51-3021.00,Meat Wrapper
51-3022.00,Beef Trimmer
51-3022.00,Breast Trimmer
51-3022.00,Chicken Cutter
51-3022.00,Deboner
51-3022.00,Fish Processor
51-3022.00,Meat Cutter
51-3022.00,Meat Trimmer
51-3022.00,Seafood Processor
51-3022.00,Trimmer
51-3022.00,Wing Scorer
51-3023.00,Boning Room Worker
51-3023.00,Meat Packager
51-3023.00,Meat Packer
51-3023.00,Meat Processor
51-3023.00,Meat Wrapper
51-3023.00,Saw Man
51-3023.00,Side Puller
51-3023.00,Wrapper
51-3091.00,Bean Roaster
51-3091.00,Coffee Roaster
51-3091.00,Line Operator
51-3091.00,Machine Operator
51-3091.00,Oven Operator
51-3091.00,Oven Technician
51-3091.00,Roast Master
51-3091.00,Roaster
51-3091.00,Roaster Operator
51-3091.00,Roasterman
51-3092.00,Batching Operator
51-3092.00,Blender
51-3092.00,Brewing Technician
51-3092.00,Compounder
51-3092.00,Dosier Operator
51-3092.00,Dough Scaler
51-3092.00,Mix Technician
51-3092.00,Mixer
51-3092.00,Mixer Operator
51-3092.00,Syrup Maker
51-3093.00,Cooker Operator
51-3093.00,Food Production Worker
51-3093.00,Fryer Operator
51-3093.00,Kettle Fry Cook Operator
51-3093.00,Machine Operator
51-3093.00,Mogul Operator
51-3093.00,Oven Operator
51-3093.00,Peeler Operator
51-3093.00,Retort Operator
51-3093.00,Thermo Processor
51-4021.00,Equipment Technician (Equipment Tech)
51-4021.00,Extruder Operator
51-4021.00,Extrusion Line Operator
51-4021.00,Extrusion Operator
51-4021.00,Extrusion Press Operator
51-4021.00,Machine Operator
51-4021.00,Metal Inspector
51-4021.00,Setup Operator
51-4021.00,Wire Mill Operator
51-4021.00,Wire Mill Rover
51-4022.00,Blacksmith
51-4022.00,Forge Operator
51-4022.00,Forge Press Operator
51-4022.00,Forger
51-4022.00,Hammer Operator
51-4022.00,Header Operator
51-4022.00,Hot Press Forger
51-4022.00,Machine Operator
51-4022.00,Process Technician (Process Tech)
51-4022.00,Set Up Operator
51-4023.00,Breakdown Mill Operator
51-4023.00,Calender Operator
51-4023.00,Cold Mill Operator
51-4023.00,Machine Operator
51-4023.00,Mill Operator
51-4023.00,Rolling Mill Operator
51-4023.00,Roughing Mill Operator
51-4023.00,Temper Mill Operator
51-4023.00,Tube Mill Operator
51-4023.00,Weld Mill Operator
51-4031.00,Die Setter
51-4031.00,Fabrication Operator
51-4031.00,Machine Operator
51-4031.00,Machine Setter
51-4031.00,Press Brake Operator
51-4031.00,Press Operator
51-4031.00,Punch Press Operator
51-4031.00,Saw Operator
51-4031.00,Setup Operator
51-4031.00,Slitter Operator
51-4032.00,Bore Mill Operator
51-4032.00,CNC Drilling Operator (Computer Numerical Control Drilling Operator)
51-4032.00,CNC Machinist (Computer Numerical Control Machinist)
51-4032.00,Drill Operator
51-4032.00,Drill Press Operator
51-4032.00,Drill Setup Operator
51-4032.00,Machine Operator
51-4032.00,Punch Operator
51-4032.00,Radial Drill Operator
51-4032.00,Setup Mill Operator
51-4033.00,Cell Operator
51-4033.00,Centerless Grinder Operator
51-4033.00,Deburrer
51-4033.00,Die Maintenance Technician (Die Maintenance Tech)
51-4033.00,Finisher
51-4033.00,Grinder
51-4033.00,Grinder Operator
51-4033.00,Grinding Machine Operator
51-4033.00,Metal Finisher
51-4033.00,Process Equipment Operator
51-4034.00,CNC Lathe Operator (Computer Numerical Control Lathe Operator)
51-4034.00,CNC Setup Operator (Computer Numerical Control Setup Operator)
51-4034.00,Lathe Operator
51-4034.00,Machine Operator
51-4034.00,Numerical Control Operator (NC Operator)
51-4034.00,Screw Machine Operator
51-4034.00,Screw Machine Tool Setter
51-4034.00,Setup Operator
51-4034.00,Turn Operator
51-4035.00,CNC Licensed Mill Operator (Computer Numerical Control Licensed Mill Operator)
51-4035.00,CNC Mill Operator (Computer Numerical Control Mill Operator)
51-4035.00,CNC Mill Operator (Computerized Numerical Control Mill Operator)
51-4035.00,CNC Mill Set Up Operator (Computerized Numerical Control Mill Set Up Operator)
51-4035.00,Machine Operator
51-4035.00,Machine Set Up Operator
51-4035.00,Mill Operator
51-4035.00,Miller
51-4035.00,Milling Operator
51-4035.00,Setup Man
51-4041.00,CNC Machinist (Computer Numeric Controlled Machinist)
51-4041.00,CNC Machinist (Computer Numerically Controlled Machinist)
51-4041.00,Gear Machinist
51-4041.00,Machine Repair Person
51-4041.00,Machinist
51-4041.00,Maintenance Machinist
51-4041.00,Manual Lathe Machinist
51-4041.00,Production Machinist
51-4041.00,Tool Room Machinist
51-4051.00,Arc and Argon Oxygen Decarburization Melter (ARC and AOD Melter)
51-4051.00,Automatic Furnace Operator
51-4051.00,Central Melt Specialist
51-4051.00,Control Room Operator
51-4051.00,Electric Melt Operator
51-4051.00,Furnace Operator
51-4051.00,Melt Room Operator
51-4051.00,Melter
51-4051.00,Vacuum Melter
51-4051.00,Vessel Operator
51-4052.00,Caster
51-4052.00,Casting Machine Operator
51-4052.00,Casting Operator
51-4052.00,DC Caster (Direct Chill Caster)
51-4052.00,Die Cast Machine Operator
51-4052.00,Die Casting Machine Operator
51-4052.00,Iron Pourer
51-4052.00,Melter
51-4052.00,Metal Handler
51-4052.00,Pourer
51-4061.00,CNC Machinist (Computer Numerical Control Machinist)
51-4061.00,CNC Programmer (Computer Numerical Control Programmer)
51-4061.00,Metal Model Maker
51-4061.00,Model Builder
51-4061.00,Model Maker
51-4061.00,Model Maker Machinist
51-4061.00,Model Technician (Model Tech)
51-4061.00,Molding Technician (Molding Tech)
51-4061.00,Pattern Finisher
51-4061.00,Prototype Special Build
51-4062.00,Die Cast Die Maker
51-4062.00,Fixture Builder
51-4062.00,Journeyman Patternmaker
51-4062.00,Layout Technician (Layout Tech)
51-4062.00,Metal Mold Maker
51-4062.00,Metal Patternmaker
51-4062.00,Model Maker
51-4062.00,Mold Maker
51-4062.00,Pattern Repair Person
51-4062.00,Wax Molder
51-4071.00,Core Machine Operator
51-4071.00,Core Maker
51-4071.00,Core Stripper
51-4071.00,Coremaker
51-4071.00,Green Sand Molder
51-4071.00,Mold Maker
51-4071.00,Mold Operator
51-4071.00,Molder
51-4071.00,No Bake Molder
51-4071.00,Sand Molder
51-4072.00,Core Machine Operator
51-4072.00,Die Cast Technician
51-4072.00,Diecast Machine Operator
51-4072.00,Machine Operator
51-4072.00,Mold Setter
51-4072.00,Mold Technician
51-4072.00,Molder
51-4072.00,Process Technician
51-4072.00,Production Technician
51-4081.00,Cell Technician
51-4081.00,CNC Machine Setter (Computer Numerically Controlled Machine Setter)
51-4081.00,Fabrication Set-Up Person
51-4081.00,Injection Molding Technician
51-4081.00,Machine Operator
51-4081.00,Machine Technician
51-4081.00,Mold Setter
51-4081.00,Production Operator
51-4081.00,Shear Operator
51-4081.00,Tooling Set-Up Person
51-4111.00,Die Machinist
51-4111.00,Die Repair Laborer
51-4111.00,Die Repair Technician (Die Repair Tech)
51-4111.00,Jig and Fixture Repairer
51-4111.00,Tool and Die Machinist
51-4111.00,Tool and Die Maker
51-4111.00,Tool and Fixture Specialist
51-4111.00,Tool Maker
51-4111.00,Tool Repairer
51-4111.00,Trim Die Maker
51-4121.00,Assembly Line Brazer
51-4121.00,Brazer
51-4121.00,Fabrication Welder
51-4121.00,Maintenance Welder
51-4121.00,MIG Welder (Metal Inert Gas Welder)
51-4121.00,Solderer
51-4121.00,TIG Welder (Tungsten Inert Gas Welder)
51-4121.00,Welder
51-4121.00,Welder Fitter
51-4121.00,Wirer
51-4122.00,Braze Operator
51-4122.00,Certified Welder
51-4122.00,Fabricator
51-4122.00,Finishing Technician (Finishing Tech)
51-4122.00,Laser Operator
51-4122.00,Machine Operator
51-4122.00,Mig Welder
51-4122.00,Spot Welder
51-4122.00,Weld Technician (Weld Tech)
51-4122.00,Welding Operator
51-4191.00,Batch Heat Treat Operator
51-4191.00,Burner
51-4191.00,Coating Line Worker
51-4191.00,Furnace Operator
51-4191.00,Heat Treat Furnace Operator
51-4191.00,Heat Treat Operator
51-4191.00,Heat Treat Technician
51-4191.00,Heat Treater
51-4191.00,Scarf and Anneal Operator
51-4192.00,Development Mechanic
51-4192.00,Layout Fabricator
51-4192.00,Layout Fitter
51-4192.00,Layout Inspector
51-4192.00,Layout Man
51-4192.00,Layout Mechanic
51-4192.00,Layout Technician (Layout Tech)
51-4192.00,Layout Worker
51-4193.00,Anodizer
51-4193.00,Anodizing Line Operator
51-4193.00,Chrome Plater
51-4193.00,Coater Associate
51-4193.00,Coater Operator
51-4193.00,Electro Plater
51-4193.00,Galvanizer
51-4193.00,Line Operator
51-4193.00,Machine Operator
51-4193.00,Plater
51-4194.00,Crankshaft Grinder
51-4194.00,Cutter Grind Tool Technician (Cutter Grind Tool Tech)
51-4194.00,Cutter Grinder
51-4194.00,Grinder
51-4194.00,Grinder Operator
51-4194.00,OD Grinder Operator (Outer Diameter Grinder Operator)
51-4194.00,Polisher
51-4194.00,Saw Filer
51-4194.00,Tool and Cutter Grinder
51-4194.00,Tool Grinder
51-5111.00,Desktop Operator
51-5111.00,Electronic Prepress Operator (EPP Operator)
51-5111.00,Electronic Prepress Technician (EPP Tech)
51-5111.00,Plate Maker
51-5111.00,Plate Mounter
51-5111.00,Pre-Press Proofer
51-5111.00,Prepress Operator
51-5111.00,Prepress Specialist
51-5111.00,Prepress Stripper
51-5111.00,Prepress Technician
51-5112.00,Digital Press Operator
51-5112.00,Flexographic Press Operator
51-5112.00,Offset Press Operator
51-5112.00,Offset Pressman
51-5112.00,Press Operator
51-5112.00,Pressman
51-5112.00,Printer
51-5112.00,Printing Press Operator
51-5112.00,Printing Pressman
51-5112.00,Web Press Operator
51-5113.00,Binder Operator
51-5113.00,Bindery Operator
51-5113.00,Bindery Technician
51-5113.00,Bindery Worker
51-5113.00,Book Binder
51-5113.00,Custom Bookbinder
51-5113.00,Perfect Binder Operator
51-6011.00,Dry Cleaner
51-6011.00,Industrial Laundry Attendant
51-6011.00,Laundry Aide
51-6011.00,Laundry Assistant
51-6011.00,Laundry Attendant
51-6011.00,Laundry Housekeeper
51-6011.00,Laundry Technician (Laundry Tech)
51-6011.00,Laundry Worker
51-6011.00,Personal Clothing Laundry Aide
51-6011.00,Spotter
51-6021.00,Boarder
51-6021.00,Dry Cleaner Presser
51-6021.00,Garment Presser
51-6021.00,Ironing Machine Operator
51-6021.00,Ironing Worker
51-6021.00,Pants Presser
51-6021.00,Presser
51-6021.00,Pressing Machine Operator
51-6021.00,Shirt Presser
51-6021.00,Silk Presser
51-6031.00,Line Closer
51-6031.00,Machine Operator
51-6031.00,Prototype Sewer
51-6031.00,Sample Maker
51-6031.00,Seamer
51-6031.00,Seamstress
51-6031.00,Sew On Operator
51-6031.00,Sewer
51-6031.00,Sewing Machine Operator
51-6031.00,Zipper Machine Operator
51-6041.00,Boot Maker
51-6041.00,Cobbler
51-6041.00,Leather Worker
51-6041.00,Saddle and Harness Maker
51-6041.00,Shoe Cutter
51-6041.00,Shoe Maker
51-6041.00,Shoe Repairer
51-6041.00,Shoe Repairman
51-6041.00,Stitcher
51-6042.00,Boot Maker
51-6042.00,Cobbler
51-6042.00,Inseamer
51-6042.00,Insole Department Worker
51-6042.00,Shoe Cementer
51-6042.00,Shoe Maker
51-6042.00,Side Laster
51-6042.00,Stitcher
51-6042.00,Toe Trimmer
51-6051.00,Alteration Specialist
51-6051.00,Couturier
51-6051.00,Custom Clothier
51-6051.00,Custom Designer
51-6051.00,Custom Seamstress
51-6051.00,Seamstress
51-6051.00,Stitcher
51-6052.00,Alterations Expert
51-6052.00,Alterations Sewer
51-6052.00,Bridal Designer
51-6052.00,Clothing Pattern Designer
51-6052.00,Custom Dressmaker
51-6052.00,Custom Sewer
51-6052.00,Custom Tailor
51-6052.00,Dressmaker
51-6052.00,Seamstress
51-6052.00,Tailor
51-6061.00,Beck Operator
51-6061.00,Dye House Worker
51-6061.00,Dye Line Operator
51-6061.00,Dye Machine Operator
51-6061.00,Dye Operator
51-6061.00,Dye Tub Operator
51-6061.00,Dyer
51-6061.00,Jet Dyeing Machine Operator
51-6061.00,Machine Operator (Machine Op)
51-6061.00,Tub Operator
51-6062.00,Automated Cutting Machine Operator
51-6062.00,CNC Cutting Operator (Computer Numerical Control Cutting Operator)
51-6062.00,Cutter
51-6062.00,Cutter Operator
51-6062.00,Die Cut Operator
51-6062.00,Fabric Cutter
51-6062.00,Laser Operator
51-6062.00,Spread Cutter
51-6062.00,Spreader
51-6062.00,Textile Slitting Machine Operator
51-6063.00,Knitter
51-6063.00,Knitting Machine Operator
51-6063.00,Loom Fixer
51-6063.00,Machine Operator
51-6063.00,Operator
51-6063.00,Tufting Machine Operator
51-6063.00,Tufting Operator
51-6063.00,Warp Knit Operator
51-6063.00,Weaver
51-6063.00,Winder Operator
51-6064.00,Back Winder
51-6064.00,Cable Operator
51-6064.00,Computer Integrated Manufacturing Operator (CIM Operator)
51-6064.00,Drawing Operator
51-6064.00,Line Operator
51-6064.00,Spinner
51-6064.00,Spinning Operator
51-6064.00,Twister Operator
51-6064.00,Winder Operator
51-6064.00,Winder Tender
51-6091.00,Extruder
51-6091.00,Extruder Operator
51-6091.00,Extrusion Line Operator
51-6091.00,Extrusion Operator
51-6091.00,Granulator
51-6091.00,Hot End Operator
51-6091.00,Pelletizer Operator
51-6091.00,Pot Tipper
51-6091.00,Spindraw Operator
51-6091.00,Stretch Operator
51-6092.00,Cutter
51-6092.00,Designer
51-6092.00,Fabric Cutter
51-6092.00,Pattern Designer
51-6092.00,Pattern Maker
51-6092.00,Pattern Technician
51-6092.00,Production Pattern Maker
51-6092.00,Sewing Pattern Layout Technician
51-6092.00,Technical Designer
51-6093.00,Box Spring Upholsterer
51-6093.00,Furniture Upholsterer
51-6093.00,Inside Upholsterer
51-6093.00,Sofa Back Upholsterer
51-6093.00,Stapler
51-6093.00,Trimmer
51-6093.00,Upholstered Goods Crafter
51-6093.00,Upholsterer
51-6093.00,Upholstery Cutter
51-6093.00,Upholstery Trimmer
51-7011.00,Angled Cabinetmaker
51-7011.00,Assembler
51-7011.00,Cabinet Assembler
51-7011.00,Cabinet Builder
51-7011.00,Cabinet Door Maker
51-7011.00,Cabinet Installer
51-7011.00,Cabinetmaker
51-7011.00,Double End Tenon Operator
51-7011.00,Frame Builder
51-7011.00,Woodworker
51-7021.00,Finish Repair Worker
51-7021.00,Finisher
51-7021.00,Furniture Finisher
51-7021.00,Hand Sander
51-7021.00,Lacquer Sprayer
51-7021.00,Sander
51-7021.00,Sealer Sander
51-7021.00,Sprayer
51-7021.00,Stain Sprayer
51-7021.00,Stain Wiper
51-7031.00,Builder
51-7031.00,Craftsman
51-7031.00,Jig Maker
51-7031.00,Model Builder
51-7031.00,Model Maker
51-7031.00,Product Development Carpenter
51-7031.00,Sample Builder
51-7031.00,Sample Maker
51-7031.00,Sample Worker
51-7031.00,Wood Carver
51-7032.00,Mold Maker
51-7032.00,Pattern Engineer
51-7032.00,Pattern Maker
51-7032.00,Patternmaker
51-7032.00,Wood Pattern Maker
51-7032.00,Wood Patternmaker
51-7032.00,Wood Shop Moldmaker
51-7032.00,Woodshop Worker
51-7041.00,Bandmill Operator
51-7041.00,Cut Off Saw Operator
51-7041.00,Edgerman
51-7041.00,Knot Saw Operator
51-7041.00,Panel Saw Operator
51-7041.00,Planer
51-7041.00,Resaw Operator
51-7041.00,Rip Saw Operator
51-7041.00,Saw Operator
51-7041.00,Sawyer
51-7042.00,Boring Machine Operator
51-7042.00,Cabinet Maker
51-7042.00,Knot Saw Operator
51-7042.00,Lathe Operator
51-7042.00,Machine Operator
51-7042.00,Molder Operator
51-7042.00,Router Operator
51-7042.00,Sander
51-7042.00,Sander Operator
51-8011.00,Licensed Reactor Operator
51-8011.00,Nuclear Control Operator
51-8011.00,Nuclear Control Room Operator
51-8011.00,Nuclear Plant Operator (NPO)
51-8011.00,Nuclear Power Reactor Operator
51-8011.00,Nuclear Reactor Operator
51-8011.00,Nuclear Station Operator (NSO)
51-8011.00,Nuclear Supervising Operator (NSO)
51-8011.00,Nuclear Unit Operator
51-8011.00,Reactor Operator (RO)
51-8012.00,Control Area Operator
51-8012.00,Control Operator
51-8012.00,Dispatcher
51-8012.00,Distribution System Dispatcher (DSD)
51-8012.00,DSO (Distribution System Operator)
51-8012.00,Electric System Operator
51-8012.00,Power System Dispatcher
51-8012.00,Power System Operator
51-8012.00,Systems Operator
51-8012.00,Transmission System Operator (TSO)
51-8013.00,Auxiliary Operator
51-8013.00,Control Operator
51-8013.00,Control Room Operator
51-8013.00,Multicraft Operator (MCO)
51-8013.00,Operations and Maintenance Technician (O and M Tech)
51-8013.00,Plant Control Operator
51-8013.00,Plant Operator
51-8013.00,Power Plant Operator
51-8013.00,Station Operator
51-8013.00,Unit Operator
51-8013.03,Auxiliary Operator
51-8013.03,Central Heating Plant Operator
51-8013.03,Fuel Handler
51-8013.03,Fuel Quality Technician (Fuel Quality Tech)
51-8013.03,Heating Plant Operator
51-8013.03,Operations Technician (Operations Tech)
51-8013.03,Plant Operator
51-8013.03,Plant Technician
51-8013.03,Steam Plant Operator
51-8013.04,Hydro Plant Technician (Hydro Plant Tech)
51-8013.04,Hydro Technician (Hydro Tech)
51-8013.04,Hydroelectric Mechanic
51-8013.04,Hydroelectric Operations and Maintenance Technician (Hydro O and M Technician)
51-8013.04,Hydroelectric Operator
51-8013.04,Hydroelectric Plant Mechanic
51-8013.04,Operations and Maintenance Technician (O and M Technician)
51-8013.04,Plant Mechanic
51-8013.04,Power Plant Mechanic
51-8013.04,Power Plant Technician (Power Plant Tech)
51-8021.00,Auxiliary Operator
51-8021.00,Boiler Operator
51-8021.00,Boiler Technician (Boiler Tech)
51-8021.00,Operating Engineer
51-8021.00,Operator
51-8021.00,Plant Utilities Engineer
51-8021.00,Recovery Boiler Operator
51-8021.00,Stationary Engineer
51-8021.00,Stationary Steam Engineer
51-8021.00,Utilities Operator
51-8031.00,Plant Operator
51-8031.00,Process Operator (Process Op)
51-8031.00,Relief Operator
51-8031.00,Waste Water Treatment Plant Operator (WWTP Operator)
51-8031.00,Wastewater Operator (WW Operator)
51-8031.00,Wastewater Technician (Wastewater Tech)
51-8031.00,Water Control Dispatcher
51-8031.00,Water Plant Operator
51-8031.00,Water Treatment Operator
51-8031.00,Water Treatment Plant Operator
51-8091.00,Chemical Operator
51-8091.00,Chemical Plant Operations Technician (Chemical Plan Operations Tech)
51-8091.00,Chemical Plant Production Operator
51-8091.00,Chemical Process Control Operator
51-8091.00,Plant Technician (Plant Tech)
51-8091.00,Process Control Operator
51-8091.00,Process Development Associate
51-8091.00,Process Operator
51-8091.00,Process Technician (Process Tech)
51-8091.00,Production Technician (Production Tech)
51-8092.00,Compressor Technician (Compressor Tech)
51-8092.00,Engine Room Operator
51-8092.00,Gas Controller
51-8092.00,Gas Dispatcher
51-8092.00,Gas Plant Operator
51-8092.00,Gas Resource Control Operator
51-8092.00,Gas System Operator
51-8092.00,Liquefied Natural Gas Technician (LNG Technician)
51-8092.00,Liquid Natural Gas Plant Operator (LNG Plant Operator)
51-8092.00,Plant Operator
51-8093.00,Board Operator
51-8093.00,Crude Unit Operator
51-8093.00,Gauger
51-8093.00,Hydrotreater Operator
51-8093.00,Operator
51-8093.00,Outside Operator
51-8093.00,Pumper
51-8093.00,Refinery Operator
51-8093.00,Stillman
51-8093.00,Unit Operator
51-8099.01,Biofuels Processing Technician
51-8099.01,Board Operator
51-8099.01,Chemical Operator
51-8099.01,Ethanol Operator
51-8099.01,Mash Preparatory Operator
51-8099.01,Process Operator
51-8099.01,Process Technician
51-8099.01,Production Operator
51-9011.00,Chemical Operator (Chemical Tech)
51-9011.00,Chemical Process Operator
51-9011.00,Chemical Reactor Operator
51-9011.00,Chlorination Operator
51-9011.00,Multiskill Operator
51-9011.00,Outside Operator
51-9011.00,Process Equipment Operator
51-9011.00,Process Operator
51-9011.00,Spray Dry Operator
51-9012.00,Blender
51-9012.00,Brewer
51-9012.00,Cellar Worker
51-9012.00,Digester Cook
51-9012.00,Machine Tender
51-9012.00,Paper Machine Tender
51-9012.00,Pasteurizer
51-9012.00,Plant Operator
51-9012.00,Pulper Operator
51-9012.00,Winemaker
51-9021.00,Beveler Operator
51-9021.00,Cullet Trucker
51-9021.00,Grinder
51-9021.00,Grinder Operator
51-9021.00,Machine Operator
51-9021.00,Machine Tender
51-9021.00,Miller
51-9021.00,Polisher
51-9021.00,Preparation Operator (Prep Operator)
51-9021.00,Pulverizer
51-9022.00,Buffer
51-9022.00,Casting Finisher
51-9022.00,Chipper
51-9022.00,Finisher
51-9022.00,Grinder
51-9022.00,Jewelry Polisher
51-9022.00,Knife Grinder
51-9022.00,Metal Finisher
51-9022.00,Polisher
51-9022.00,Stand Grinder
51-9023.00,Batchmaker
51-9023.00,Blender
51-9023.00,Blending Technician (Blending Tech)
51-9023.00,Ink Blender
51-9023.00,Issuing Operator
51-9023.00,Machine Operator
51-9023.00,Mixer
51-9023.00,Mixer Operator
51-9023.00,Operator
51-9023.00,Stock Preparation Operator (Stock Prep Operator)
51-9031.00,Cloth Cutter
51-9031.00,Denim Cutter
51-9031.00,Fabric Cutter
51-9031.00,Finisher
51-9031.00,Glass Cutter
51-9031.00,Hand Cutter
51-9031.00,Leather Cutter
51-9031.00,Offline Cutter
51-9031.00,Sample Cutter
51-9031.00,Trimmer
51-9032.00,Cutter
51-9032.00,Cutter Operator
51-9032.00,Cutting Machine Operator
51-9032.00,Die Cutter Operator
51-9032.00,Flat Cutter
51-9032.00,Machine Operator
51-9032.00,Paper Cutter
51-9032.00,Sheeter
51-9032.00,Skiver Operator
51-9032.00,Slitter
51-9041.00,Extruder Operator
51-9041.00,Extrusion Operator
51-9041.00,Glass Forming Crew Member
51-9041.00,Machine Operator
51-9041.00,Press Operator
51-9041.00,Tuber Operator
51-9051.00,Annealing Operator
51-9051.00,Dry Kiln Operator
51-9051.00,Dryer Feeder
51-9051.00,Evaporator Operator
51-9051.00,Furnace Operator
51-9051.00,Kiln Fireman
51-9051.00,Kiln Operator
51-9051.00,Lime Kiln and Recausticizing Operator
51-9051.00,Oven Operator
51-9061.00,Inspector
51-9061.00,QA Auditor (Quality Assurance Auditor)
51-9061.00,QA Inspector (Quality Assurance Inspector)
51-9061.00,QA Technician (Quality Assurance Technician)
51-9061.00,QC Technician (Quality Control Technician)
51-9061.00,Quality Auditor
51-9061.00,Quality Control Inspector (QC Inspector)
51-9061.00,Quality Inspector
51-9061.00,Quality Technician
51-9061.00,Test Technician
51-9071.00,Appraiser
51-9071.00,Artisan Jeweler
51-9071.00,Bench Jeweler
51-9071.00,Caster
51-9071.00,Gemologist
51-9071.00,Goldsmith
51-9071.00,Jeweler
51-9071.00,Polisher
51-9071.00,Silversmith
51-9071.00,Stone Setter
51-9071.06,Diamond Cutter
51-9071.06,Diamond Grader
51-9071.06,Diamond Picker
51-9071.06,Diamond Polisher
51-9071.06,Diamond Setter
51-9071.06,Facetor
51-9071.06,Gem Carver
51-9071.06,Gemologist
51-9071.06,Lapidarist
51-9081.00,Ceramist
51-9081.00,Crown and Bridge Dental Laboratory Technician (Crown and Bridge Dental Lab Tech)
51-9081.00,Dental Ceramist
51-9081.00,Dental Laboratory Technician (Dental Lab Tech)
51-9081.00,Dental Technician (Dental Tech)
51-9081.00,Denture Technician (Denture Tech)
51-9081.00,Metal Finisher
51-9081.00,Orthodontic Laboratory Technician (Ortho Lab Tech)
51-9081.00,Porcelain Technician (Porcelain Tech)
51-9081.00,Waxer
51-9082.00,Certified Orthotist (CO)
51-9082.00,Certified Pedorthotist
51-9082.00,Certified Prosthetist (CP)
51-9082.00,Hearing Aid Repair Technician (Hearing Aid Repair Tech)
51-9082.00,Laboratory Technician (Lab Tech)
51-9082.00,Orthopedic Technician (Orthopedic Tech)
51-9082.00,Orthotic Technician (Orthotic Tech)
51-9082.00,Prosthetic Lab Tech (Prosthetic Laboratory Technician)
51-9082.00,Prosthetic Technician (Prosthetic Tech)
51-9082.00,Registered Prosthetic Orthotic Technician (Registered Prosthetic Orthotic Tech)
51-9083.00,Edger Technician
51-9083.00,Finishing Lab Technician
51-9083.00,Lab Technician (Laboratory Technician)
51-9083.00,Lens Grinder and Polisher
51-9083.00,Line Operator
51-9083.00,Optical Lab Technician (Optical Laboratory Technician)
51-9083.00,Optical Technician
51-9083.00,Polisher
51-9083.00,Surfacing Technician
51-9111.00,Bundler
51-9111.00,Closing Machine Operator
51-9111.00,Computer Numerical Control Machine Operator (CNC Machine Operator)
51-9111.00,Filler Operator
51-9111.00,Machine Operator
51-9111.00,Packaging Operator
51-9111.00,Packing Attendant
51-9111.00,Packing Machine Operator
51-9123.00,Decaler
51-9123.00,Decorator
51-9123.00,Glass Decorator
51-9123.00,Glazer
51-9123.00,In Mold Coater
51-9123.00,Painter
51-9123.00,Pottery Decorator
51-9123.00,Silk-Screen Operator
51-9123.00,Spray Painter
51-9123.00,Sprayer
51-9124.00,Automotive Painter (Auto Painter)
51-9124.00,Automotive Refinish Technician (Auto Refinish Tech)
51-9124.00,Coater Operator
51-9124.00,Hand Sprayer
51-9124.00,Industrial Painter
51-9124.00,Paint Technician (Paint Tech)
51-9124.00,Painter
51-9124.00,Powder Coater
51-9124.00,Spray Painter
51-9124.00,Top Coater
51-9141.00,Device Processing Engineer
51-9141.00,Diffusion Operator
51-9141.00,Manufacture Specialist
51-9141.00,Manufacturing Technician (Manufacturing Tech)
51-9141.00,Metalorganic Chemical Vapor Deposition Engineer (MOCVD Engineer)
51-9141.00,Probe Operator
51-9141.00,Process Technician (Process Tech)
51-9141.00,Semiconductor Laboratory Technician (Semiconductor Lab Tech)
51-9141.00,Wafer Fabrication Operator
51-9141.00,Wafer Technician (Wafer Tech)
51-9151.00,Digital Printer Operator
51-9151.00,Film Processor
51-9151.00,Film Technician
51-9151.00,Lab Technician
51-9151.00,Photo Lab Specialist
51-9151.00,Photo Lab Technician (Photographic Laboratory Technician)
51-9151.00,Photo Printer
51-9151.00,Photo Specialist
51-9151.00,Photo Technician
51-9161.00,CNC Gear Operator (Computer Numerical Control Gear Operator)
51-9161.00,CNC Lathe Operator (Computer Numerical Control Lathe Operator)
51-9161.00,CNC Machine Operator (Computer Numerical Control Machine Operator)
51-9161.00,CNC Machinist (Computer Numerical Control Machinist)
51-9161.00,CNC Mill Operator (Computer Numerical Control Mill Operator)
51-9161.00,CNC Operator (Computer Numerical Control Operator)
51-9161.00,CNC Set Up Operator (Computer Numerical Control Set Up Operator)
51-9161.00,Machine Operator
51-9161.00,Machine Set Up Operator
51-9162.00,CAD Programmer (Computer-Aided Design Programmer)
51-9162.00,CAM Programmer (Computer-Aided Manufacturing Programmer)
51-9162.00,CNC Machine Operator (Computer Numerical Control Machine Operator)
51-9162.00,CNC Machinist (Computer Numerical Control Machinist)
51-9162.00,CNC Operator (Computer Numerical Control Operator)
51-9162.00,CNC Programmer (Computer Numerical Control Programmer)
51-9162.00,CNC Tech (Computer Numerical Control Technician)
51-9162.00,CNC Tool Programmer (Computer Numerical Control Tool Programmer)
51-9162.00,Numerical Control Programmer (NC Programmer)
51-9162.00,Programmer
51-9191.00,Coater Operator
51-9191.00,Glue Line Operator
51-9191.00,Glue Reel Operator
51-9191.00,Gluer Machine Operator
51-9191.00,Gluing Pressman
51-9191.00,Machine Operator
51-9191.00,Perfect Bind Machine Operator
51-9191.00,Sealer Operator
51-9191.00,Utility Worker
51-9192.00,Anodizer
51-9192.00,Clean in Places Operator (CIP Operator)
51-9192.00,Filler Operator
51-9192.00,Parts Cleaner
51-9192.00,Sanitation Technician
51-9192.00,Sanitation Worker
51-9192.00,Sanitizer
51-9192.00,Tub Wash Operator
51-9192.00,Tub Washer
51-9192.00,Wash Crew Person
51-9193.00,Certified Refrigeration Operator
51-9193.00,Compressor Operator
51-9193.00,Engine Room Operator
51-9193.00,Freezer Operator
51-9193.00,Freezer Person
51-9193.00,Ice Cream Maker
51-9193.00,Machine Operator
51-9193.00,Refrigeration Operator
51-9193.00,Refrigeration Technician
51-9194.00,Acid Etch Operator
51-9194.00,Award Machine Operator
51-9194.00,Chemical Engraver
51-9194.00,Electronic Engraver
51-9194.00,Engraver
51-9194.00,Etcher
51-9194.00,Laser Engraver
51-9194.00,Photo Engraver
51-9194.00,Screen Making Technician
51-9194.00,Wet Process Technician
51-9195.00,Bed Laborer
51-9195.00,Caster
51-9195.00,Injection Molding Machine Operator
51-9195.00,Machine Operator
51-9195.00,Mold Mechanic
51-9195.00,Molder
51-9195.00,Molding Line Operator
51-9195.00,Press Operator
51-9195.03,Carver
51-9195.03,Cutter
51-9195.03,Granite Cutter
51-9195.03,Granite Stone Cutter
51-9195.03,Polisher
51-9195.03,Sandblast Carver
51-9195.03,Shape Carver
51-9195.03,Stone Carver
51-9195.03,Stone Cutter
51-9195.03,Stone Fabricator
51-9195.04,Bender
51-9195.04,Gaffer
51-9195.04,Glass Artist
51-9195.04,Glass Bender
51-9195.04,Glass Block Bender
51-9195.04,Glass Lathe Operator
51-9195.04,Glass Worker
51-9195.04,Glassblower
51-9195.04,Neon Glass Bender
51-9195.04,Neon Pumper
51-9195.05,Clay Mixer
51-9195.05,Glazer
51-9195.05,Jigger Artisan
51-9195.05,Jigger Machine Operator
51-9195.05,Jiggerman
51-9195.05,Kiln Worker
51-9195.05,Potter
51-9195.05,Pottery Manufacturer
51-9195.05,Production Potter
51-9195.05,Pugmill Operator
51-9196.00,Corrugator Operator
51-9196.00,Cup Room Technician
51-9196.00,Folder Machine Operator
51-9196.00,Gluer Operator
51-9196.00,Paper Cutter Operator
51-9196.00,Paper Machine Backtender
51-9196.00,Paper Machine Operator
51-9196.00,Stitching Machine Operator
51-9197.00,Buffer
51-9197.00,Recapper
51-9197.00,Retread Associate
51-9197.00,Retread Technician
51-9197.00,Retreader
51-9197.00,Tire Assembler
51-9197.00,Tire Builder
51-9197.00,Tire Retreader
51-9197.00,Tire Technician
51-9197.00,Tread Builder Operator
51-9198.00,Assembly Line Worker
51-9198.00,Control Room Helper
51-9198.00,Laminator Helper
51-9198.00,Machine Helper
51-9198.00,Machine Operator Helper
51-9198.00,Press Helper
51-9198.00,Press Room Helper
51-9198.00,Production Helper
51-9198.00,Slitter Helper
51-9198.00,Welder Helper
53-1041.00,Cargo Supervisor
53-1041.00,Ground Operations Supervisor
53-1041.00,Line Service Supervisor (LSS)
53-1041.00,Loadmaster
53-1041.00,Ramp and Cargo Supervisor
53-1041.00,Ramp Supervisor
53-1042.00,Floor Supervisor
53-1042.00,Packaging Supervisor
53-1042.00,Receiving Manager
53-1042.00,Receiving Supervisor
53-1042.00,Shipping Manager
53-1042.00,Shipping Supervisor
53-1042.00,Terminal Operations Manager
53-1042.00,Warehouse Foreman
53-1042.00,Warehouse Manager
53-1042.00,Warehouse Supervisor
53-1042.01,Heavy Equipment Supervisor
53-1042.01,Recycle Coordinator
53-1042.01,Recycling Coordinator
53-1042.01,Recycling Manager
53-1042.01,Recycling Program Manager
53-1042.01,Recycling Specialist
53-1042.01,Route Supervisor
53-1042.01,Solid Waste Division Supervisor
53-1042.01,Waste Reduction Coordinator
53-1043.00,Cargo Manager
53-1043.00,DC Supervisor (Distribution Center Supervisor)
53-1043.00,Dock Supervisor
53-1043.00,Driver Manager
53-1043.00,Fleet Manager
53-1043.00,Shipping Manager
53-1043.00,Street Supervisor
53-1043.00,Trainmaster
53-1043.00,Transportation Supervisor
53-1043.00,Warehouse Supervisor
53-1044.00,On Car Supervisor
53-1044.00,Transit Service Supervisor
53-1044.00,Transportation Supervisor
53-2011.00,Airbus Captain
53-2011.00,Airline Captain
53-2011.00,Airline Pilot
53-2011.00,Captain
53-2011.00,Check Airman
53-2011.00,Co-Pilot
53-2011.00,Commercial Airline Pilot
53-2011.00,First Officer (FO)
53-2011.00,Line Pilot
53-2011.00,Pilot
53-2012.00,Captain
53-2012.00,Charter Pilot
53-2012.00,Check Airman
53-2012.00,Commercial Helicopter Pilot
53-2012.00,Commercial Pilot
53-2012.00,EMS Helicopter Pilot (Emergency Medical Service Helicopter Pilot)
53-2012.00,First Officer
53-2012.00,Helicopter Pilot
53-2012.00,Line Pilot
53-2012.00,Pilot
53-2021.00,ATCS (Air Traffic Control Specialist)
53-2021.00,Center ATC (Center Air Traffic Controller)
53-2021.00,Certified Professional Controller (CPC)
53-2021.00,Developmental Air Traffic Controller
53-2021.00,Developmental ATCS (Developmental Air Traffic Control Specialist)
53-2021.00,Enroute ATCS (Enroute Air Traffic Control Specialist)
53-2021.00,Radar Air Traffic Controller
53-2021.00,Terminal ATC Specialist (Terminal Air Traffic Control Specialist)
53-2021.00,Terminal Radar Approach Controller
53-2021.00,Tower ATC (Tower Air Traffic Controller)
53-2022.00,Airfield Operations Specialist
53-2022.00,Airport Operations Agent
53-2022.00,Airport Operations Coordinator
53-2022.00,Airport Operations Officer
53-2022.00,Airport Operations Specialist
53-2022.00,Flight Follower
53-2022.00,Operations Agent
53-2022.00,Operations Coordinator
53-2022.00,Operations Officer
53-2022.00,Operations Specialist
53-2031.00,Flight Attendant
53-2031.00,In-Flight Crew Member
53-2031.00,Inflight Services Flight Attendant
53-2031.00,International Flight Attendant
53-2031.00,Purser
53-3011.00,Ambulance Driver
53-3011.00,Chair Car Driver
53-3011.00,CPR Ambulance Driver (Cardio Pulmonary Resuscitation Ambulance Driver)
53-3011.00,Driver
53-3011.00,Driver Medic
53-3011.00,ECA (Emergency Care Attendant)
53-3011.00,Emergency Vehicle Operator
53-3011.00,EMS Driver (Emergency Medical Services Driver)
53-3011.00,First Responder
53-3011.00,Medical Van Driver (Medi-Van Driver)
53-3031.00,Delivery Man
53-3031.00,Driver
53-3031.00,Driver Salesman
53-3031.00,Pizza Delivery Driver
53-3031.00,Route Delivery Driver
53-3031.00,Route Driver
53-3031.00,Route Sales Driver
53-3031.00,Route Sales Representative
53-3031.00,Route Salesman
53-3031.00,Sales Route Driver
53-3032.00,CDL Driver (Commercial Driver's License Driver)
53-3032.00,Driver
53-3032.00,Line Haul Driver
53-3032.00,Log Truck Driver
53-3032.00,Over the Road Driver (OTR Driver)
53-3032.00,Production Truck Driver
53-3032.00,Road Driver
53-3032.00,Semi Truck Driver
53-3032.00,Tractor Trailer Driver
53-3032.00,Truck Driver
53-3033.00,Bulk Delivery Driver
53-3033.00,Delivery Driver
53-3033.00,Driver
53-3033.00,Light Truck Driver
53-3033.00,Package Car Driver
53-3033.00,Package Delivery Driver
53-3033.00,Route Driver
53-3033.00,Service Provider
53-3033.00,Truck Driver
53-3033.00,Warehouse Driver
53-3051.00,Bus Drive Coordinator
53-3051.00,Bus Driver Route Coordinator
53-3051.00,CDL Bus Driver (Commercial Driver's License Bus Driver)
53-3051.00,Public School Bus Driver
53-3051.00,School Bus Driver
53-3051.00,School Van Driver
53-3051.00,Shuttle Bus Driver
53-3051.00,SPED Bus Driver (Special Education Bus Driver)
53-3051.00,SPED School Bus Driver (Special Education School Bus Driver)
53-3051.00,Student Driver
53-3052.00,Bus Driver
53-3052.00,Bus Operator
53-3052.00,Charter Bus Driver
53-3052.00,Coach Operator
53-3052.00,Motor Coach Driver
53-3052.00,Motor Coach Operator
53-3052.00,Transit Bus Driver
53-3052.00,Transit Coach Operator
53-3052.00,Transit Driver
53-3052.00,Transit Operator
53-3053.00,Airport Shuttle Driver
53-3053.00,Chauffeur
53-3053.00,Driver
53-3053.00,Limo Driver (Limousine Driver)
53-3053.00,Motor Coach Driver
53-3053.00,Shuttle Bus Driver
53-3053.00,Shuttle Driver
53-3053.00,Special Needs Bus Driver
53-3053.00,Transportation Driver
53-3053.00,Van Driver
53-3054.00,Cab Driver
53-3054.00,Taxi Cab Driver
53-3054.00,Taxi Driver
53-4011.00,Engineer
53-4011.00,Passenger Locomotive Engineer
53-4011.00,Railroad Engineer
53-4011.00,Steam Locomotive Engineer
53-4011.00,Steam Locomotive Fireman
53-4011.00,Through Freight Engineer
53-4011.00,Train Engineer
53-4011.00,Trainmaster
53-4011.00,Transportation Specialist
53-4013.00,Carman
53-4013.00,Engineer
53-4013.00,Hostler
53-4013.00,Rail Yard Engineer
53-4013.00,Railcar Switcher
53-4013.00,Railroad Engineer
53-4013.00,Switchman
53-4013.00,Yard Engineer
53-4022.00,Brakeman
53-4022.00,Carman
53-4022.00,Fireman
53-4022.00,Locomotive Switch Operator
53-4022.00,Railroad Brakeman
53-4022.00,Railroad Switchman
53-4022.00,Switch Operator
53-4022.00,Switchman
53-4022.00,Terminal Carman
53-4022.00,Yard Switcher
53-4031.00,Conductor
53-4031.00,Freight Conductor
53-4031.00,Freight Train Conductor
53-4031.00,Local Freight Conductor
53-4031.00,Railroad Conductor
53-4031.00,Railway Yardmaster
53-4031.00,Thru Freight Conductor
53-4031.00,Train Master
53-4031.00,Trainman
53-4031.00,Yardmaster
53-4041.00,Combined Rail Operator
53-4041.00,Light Rail Operator
53-4041.00,Light Rail Train Operator
53-4041.00,Light Rail Vehicle Operator (LRV Operator)
53-4041.00,Rail Operator
53-4041.00,Rapid Transit Operator (RTO)
53-4041.00,Streetcar Operator
53-4041.00,Train Operator
53-4041.00,Transit Operator
53-4041.00,Trolley Operator
53-5011.00,AB Seaman (Able Bodied Seaman)
53-5011.00,AB Watchman (Able Bodied Watchman)
53-5011.00,Able Seaman
53-5011.00,Deck Hand
53-5011.00,Deckhand
53-5011.00,Deckhand Engineer
53-5011.00,Oiler
53-5011.00,Pilot Boat Deckhand
53-5011.00,Relief Deckhand
53-5011.00,Tankerman
53-5021.00,Boat Captain
53-5021.00,Captain
53-5021.00,Ferry Boat Captain
53-5021.00,First Mate
53-5021.00,Harbor Pilot
53-5021.00,Mate
53-5021.00,River Pilot
53-5021.00,Ship Pilot
53-5021.00,Tugboat Captain
53-5021.00,Vessel Master
53-5022.00,Boat Operator
53-5022.00,Crew Boat Operator
53-5022.00,Harbor Pilot
53-5022.00,Launch Operator
53-5022.00,Launchman
53-5022.00,Motorboat Operator
53-5022.00,River Pilot
53-5022.00,Shoreboat Driver
53-5022.00,Water Taxi Business Operator
53-5022.00,Water Taxi Operator
53-5031.00,Barge Engineer
53-5031.00,Engineer
53-5031.00,Ferry Engineer
53-5031.00,Harbor Engineer
53-5031.00,Port Engineer
53-5031.00,Ship Engineer
53-5031.00,Towboat Engineer
53-5031.00,Tug Boat Engineer
53-5031.00,Vessel Engineer
53-6011.00,Bridge Operator
53-6011.00,Bridge Tender
53-6011.00,Lock Tender
53-6021.00,Hiker
53-6021.00,Parking Attendant
53-6021.00,Parking Cashier
53-6021.00,Parking Lot Attendant
53-6021.00,Parking Ramp Attendant
53-6021.00,Valet Attendant
53-6021.00,Valet Parker
53-6021.00,Valet Parking Attendant
53-6031.00,Attendant
53-6031.00,Dock Attendant
53-6031.00,Dock Hand
53-6031.00,Fuel Attendant
53-6031.00,Fuel Dock Attendant
53-6031.00,Gas Attendant
53-6031.00,Gas Pumper
53-6031.00,Marine Fuel Dock Attendant
53-6031.00,Service Station Attendant
53-6032.00,Aircraft Deicer
53-6032.00,Aircraft Refueler
53-6032.00,Fueler
53-6032.00,Refueler
53-6041.00,Field Traffic Investigator
53-6041.00,Traffic Control Technician (Traffic Control Tech)
53-6041.00,Traffic Field Investigator
53-6041.00,Traffic Investigator
53-6041.00,Traffic Monitor Specialist
53-6041.00,Traffic Signal Technician (TST)
53-6041.00,Traffic Survey Technician (Traffic Survey Tech)
53-6041.00,Traffic Systems Technician (Traffic Systems Tech)
53-6041.00,Transportation Planning Technician (Transportation Planning Tech)
53-6041.00,Transportation Technician (Transportation Tech)
53-6051.00,Cargo Surveyor
53-6051.00,Inspector
53-6051.00,Marine Cargo Surveyor
53-6051.00,Marine Surveyor
53-6051.00,Petroleum Inspector
53-6051.01,Aircraft Inspector
53-6051.01,Aircraft Quality Control Inspector (Aircraft QC Inspector)
53-6051.01,Airworthiness Safety Inspector
53-6051.01,Aviation Safety Inspector (ASI)
53-6051.01,Avionics Safety Inspector
53-6051.01,Inspector
53-6051.01,Manufacturing Aviation Safety Inspector (Manufacturing ASI)
53-6051.01,Quality Control Inspector (QC Inspector)
53-6051.01,Quality Inspector
53-6051.01,RTS Inspector (Return to Service Inspector)
53-6051.07,Car Inspector
53-6051.07,Carman
53-6051.07,Emissions Inspector
53-6051.07,Inspector
53-6051.07,Motor Carrier Inspector
53-6051.07,Quality Assurance Inspector
53-6051.07,Railroad Track Inspector
53-6051.07,Safety Inspector
53-6051.07,Smog Technician
53-6051.07,Transit Vehicle Inspector
53-6061.00,Attendant
53-6061.00,Bus Aide
53-6061.00,Bus Assistant
53-6061.00,Bus Attendant
53-6061.00,Bus Monitor
53-6061.00,Cabin Attendant
53-6061.00,Fare Enforcement Officer
53-6061.00,Transportation Aide
53-6061.00,Transportation Assistant
53-6061.00,Transportation Attendant
53-7011.00,Chipper Operator
53-7011.00,Conveyor Operator
53-7011.00,Conveyor Tender
53-7011.00,Flumer
53-7011.00,Machine Operator
53-7011.00,Package Line Operator
53-7011.00,Packaging Line Operator
53-7011.00,Process Line Operator
53-7011.00,Process Operator
53-7011.00,Strapper Operator
53-7021.00,Crane Operator
53-7021.00,Equipment Operator
53-7021.00,Heavy Equipment Operator
53-7021.00,Machine Operator
53-7021.00,Mobile Crane Operator
53-7021.00,Overhead Crane Operator
53-7021.00,Port Crane Operator
53-7021.00,Scrap Crane Operator
53-7021.00,Tower Crane Operator
53-7021.00,Woodyard Crane Operator
53-7031.00,Dredge Operator
53-7031.00,Dredger
53-7041.00,Hoist Operator
53-7041.00,Hoisting Operator
53-7041.00,Hoistman
53-7041.00,Service Operator
53-7041.00,Winch Derrick Operator
53-7041.00,Winchman
53-7051.00,Checker Loader
53-7051.00,Fork Lift Technician
53-7051.00,Fork Truck Driver
53-7051.00,Forklift Driver
53-7051.00,Forklift Operator
53-7051.00,Lift Truck Operator
53-7051.00,Shag Truck Driver
53-7051.00,Spotter Driver
53-7051.00,Tow Motor Operator
53-7051.00,Truck Driver
53-7061.00,Aircraft Cleaner
53-7061.00,Automotive Detailer (Auto Detailer)
53-7061.00,Bus Cleaner
53-7061.00,Car Detailer
53-7061.00,Car Washer
53-7061.00,Cleaner
53-7061.00,Detail Technician (Detail Tech)
53-7061.00,Detailer
53-7061.00,Reconditioner
53-7061.00,Sanitation Truck Cleaner
53-7062.00,Laborer
53-7062.00,Loader
53-7062.00,Material Handler
53-7062.00,Merchandise Pick Up Associate
53-7062.00,Merchandise Receiving Associate
53-7062.00,Receiver
53-7062.00,Receiving Associate
53-7062.00,Shipping and Receiving Materials Handler
53-7062.00,Warehouse Worker
53-7062.04,Bobcat Driver
53-7062.04,Box Sorter
53-7062.04,Convenience Recycle Center Technician (Convenience Recycle Center Tech)
53-7062.04,Deconstruction and Decontamination Waste Operations Specialist (D and D Waste Operations Specialist)
53-7062.04,Non-Ferrous Material Handler
53-7062.04,Sort Line Worker
53-7062.04,Sorter
53-7062.04,Transfer Station Operator
53-7063.00,Cotton Tipper
53-7063.00,Dryer Feeder
53-7063.00,Feeder
53-7063.00,Lug Loader
53-7063.00,Machine Feeder
53-7063.00,Offbearer
53-7063.00,Sawmill Worker
53-7063.00,Sewing Line Baler
53-7063.00,Tube Puller
53-7064.00,Bagger
53-7064.00,Crater
53-7064.00,Mini Shifter
53-7064.00,Pack Out Operator
53-7064.00,Packager
53-7064.00,Packaging Specialist
53-7064.00,Packer
53-7064.00,Picker and Packer
53-7064.00,Sacker
53-7064.00,Selector Packer
53-7065.00,Checker Stocker
53-7065.00,Inventory Technician (Inventory Tech)
53-7065.00,Label Maker
53-7065.00,Marking Clerk
53-7065.00,Order Filler
53-7065.00,Order Picker
53-7065.00,Stock Clerk
53-7065.00,Stocker
53-7065.00,Warehouse Technician (Warehouse Tech)
53-7065.00,Warehouse Worker
53-7071.00,Compressor Operator
53-7071.00,Compressor Station Operator
53-7071.00,Compressor Technician
53-7071.00,Fill Plant Operator
53-7071.00,Filler
53-7071.00,Liquefied Natural Gas Plant Operator (LNG Plant Operator)
53-7071.00,Pipeline Technician
53-7071.00,Plant Operator
53-7071.00,Terminal Operator
53-7072.00,Boom Pump Operator
53-7072.00,Chemical Pumper
53-7072.00,Day Light Relief Operator
53-7072.00,Outside Operator
53-7072.00,Pipeline Dispatch Operator
53-7072.00,Pipeline Operator
53-7072.00,Pump Operator
53-7072.00,Pump Station Operator
53-7072.00,Pumper
53-7072.00,Tank Farm Operator
53-7073.00,Field Operator
53-7073.00,Lease Attendant
53-7073.00,Lease Operator
53-7073.00,Oilfield Plant Operator
53-7073.00,Pumper
53-7073.00,Well Field Technician
53-7073.00,Well Head Pumper
53-7073.00,Well Tender
53-7073.00,Wellhead Pumper
53-7081.00,Front Load Trash Truck Driver
53-7081.00,Garbage Man
53-7081.00,Recycle Driver
53-7081.00,Refuse Collector
53-7081.00,Roll Off Container Truck Driver
53-7081.00,Roll Off Truck Driver
53-7081.00,Sanitation Laborer
53-7081.00,Swamper
53-7081.00,Trash Collector
53-7081.00,Truck Driver
53-7121.00,Load Out Person
53-7121.00,Loader
53-7121.00,Loader Operator
53-7121.00,Loading Operator
53-7121.00,Oil Movements Operator
53-7121.00,PVC Loader (Polyvinyl Chloride Loader)
53-7121.00,Rail Car Loader
53-7121.00,Tank Car Loader
53-7121.00,Tankerman
53-7121.00,Truck Loader
