faculty,programme,programme_slug,um_title,onet_code,onet_title,mapping_method,gemini_confidence
ACADEMY OF ISLAMIC STUDIES,BACHELOR OF ISLAMIC STUDIES AND SCIENCE,bachelor-of-islamic-studies-and-science,Islamic Scholar,25-1126.00,"Philosophy and Religion Teachers, Postsecondary",gemini,0.9
ACADEMY OF ISLAMIC STUDIES,BACHELOR OF ISLAMIC STUDIES AND SCIENCE,bachelor-of-islamic-studies-and-science,Religious Teacher,25-3021.00,Self-Enrichment Teachers,gemini,0.75
ACADEMY OF ISLAMIC STUDIES,BACHELOR OF ISLAMIC STUDIES AND SCIENCE,bachelor-of-islamic-studies-and-science,Academic Researcher,25-1199.00,"Postsecondary Teachers, All Other",gemini,0.75
ACADEMY OF ISLAMIC STUDIES,BACHELOR OF ISLAMIC STUDIES AND SCIENCE,bachelor-of-islamic-studies-and-science,Islamic Finance Advisor,13-2052.00,Personal Financial Advisors,gemini,0.88
ACADEMY OF ISLAMIC STUDIES,BACHELOR OF ISLAMIC STUDIES AND SCIENCE,bachelor-of-islamic-studies-and-science,Community Development Officer,11-9151.00,Social and Community Service Managers,gemini,0.85
ACADEMY OF ISLAMIC STUDIES,BACHELOR OF ISLAMIC STUDIES AND SCIENCE,bachelor-of-islamic-studies-and-science,Islamic Education Curriculum Developer,25-9031.00,Instructional Coordinators,gemini,0.85
ACADEMY OF ISLAMIC STUDIES,BACHELOR OF ISLAMIC STUDIES AND SCIENCE,bachelor-of-islamic-studies-and-science,Interfaith Dialogue Facilitator,21-2099.00,"Religious Workers, All Other",gemini,0.82
ACADEMY OF ISLAMIC STUDIES,BACHELOR OF ISLAMIC STUDIES AND SCIENCE,bachelor-of-islamic-studies-and-science,Islamic Law Consultant,23-1011.00,Lawyers,gemini,0.85
ACADEMY OF ISLAMIC STUDIES,BACHELOR OF ISLAMIC STUDIES AND SCIENCE,bachelor-of-islamic-studies-and-science,Public Policy Analyst,19-3094.00,Political Scientists,gemini,0.9
ACADEMY OF ISLAMIC STUDIES,BACHELOR OF ISLAMIC STUDIES AND SCIENCE,bachelor-of-islamic-studies-and-science,Social Services Coordinator,21-1099.00,"Community and Social Service Specialists, All Other",gemini,0.85
ACADEMY OF ISLAMIC STUDIES,BACHELOR OF ISLAMIC STUDIES AND SCIENCE,bachelor-of-islamic-studies-and-science,Cultural Heritage Manager,25-4012.00,Curators,gemini,0.85
ACADEMY OF ISLAMIC STUDIES,BACHELOR OF ISLAMIC STUDIES AND SCIENCE,bachelor-of-islamic-studies-and-science,NGO Program Officer,21-1099.00,"Community and Social Service Specialists, All Other",gemini,0.8
ACADEMY OF ISLAMIC STUDIES,BACHELOR OF ISLAMIC STUDIES AND SCIENCE,bachelor-of-islamic-studies-and-science,Religious Counsellor,21-1019.00,"Counselors, All Other",gemini,0.85
ACADEMY OF ISLAMIC STUDIES,BACHELOR OF ISLAMIC STUDIES AND SCIENCE,bachelor-of-islamic-studies-and-science,Lecturer,25-1199.00,"Postsecondary Teachers, All Other",gemini,0.9
ACADEMY OF ISLAMIC STUDIES,BACHELOR OF ISLAMIC STUDIES AND SCIENCE,bachelor-of-islamic-studies-and-science,Writer Or Author On Islamic Topics,27-3043.00,Writers and Authors,gemini,0.9
ACADEMY OF ISLAMIC STUDIES,BACHELOR OF ISLAMIC STUDIES AND SCIENCE,bachelor-of-islamic-studies-and-science,Islamic Museum Curator,25-4012.00,Curators,gemini,0.95
ACADEMY OF ISLAMIC STUDIES,BACHELOR OF ISLAMIC STUDIES AND SCIENCE,bachelor-of-islamic-studies-and-science,Translator Of Islamic Texts,27-3091.00,Interpreters and Translators,gemini,0.95
ACADEMY OF ISLAMIC STUDIES,BACHELOR OF ISLAMIC STUDIES AND SCIENCE,bachelor-of-islamic-studies-and-science,Media And Communications Specialist In Islamic Content,27-3031.00,Public Relations Specialists,gemini,0.85
ACADEMY OF ISLAMIC STUDIES,BACHELOR OF ISLAMIC STUDIES AND SCIENCE,bachelor-of-islamic-studies-and-science,Human Rights Advocate,21-1099.00,"Community and Social Service Specialists, All Other",gemini,0.8
ACADEMY OF ISLAMIC STUDIES,BACHELOR OF ISLAMIC STUDIES AND SCIENCE,bachelor-of-islamic-studies-and-science,Ethics Consultant,13-1111.00,Management Analysts,gemini,0.7
ACADEMY OF ISLAMIC STUDIES,BACHELOR OF ISLAMIC STUDIES AND SCIENCE,bachelor-of-islamic-studies-and-science,Educational Administrator,11-9039.00,"Education Administrators, All Other",gemini,0.9
ACADEMY OF ISLAMIC STUDIES,BACHELOR OF MUAMALAT MANAGEMENT,bachelor-of-muamalat-management,Shariah Compliance Officer,13-1041.00,Compliance Officers,gemini,0.9
ACADEMY OF ISLAMIC STUDIES,BACHELOR OF MUAMALAT MANAGEMENT,bachelor-of-muamalat-management,Islamic Finance Executive,13-2099.00,"Financial Specialists, All Other",gemini,0.82
ACADEMY OF ISLAMIC STUDIES,BACHELOR OF MUAMALAT MANAGEMENT,bachelor-of-muamalat-management,Syariah Auditor,13-2011.00,Accountants and Auditors,gemini,0.9
ACADEMY OF ISLAMIC STUDIES,BACHELOR OF MUAMALAT MANAGEMENT,bachelor-of-muamalat-management,Halal Industry Executive,13-1041.00,Compliance Officers,gemini,0.8
ACADEMY OF ISLAMIC STUDIES,BACHELOR OF MUAMALAT MANAGEMENT,bachelor-of-muamalat-management,Takaful (Islamic Insurance) Agent,41-3021.00,Insurance Sales Agents,gemini,0.95
ACADEMY OF ISLAMIC STUDIES,BACHELOR OF MUAMALAT MANAGEMENT,bachelor-of-muamalat-management,Islamic Banking Officer,13-2099.00,"Financial Specialists, All Other",gemini,0.85
ACADEMY OF ISLAMIC STUDIES,BACHELOR OF MUAMALAT MANAGEMENT,bachelor-of-muamalat-management,Investment Analyst (Islamic Funds),13-2051.00,Financial and Investment Analysts,curated,
ACADEMY OF ISLAMIC STUDIES,BACHELOR OF MUAMALAT MANAGEMENT,bachelor-of-muamalat-management,Zakat and Waqf Management Officer,13-2099.00,"Financial Specialists, All Other",gemini,0.7
ACADEMY OF ISLAMIC STUDIES,BACHELOR OF MUAMALAT MANAGEMENT,bachelor-of-muamalat-management,Financial Planner (Islamic Finance),13-2052.00,Personal Financial Advisors,curated,
ACADEMY OF ISLAMIC STUDIES,BACHELOR OF MUAMALAT MANAGEMENT,bachelor-of-muamalat-management,Islamic Wealth Management Advisor,13-2052.00,Personal Financial Advisors,gemini,0.9
ACADEMY OF ISLAMIC STUDIES,BACHELOR OF MUAMALAT MANAGEMENT,bachelor-of-muamalat-management,Research Officer (Islamic Economics),19-3011.00,Economists,gemini,0.85
ACADEMY OF ISLAMIC STUDIES,BACHELOR OF MUAMALAT MANAGEMENT,bachelor-of-muamalat-management,Entrepreneur (Halal Business),11-1021.00,General and Operations Managers,gemini,0.65
ACADEMY OF ISLAMIC STUDIES,BACHELOR OF MUAMALAT MANAGEMENT,bachelor-of-muamalat-management,Corporate Governance Executive (Shariah-compliant firms),13-1041.00,Compliance Officers,gemini,0.85
ACADEMY OF ISLAMIC STUDIES,BACHELOR OF MUAMALAT MANAGEMENT,bachelor-of-muamalat-management,Lecturer or Academic Researcher in Islamic Finance,25-1011.00,"Business Teachers, Postsecondary",gemini,0.85
ACADEMY OF ISLAMIC STUDIES,BACHELOR OF MUAMALAT MANAGEMENT,bachelor-of-muamalat-management,Islamic Capital Market Executive,13-2051.00,Financial and Investment Analysts,gemini,0.85
ACADEMY OF ISLAMIC STUDIES,BACHELOR OF AL-QURAN AND AL-HADITH,bachelor-of-al-quran-and-al-hadith,Islamic Scholar,25-1126.00,"Philosophy and Religion Teachers, Postsecondary",gemini,0.9
ACADEMY OF ISLAMIC STUDIES,BACHELOR OF AL-QURAN AND AL-HADITH,bachelor-of-al-quran-and-al-hadith,Religious Teacher,25-3021.00,Self-Enrichment Teachers,gemini,0.75
ACADEMY OF ISLAMIC STUDIES,BACHELOR OF AL-QURAN AND AL-HADITH,bachelor-of-al-quran-and-al-hadith,Quranic Studies Lecturer,25-1126.00,"Philosophy and Religion Teachers, Postsecondary",gemini,0.95
ACADEMY OF ISLAMIC STUDIES,BACHELOR OF AL-QURAN AND AL-HADITH,bachelor-of-al-quran-and-al-hadith,Hadith Researcher,21-2099.00,"Religious Workers, All Other",gemini,0.8
ACADEMY OF ISLAMIC STUDIES,BACHELOR OF AL-QURAN AND AL-HADITH,bachelor-of-al-quran-and-al-hadith,Islamic Counsellor,21-1019.00,"Counselors, All Other",gemini,0.85
ACADEMY OF ISLAMIC STUDIES,BACHELOR OF AL-QURAN AND AL-HADITH,bachelor-of-al-quran-and-al-hadith,Islamic Education Coordinator,25-9031.00,Instructional Coordinators,gemini,0.9
ACADEMY OF ISLAMIC STUDIES,BACHELOR OF AL-QURAN AND AL-HADITH,bachelor-of-al-quran-and-al-hadith,Mosque Imam,21-2011.00,Clergy,gemini,0.95
ACADEMY OF ISLAMIC STUDIES,BACHELOR OF AL-QURAN AND AL-HADITH,bachelor-of-al-quran-and-al-hadith,Religious Advisor,21-2099.00,"Religious Workers, All Other",gemini,0.85
ACADEMY OF ISLAMIC STUDIES,BACHELOR OF AL-QURAN AND AL-HADITH,bachelor-of-al-quran-and-al-hadith,Author Of Islamic Literature,27-3043.00,Writers and Authors,gemini,0.9
ACADEMY OF ISLAMIC STUDIES,BACHELOR OF AL-QURAN AND AL-HADITH,bachelor-of-al-quran-and-al-hadith,Islamic Curriculum Developer,25-9031.00,Instructional Coordinators,gemini,0.92
ACADEMY OF ISLAMIC STUDIES,BACHELOR OF AL-QURAN AND AL-HADITH,bachelor-of-al-quran-and-al-hadith,Islamic Content Writer,27-3043.00,Writers and Authors,gemini,0.9
ACADEMY OF ISLAMIC STUDIES,BACHELOR OF AL-QURAN AND AL-HADITH,bachelor-of-al-quran-and-al-hadith,Translator Of Islamic Texts,27-3091.00,Interpreters and Translators,gemini,0.95
ACADEMY OF ISLAMIC STUDIES,BACHELOR OF AL-QURAN AND AL-HADITH,bachelor-of-al-quran-and-al-hadith,Community Outreach Coordinator,21-1099.00,"Community and Social Service Specialists, All Other",gemini,0.85
ACADEMY OF ISLAMIC STUDIES,BACHELOR OF AL-QURAN AND AL-HADITH,bachelor-of-al-quran-and-al-hadith,Islamic Affairs Officer,21-2099.00,"Religious Workers, All Other",gemini,0.85
ACADEMY OF ISLAMIC STUDIES,BACHELOR OF AL-QURAN AND AL-HADITH,bachelor-of-al-quran-and-al-hadith,Interfaith Dialogue Facilitator,21-2099.00,"Religious Workers, All Other",gemini,0.82
ACADEMY OF ISLAMIC STUDIES,BACHELOR OF AL-QURAN AND AL-HADITH,bachelor-of-al-quran-and-al-hadith,Islamic Historian,19-3093.00,Historians,gemini,0.98
ACADEMY OF ISLAMIC STUDIES,BACHELOR OF AL-QURAN AND AL-HADITH,bachelor-of-al-quran-and-al-hadith,Religious Event Organizer,13-1121.00,"Meeting, Convention, and Event Planners",gemini,0.9
ACADEMY OF ISLAMIC STUDIES,BACHELOR OF AL-QURAN AND AL-HADITH,bachelor-of-al-quran-and-al-hadith,Quran Memorization Coach,25-3021.00,Self-Enrichment Teachers,gemini,0.85
ACADEMY OF ISLAMIC STUDIES,BACHELOR OF AL-QURAN AND AL-HADITH,bachelor-of-al-quran-and-al-hadith,Islamic Law Consultant,23-1011.00,Lawyers,gemini,0.85
ACADEMY OF ISLAMIC STUDIES,BACHELOR OF AL-QURAN AND AL-HADITH,bachelor-of-al-quran-and-al-hadith,Lecturer In Islamic Universities,25-1126.00,"Philosophy and Religion Teachers, Postsecondary",gemini,0.85
ACADEMY OF ISLAMIC STUDIES,BACHELOR OF SHARIAH AND LAW,bachelor-of-shariah-and-law,Shariah Lawyer,23-1011.00,Lawyers,gemini,0.95
ACADEMY OF ISLAMIC STUDIES,BACHELOR OF SHARIAH AND LAW,bachelor-of-shariah-and-law,Islamic Court Judge,23-1023.00,"Judges, Magistrate Judges, and Magistrates",gemini,0.95
ACADEMY OF ISLAMIC STUDIES,BACHELOR OF SHARIAH AND LAW,bachelor-of-shariah-and-law,Legal Advisor In Islamic Finance,23-1011.00,Lawyers,gemini,0.9
ACADEMY OF ISLAMIC STUDIES,BACHELOR OF SHARIAH AND LAW,bachelor-of-shariah-and-law,Compliance Officer In Islamic Banking,13-1041.00,Compliance Officers,gemini,0.9
ACADEMY OF ISLAMIC STUDIES,BACHELOR OF SHARIAH AND LAW,bachelor-of-shariah-and-law,Legal Consultant,23-1011.00,Lawyers,gemini,0.95
ACADEMY OF ISLAMIC STUDIES,BACHELOR OF SHARIAH AND LAW,bachelor-of-shariah-and-law,Legal Researcher,23-2011.00,Paralegals and Legal Assistants,gemini,0.85
ACADEMY OF ISLAMIC STUDIES,BACHELOR OF SHARIAH AND LAW,bachelor-of-shariah-and-law,Mediator In Islamic Disputes,23-1022.00,"Arbitrators, Mediators, and Conciliators",gemini,0.9
ACADEMY OF ISLAMIC STUDIES,BACHELOR OF SHARIAH AND LAW,bachelor-of-shariah-and-law,Lecturer In Shariah And Law,25-1112.00,"Law Teachers, Postsecondary",gemini,0.9
ACADEMY OF ISLAMIC STUDIES,BACHELOR OF SHARIAH AND LAW,bachelor-of-shariah-and-law,Government Legal Officer,23-1011.00,Lawyers,gemini,0.95
ACADEMY OF ISLAMIC STUDIES,BACHELOR OF SHARIAH AND LAW,bachelor-of-shariah-and-law,Legal Policy Analyst,19-3094.00,Political Scientists,gemini,0.75
ACADEMY OF ISLAMIC STUDIES,BACHELOR OF SHARIAH AND LAW,bachelor-of-shariah-and-law,Human Rights Advocate,21-1099.00,"Community and Social Service Specialists, All Other",gemini,0.8
ACADEMY OF ISLAMIC STUDIES,BACHELOR OF SHARIAH AND LAW,bachelor-of-shariah-and-law,Legal Auditor,13-1041.00,Compliance Officers,gemini,0.75
ACADEMY OF ISLAMIC STUDIES,BACHELOR OF SHARIAH AND LAW,bachelor-of-shariah-and-law,Corporate Legal Counsel With Shariah Expertise,23-1011.00,Lawyers,gemini,0.9
ACADEMY OF ISLAMIC STUDIES,BACHELOR OF SHARIAH AND LAW,bachelor-of-shariah-and-law,Public Prosecutor In Islamic Courts,23-1011.00,Lawyers,gemini,0.9
ACADEMY OF ISLAMIC STUDIES,BACHELOR OF SHARIAH AND LAW,bachelor-of-shariah-and-law,Legal Affairs Manager,11-9199.00,"Managers, All Other",gemini,0.8
ACADEMY OF ISLAMIC STUDIES,BACHELOR OF SHARIAH AND LAW,bachelor-of-shariah-and-law,NGO Legal Advisor,23-1011.00,Lawyers,gemini,0.9
ACADEMY OF ISLAMIC STUDIES,BACHELOR OF SHARIAH AND LAW,bachelor-of-shariah-and-law,Legal Writer/Journalist,27-3023.00,"News Analysts, Reporters, and Journalists",curated,
ACADEMY OF ISLAMIC STUDIES,BACHELOR OF SHARIAH AND LAW,bachelor-of-shariah-and-law,Law Enforcement Officer Specializing In Shariah,33-3051.00,Police and Sheriff's Patrol Officers,gemini,0.8
ACADEMY OF ISLAMIC STUDIES,BACHELOR OF SHARIAH AND LAW,bachelor-of-shariah-and-law,Arbitrator,23-1022.00,"Arbitrators, Mediators, and Conciliators",curated,
ACADEMY OF ISLAMIC STUDIES,BACHELOR OF SHARIAH AND LAW,bachelor-of-shariah-and-law,Islamic Legal Trainer,13-1151.00,Training and Development Specialists,gemini,0.82
ACADEMY OF ISLAMIC STUDIES,BACHELOR OF SHARIAH,bachelor-of-shariah,Shariah Advisor,21-2099.00,"Religious Workers, All Other",gemini,0.8
ACADEMY OF ISLAMIC STUDIES,BACHELOR OF SHARIAH,bachelor-of-shariah,Islamic Finance Consultant,13-2051.00,Financial and Investment Analysts,gemini,0.85
ACADEMY OF ISLAMIC STUDIES,BACHELOR OF SHARIAH,bachelor-of-shariah,Mosque Imam,21-2011.00,Clergy,gemini,0.95
ACADEMY OF ISLAMIC STUDIES,BACHELOR OF SHARIAH,bachelor-of-shariah,Islamic Judge (Qadi),23-1023.00,"Judges, Magistrate Judges, and Magistrates",gemini,0.95
ACADEMY OF ISLAMIC STUDIES,BACHELOR OF SHARIAH,bachelor-of-shariah,Religious Teacher,25-3021.00,Self-Enrichment Teachers,gemini,0.75
ACADEMY OF ISLAMIC STUDIES,BACHELOR OF SHARIAH,bachelor-of-shariah,Islamic Legal Researcher,23-2011.00,Paralegals and Legal Assistants,gemini,0.88
ACADEMY OF ISLAMIC STUDIES,BACHELOR OF SHARIAH,bachelor-of-shariah,Lecturer In Syariah Studies,25-1126.00,"Philosophy and Religion Teachers, Postsecondary",gemini,0.9
ACADEMY OF ISLAMIC STUDIES,BACHELOR OF SHARIAH,bachelor-of-shariah,Halal Certification Officer,13-1041.00,Compliance Officers,gemini,0.85
ACADEMY OF ISLAMIC STUDIES,BACHELOR OF SHARIAH,bachelor-of-shariah,Islamic Banking Officer,13-2099.00,"Financial Specialists, All Other",gemini,0.85
ACADEMY OF ISLAMIC STUDIES,BACHELOR OF SHARIAH,bachelor-of-shariah,Islamic Counsellor,21-1019.00,"Counselors, All Other",gemini,0.85
ACADEMY OF ISLAMIC STUDIES,BACHELOR OF SHARIAH,bachelor-of-shariah,Legal Consultant In Syariah Law,23-1011.00,Lawyers,gemini,0.95
ACADEMY OF ISLAMIC STUDIES,BACHELOR OF SHARIAH,bachelor-of-shariah,Compliance Officer In Islamic Institutions,13-1041.00,Compliance Officers,gemini,0.9
ACADEMY OF ISLAMIC STUDIES,BACHELOR OF SHARIAH,bachelor-of-shariah,Community Outreach Coordinator,21-1099.00,"Community and Social Service Specialists, All Other",gemini,0.85
ACADEMY OF ISLAMIC STUDIES,BACHELOR OF SHARIAH,bachelor-of-shariah,Mediator In Family And Inheritance Matters,23-1022.00,"Arbitrators, Mediators, and Conciliators",gemini,0.95
ACADEMY OF ISLAMIC STUDIES,BACHELOR OF SHARIAH,bachelor-of-shariah,Islamic Affairs Officer,21-2099.00,"Religious Workers, All Other",gemini,0.85
ACADEMY OF ISLAMIC STUDIES,BACHELOR OF SHARIAH,bachelor-of-shariah,NGO Worker Specializing In Islamic Law,23-1011.00,Lawyers,gemini,0.75
ACADEMY OF ISLAMIC STUDIES,BACHELOR OF SHARIAH,bachelor-of-shariah,Islamic Content Writer,27-3043.00,Writers and Authors,gemini,0.9
ACADEMY OF ISLAMIC STUDIES,BACHELOR OF SHARIAH,bachelor-of-shariah,Public Speaker On Syariah Issues,21-2099.00,"Religious Workers, All Other",gemini,0.85
ACADEMY OF ISLAMIC STUDIES,BACHELOR OF SHARIAH,bachelor-of-shariah,Islamic Event Organizer,13-1121.00,"Meeting, Convention, and Event Planners",gemini,0.9
ACADEMY OF ISLAMIC STUDIES,BACHELOR OF SHARIAH,bachelor-of-shariah,Policy Analyst In Islamic Law,19-3094.00,Political Scientists,gemini,0.85
ACADEMY OF ISLAMIC STUDIES,BACHELOR OF USULUDDIN,bachelor-of-usuluddin,Religious Teacher,25-3021.00,Self-Enrichment Teachers,gemini,0.75
ACADEMY OF ISLAMIC STUDIES,BACHELOR OF USULUDDIN,bachelor-of-usuluddin,Islamic Studies Lecturer,25-1126.00,"Philosophy and Religion Teachers, Postsecondary",gemini,0.95
ACADEMY OF ISLAMIC STUDIES,BACHELOR OF USULUDDIN,bachelor-of-usuluddin,Imam,21-2011.00,Clergy,curated,
ACADEMY OF ISLAMIC STUDIES,BACHELOR OF USULUDDIN,bachelor-of-usuluddin,Mosque Administrator,21-2021.00,"Directors, Religious Activities and Education",gemini,0.85
ACADEMY OF ISLAMIC STUDIES,BACHELOR OF USULUDDIN,bachelor-of-usuluddin,Islamic Counsellor,21-1019.00,"Counselors, All Other",gemini,0.85
ACADEMY OF ISLAMIC STUDIES,BACHELOR OF USULUDDIN,bachelor-of-usuluddin,Researcher in Islamic Theology,19-3099.00,"Social Scientists and Related Workers, All Other",gemini,0.8
ACADEMY OF ISLAMIC STUDIES,BACHELOR OF USULUDDIN,bachelor-of-usuluddin,Shariah Advisor,21-2099.00,"Religious Workers, All Other",gemini,0.8
ACADEMY OF ISLAMIC STUDIES,BACHELOR OF USULUDDIN,bachelor-of-usuluddin,Islamic NGO Officer,21-1099.00,"Community and Social Service Specialists, All Other",gemini,0.82
ACADEMY OF ISLAMIC STUDIES,BACHELOR OF USULUDDIN,bachelor-of-usuluddin,Islamic Content Writer,27-3043.00,Writers and Authors,gemini,0.9
ACADEMY OF ISLAMIC STUDIES,BACHELOR OF USULUDDIN,bachelor-of-usuluddin,Religious Affairs Officer,21-2099.00,"Religious Workers, All Other",gemini,0.85
ACADEMY OF ISLAMIC STUDIES,BACHELOR OF USULUDDIN,bachelor-of-usuluddin,Interfaith Dialogue Coordinator,21-2099.00,"Religious Workers, All Other",gemini,0.85
ACADEMY OF ISLAMIC STUDIES,BACHELOR OF USULUDDIN,bachelor-of-usuluddin,Islamic Education Curriculum Developer,25-9031.00,Instructional Coordinators,gemini,0.85
ACADEMY OF ISLAMIC STUDIES,BACHELOR OF USULUDDIN,bachelor-of-usuluddin,Da’wah Officer,21-2099.00,"Religious Workers, All Other",gemini,0.85
ACADEMY OF ISLAMIC STUDIES,BACHELOR OF USULUDDIN,bachelor-of-usuluddin,Chaplain,21-2011.00,Clergy,curated,
ACADEMY OF ISLAMIC STUDIES,BACHELOR OF USULUDDIN,bachelor-of-usuluddin,Islamic Ethics Consultant,21-2099.00,"Religious Workers, All Other",gemini,0.8
ACADEMY OF ISLAMIC STUDIES,BACHELOR OF USULUDDIN,bachelor-of-usuluddin,Quranic Studies Specialist,21-2099.00,"Religious Workers, All Other",gemini,0.8
ACADEMY OF ISLAMIC STUDIES,BACHELOR OF USULUDDIN,bachelor-of-usuluddin,Islamic Youth Mentor,21-2021.00,"Directors, Religious Activities and Education",gemini,0.8
ACADEMY OF ISLAMIC STUDIES,BACHELOR OF USULUDDIN,bachelor-of-usuluddin,Religious Broadcaster,27-3011.00,Broadcast Announcers and Radio Disc Jockeys,gemini,0.85
ACADEMY OF ISLAMIC STUDIES,BACHELOR OF USULUDDIN,bachelor-of-usuluddin,Islamic Heritage Researcher,19-3093.00,Historians,gemini,0.88
ACADEMY OF ISLAMIC STUDIES,BACHELOR OF ISLAMIC EDUCATION,bachelor-of-islamic-education,Islamic Education Teacher,25-2031.00,"Secondary School Teachers, Except Special and Career/Technical Education",gemini,0.82
ACADEMY OF ISLAMIC STUDIES,BACHELOR OF ISLAMIC EDUCATION,bachelor-of-islamic-education,Islamic Studies Lecturer,25-1126.00,"Philosophy and Religion Teachers, Postsecondary",gemini,0.95
ACADEMY OF ISLAMIC STUDIES,BACHELOR OF ISLAMIC EDUCATION,bachelor-of-islamic-education,Curriculum Developer For Islamic Education,25-9031.00,Instructional Coordinators,gemini,0.9
ACADEMY OF ISLAMIC STUDIES,BACHELOR OF ISLAMIC EDUCATION,bachelor-of-islamic-education,Tahfiz School Teacher,25-3099.00,"Teachers and Instructors, All Other",gemini,0.8
ACADEMY OF ISLAMIC STUDIES,BACHELOR OF ISLAMIC EDUCATION,bachelor-of-islamic-education,Religious School Administrator,11-9032.00,"Education Administrators, Kindergarten through Secondary",gemini,0.9
ACADEMY OF ISLAMIC STUDIES,BACHELOR OF ISLAMIC EDUCATION,bachelor-of-islamic-education,Educational Consultant,25-9031.00,Instructional Coordinators,gemini,0.9
ACADEMY OF ISLAMIC STUDIES,BACHELOR OF ISLAMIC EDUCATION,bachelor-of-islamic-education,Islamic Education Researcher,25-9031.00,Instructional Coordinators,gemini,0.8
ACADEMY OF ISLAMIC STUDIES,BACHELOR OF ISLAMIC EDUCATION,bachelor-of-islamic-education,Textbook Writer For Islamic Subjects,27-3043.00,Writers and Authors,gemini,0.85
ACADEMY OF ISLAMIC STUDIES,BACHELOR OF ISLAMIC EDUCATION,bachelor-of-islamic-education,Da’wah Officer,21-2099.00,"Religious Workers, All Other",gemini,0.85
ACADEMY OF ISLAMIC STUDIES,BACHELOR OF ISLAMIC EDUCATION,bachelor-of-islamic-education,Islamic Education Inspector,25-9031.00,Instructional Coordinators,gemini,0.85
ACADEMY OF ISLAMIC STUDIES,BACHELOR OF ISLAMIC EDUCATION,bachelor-of-islamic-education,Islamic NGO Education Officer,21-1099.00,"Community and Social Service Specialists, All Other",gemini,0.8
ACADEMY OF ISLAMIC STUDIES,BACHELOR OF ISLAMIC EDUCATION,bachelor-of-islamic-education,Religious Counsellor,21-1019.00,"Counselors, All Other",gemini,0.85
ACADEMY OF ISLAMIC STUDIES,BACHELOR OF ISLAMIC EDUCATION,bachelor-of-islamic-education,Education Policy Advisor (Islamic Education),21-2021.00,"Directors, Religious Activities and Education",gemini,0.8
ACADEMY OF ISLAMIC STUDIES,BACHELOR OF ISLAMIC EDUCATION,bachelor-of-islamic-education,Islamic Education Trainer,13-1151.00,Training and Development Specialists,gemini,0.88
ACADEMY OF ISLAMIC STUDIES,BACHELOR OF ISLAMIC EDUCATION,bachelor-of-islamic-education,Islamic Youth Educator,21-2021.00,"Directors, Religious Activities and Education",gemini,0.85
ACADEMY OF ISLAMIC STUDIES,BACHELOR OF ISLAMIC EDUCATION,bachelor-of-islamic-education,Education Officer In Religious Institutions,21-2021.00,"Directors, Religious Activities and Education",gemini,0.9
ACADEMY OF ISLAMIC STUDIES,BACHELOR OF ISLAMIC EDUCATION,bachelor-of-islamic-education,Islamic E-Learning Content Developer,25-9031.00,Instructional Coordinators,gemini,0.88
ACADEMY OF ISLAMIC STUDIES,BACHELOR OF ISLAMIC EDUCATION,bachelor-of-islamic-education,Moral And Civic Education Teacher (Islamic Perspective),25-3099.00,"Teachers and Instructors, All Other",gemini,0.75
ACADEMY OF ISLAMIC STUDIES,BACHELOR OF ISLAMIC EDUCATION,bachelor-of-islamic-education,Islamic Education Broadcaster,27-3011.00,Broadcast Announcers and Radio Disc Jockeys,gemini,0.85
ACADEMY OF ISLAMIC STUDIES,BACHELOR OF ISLAMIC EDUCATION,bachelor-of-islamic-education,Religious Education Coordinator,21-2021.00,"Directors, Religious Activities and Education",curated,
ACADEMY OF MALAY STUDIES,BACHELOR OF PROFESSIONAL MALAY LANGUAGE,bachelor-of-proffesional-malay-language,Malay Language Editor,27-3041.00,Editors,gemini,0.95
ACADEMY OF MALAY STUDIES,BACHELOR OF PROFESSIONAL MALAY LANGUAGE,bachelor-of-proffesional-malay-language,Content Writer,27-3043.00,Writers and Authors,gemini,0.95
ACADEMY OF MALAY STUDIES,BACHELOR OF PROFESSIONAL MALAY LANGUAGE,bachelor-of-proffesional-malay-language,Copywriter,27-3043.00,Writers and Authors,curated,
ACADEMY OF MALAY STUDIES,BACHELOR OF PROFESSIONAL MALAY LANGUAGE,bachelor-of-proffesional-malay-language,Translator,27-3091.00,Interpreters and Translators,curated,
ACADEMY OF MALAY STUDIES,BACHELOR OF PROFESSIONAL MALAY LANGUAGE,bachelor-of-proffesional-malay-language,Language Researcher,19-3099.00,"Social Scientists and Related Workers, All Other",gemini,0.85
ACADEMY OF MALAY STUDIES,BACHELOR OF PROFESSIONAL MALAY LANGUAGE,bachelor-of-proffesional-malay-language,Proofreader,43-9081.00,Proofreaders and Copy Markers,curated,
ACADEMY OF MALAY STUDIES,BACHELOR OF PROFESSIONAL MALAY LANGUAGE,bachelor-of-proffesional-malay-language,Lexicographer,27-3043.00,Writers and Authors,gemini,0.85
ACADEMY OF MALAY STUDIES,BACHELOR OF PROFESSIONAL MALAY LANGUAGE,bachelor-of-proffesional-malay-language,Language Policy Officer,,,unmapped,0.7
ACADEMY OF MALAY STUDIES,BACHELOR OF PROFESSIONAL MALAY LANGUAGE,bachelor-of-proffesional-malay-language,Scriptwriter,27-3043.05,"Poets, Lyricists and Creative Writers",gemini,0.95
ACADEMY OF MALAY STUDIES,BACHELOR OF PROFESSIONAL MALAY LANGUAGE,bachelor-of-proffesional-malay-language,Subtitler,27-3091.00,Interpreters and Translators,gemini,0.9
ACADEMY OF MALAY STUDIES,BACHELOR OF PROFESSIONAL MALAY LANGUAGE,bachelor-of-proffesional-malay-language,Public Relations Officer,27-3031.00,Public Relations Specialists,gemini,0.95
ACADEMY OF MALAY STUDIES,BACHELOR OF PROFESSIONAL MALAY LANGUAGE,bachelor-of-proffesional-malay-language,Corporate Communications Executive,27-3031.00,Public Relations Specialists,gemini,0.9
ACADEMY OF MALAY STUDIES,BACHELOR OF PROFESSIONAL MALAY LANGUAGE,bachelor-of-proffesional-malay-language,Speechwriter,27-3043.00,Writers and Authors,gemini,0.95
ACADEMY OF MALAY STUDIES,BACHELOR OF PROFESSIONAL MALAY LANGUAGE,bachelor-of-proffesional-malay-language,Language Trainer,25-3021.00,Self-Enrichment Teachers,gemini,0.8
ACADEMY OF MALAY STUDIES,BACHELOR OF PROFESSIONAL MALAY LANGUAGE,bachelor-of-proffesional-malay-language,Malay Language Teacher,25-3099.00,"Teachers and Instructors, All Other",gemini,0.75
ACADEMY OF MALAY STUDIES,BACHELOR OF PROFESSIONAL MALAY LANGUAGE,bachelor-of-proffesional-malay-language,Media Analyst,13-1161.00,Market Research Analysts and Marketing Specialists,gemini,0.75
ACADEMY OF MALAY STUDIES,BACHELOR OF PROFESSIONAL MALAY LANGUAGE,bachelor-of-proffesional-malay-language,Broadcast Journalist,27-3023.00,"News Analysts, Reporters, and Journalists",gemini,0.95
ACADEMY OF MALAY STUDIES,BACHELOR OF PROFESSIONAL MALAY LANGUAGE,bachelor-of-proffesional-malay-language,Technical Writer,27-3042.00,Technical Writers,curated,
ACADEMY OF MALAY STUDIES,BACHELOR OF PROFESSIONAL MALAY LANGUAGE,bachelor-of-proffesional-malay-language,Cultural Officer,19-3099.00,"Social Scientists and Related Workers, All Other",gemini,0.75
ACADEMY OF MALAY STUDIES,BACHELOR OF MALAY LINGUISTICS,bachelor-of-malay-linguistic,Linguist,27-3091.00,Interpreters and Translators,curated,
ACADEMY OF MALAY STUDIES,BACHELOR OF MALAY LINGUISTICS,bachelor-of-malay-linguistic,Language Researcher,19-3099.00,"Social Scientists and Related Workers, All Other",gemini,0.85
ACADEMY OF MALAY STUDIES,BACHELOR OF MALAY LINGUISTICS,bachelor-of-malay-linguistic,Translator,27-3091.00,Interpreters and Translators,curated,
ACADEMY OF MALAY STUDIES,BACHELOR OF MALAY LINGUISTICS,bachelor-of-malay-linguistic,Interpreter,27-3091.00,Interpreters and Translators,curated,
ACADEMY OF MALAY STUDIES,BACHELOR OF MALAY LINGUISTICS,bachelor-of-malay-linguistic,Editor,27-3041.00,Editors,gemini,0.95
ACADEMY OF MALAY STUDIES,BACHELOR OF MALAY LINGUISTICS,bachelor-of-malay-linguistic,Lexicographer,27-3043.00,Writers and Authors,gemini,0.85
ACADEMY OF MALAY STUDIES,BACHELOR OF MALAY LINGUISTICS,bachelor-of-malay-linguistic,Proofreader,43-9081.00,Proofreaders and Copy Markers,curated,
ACADEMY OF MALAY STUDIES,BACHELOR OF MALAY LINGUISTICS,bachelor-of-malay-linguistic,Language Planner,,,unmapped,0.7
ACADEMY OF MALAY STUDIES,BACHELOR OF MALAY LINGUISTICS,bachelor-of-malay-linguistic,Copywriter,27-3043.00,Writers and Authors,curated,
ACADEMY OF MALAY STUDIES,BACHELOR OF MALAY LINGUISTICS,bachelor-of-malay-linguistic,Scriptwriter,27-3043.05,"Poets, Lyricists and Creative Writers",gemini,0.95
ACADEMY OF MALAY STUDIES,BACHELOR OF MALAY LINGUISTICS,bachelor-of-malay-linguistic,Speech Analyst,15-2051.00,Data Scientists,gemini,0.65
ACADEMY OF MALAY STUDIES,BACHELOR OF MALAY LINGUISTICS,bachelor-of-malay-linguistic,Content Developer,27-3043.00,Writers and Authors,gemini,0.8
ACADEMY OF MALAY STUDIES,BACHELOR OF MALAY LINGUISTICS,bachelor-of-malay-linguistic,Language Teacher,25-1124.00,"Foreign Language and Literature Teachers, Postsecondary",gemini,0.85
ACADEMY OF MALAY STUDIES,BACHELOR OF MALAY LINGUISTICS,bachelor-of-malay-linguistic,Communication Officer,27-3031.00,Public Relations Specialists,gemini,0.95
ACADEMY OF MALAY STUDIES,BACHELOR OF MALAY LINGUISTICS,bachelor-of-malay-linguistic,Academic Researcher,25-1199.00,"Postsecondary Teachers, All Other",gemini,0.75
ACADEMY OF MALAY STUDIES,BACHELOR OF MALAY LINGUISTICS,bachelor-of-malay-linguistic,Lecturer,25-1199.00,"Postsecondary Teachers, All Other",gemini,0.9
ACADEMY OF MALAY STUDIES,BACHELOR OF MALAY LINGUISTICS,bachelor-of-malay-linguistic,Curriculum Developer,25-9031.00,Instructional Coordinators,gemini,0.95
ACADEMY OF MALAY STUDIES,BACHELOR OF MALAY LINGUISTICS,bachelor-of-malay-linguistic,Language Consultant,,,unmapped,0.7
ACADEMY OF MALAY STUDIES,BACHELOR OF MALAY LINGUISTICS,bachelor-of-malay-linguistic,Media Analyst,13-1161.00,Market Research Analysts and Marketing Specialists,gemini,0.75
ACADEMY OF MALAY STUDIES,BACHELOR OF MALAY LINGUISTICS,bachelor-of-malay-linguistic,Public Relations Officer,27-3031.00,Public Relations Specialists,gemini,0.95
ACADEMY OF MALAY STUDIES,BACHELOR OF MALAY LINGUISTICS,bachelor-of-malay-linguistic,Text Analyst,15-2051.00,Data Scientists,gemini,0.75
ACADEMY OF MALAY STUDIES,BACHELOR OF MALAY LINGUISTICS,bachelor-of-malay-linguistic,Subtitling Specialist,27-3091.00,Interpreters and Translators,gemini,0.9
ACADEMY OF MALAY STUDIES,BACHELOR OF MALAY LINGUISTICS,bachelor-of-malay-linguistic,Technical Writer,27-3042.00,Technical Writers,curated,
ACADEMY OF MALAY STUDIES,BACHELOR OF MALAY LITERATURE,bachelor-of-malay-literature,Writer,27-3043.00,Writers and Authors,curated,
ACADEMY OF MALAY STUDIES,BACHELOR OF MALAY LITERATURE,bachelor-of-malay-literature,Novelist,27-3043.05,"Poets, Lyricists and Creative Writers",curated,
ACADEMY OF MALAY STUDIES,BACHELOR OF MALAY LITERATURE,bachelor-of-malay-literature,Poet,27-3043.05,"Poets, Lyricists and Creative Writers",curated,
ACADEMY OF MALAY STUDIES,BACHELOR OF MALAY LITERATURE,bachelor-of-malay-literature,Editor,27-3041.00,Editors,gemini,0.95
ACADEMY OF MALAY STUDIES,BACHELOR OF MALAY LITERATURE,bachelor-of-malay-literature,Scriptwriter,27-3043.05,"Poets, Lyricists and Creative Writers",gemini,0.95
ACADEMY OF MALAY STUDIES,BACHELOR OF MALAY LITERATURE,bachelor-of-malay-literature,Copywriter,27-3043.00,Writers and Authors,curated,
ACADEMY OF MALAY STUDIES,BACHELOR OF MALAY LITERATURE,bachelor-of-malay-literature,Content Creator,27-3099.00,"Media and Communication Workers, All Other",gemini,0.85
ACADEMY OF MALAY STUDIES,BACHELOR OF MALAY LITERATURE,bachelor-of-malay-literature,Literature Researcher,,,unmapped,0.5
ACADEMY OF MALAY STUDIES,BACHELOR OF MALAY LITERATURE,bachelor-of-malay-literature,Lecturer,25-1199.00,"Postsecondary Teachers, All Other",gemini,0.9
ACADEMY OF MALAY STUDIES,BACHELOR OF MALAY LITERATURE,bachelor-of-malay-literature,Language Teacher,25-1124.00,"Foreign Language and Literature Teachers, Postsecondary",gemini,0.85
ACADEMY OF MALAY STUDIES,BACHELOR OF MALAY LITERATURE,bachelor-of-malay-literature,Cultural Officer,19-3099.00,"Social Scientists and Related Workers, All Other",gemini,0.75
ACADEMY OF MALAY STUDIES,BACHELOR OF MALAY LITERATURE,bachelor-of-malay-literature,Museum Curator,25-4012.00,Curators,curated,
ACADEMY OF MALAY STUDIES,BACHELOR OF MALAY LITERATURE,bachelor-of-malay-literature,Publisher,43-9031.00,Desktop Publishers,curated,
ACADEMY OF MALAY STUDIES,BACHELOR OF MALAY LITERATURE,bachelor-of-malay-literature,Journalist,27-3023.00,"News Analysts, Reporters, and Journalists",curated,
ACADEMY OF MALAY STUDIES,BACHELOR OF MALAY LITERATURE,bachelor-of-malay-literature,Literary Critic,27-3043.00,Writers and Authors,gemini,0.85
ACADEMY OF MALAY STUDIES,BACHELOR OF MALAY LITERATURE,bachelor-of-malay-literature,Book Reviewer,27-3043.00,Writers and Authors,gemini,0.85
ACADEMY OF MALAY STUDIES,BACHELOR OF MALAY LITERATURE,bachelor-of-malay-literature,Public Relations Officer,27-3031.00,Public Relations Specialists,gemini,0.95
ACADEMY OF MALAY STUDIES,BACHELOR OF MALAY LITERATURE,bachelor-of-malay-literature,Communication Executive,27-3031.00,Public Relations Specialists,gemini,0.9
ACADEMY OF MALAY STUDIES,BACHELOR OF MALAY LITERATURE,bachelor-of-malay-literature,Academic Writer,27-3043.00,Writers and Authors,gemini,0.9
ACADEMY OF MALAY STUDIES,BACHELOR OF MALAY LITERATURE,bachelor-of-malay-literature,Translator,27-3091.00,Interpreters and Translators,curated,
ACADEMY OF MALAY STUDIES,BACHELOR OF MALAY LITERATURE,bachelor-of-malay-literature,Heritage Officer,25-4012.00,Curators,gemini,0.8
ACADEMY OF MALAY STUDIES,BACHELOR OF MALAY LITERATURE,bachelor-of-malay-literature,Creative Director,27-1011.00,Art Directors,gemini,0.95
ACADEMY OF MALAY STUDIES,BACHELOR OF MALAY LITERATURE,bachelor-of-malay-literature,Media Producer,27-2012.00,Producers and Directors,gemini,0.95
ACADEMY OF MALAY STUDIES,BACHELOR OF MALAY STUDIES,bachelor-of-malay-studies,Language Researcher,19-3099.00,"Social Scientists and Related Workers, All Other",gemini,0.85
ACADEMY OF MALAY STUDIES,BACHELOR OF MALAY STUDIES,bachelor-of-malay-studies,Cultural Officer,19-3099.00,"Social Scientists and Related Workers, All Other",gemini,0.75
ACADEMY OF MALAY STUDIES,BACHELOR OF MALAY STUDIES,bachelor-of-malay-studies,Museum Curator,25-4012.00,Curators,curated,
ACADEMY OF MALAY STUDIES,BACHELOR OF MALAY STUDIES,bachelor-of-malay-studies,Archivist,25-4011.00,Archivists,curated,
ACADEMY OF MALAY STUDIES,BACHELOR OF MALAY STUDIES,bachelor-of-malay-studies,Historian,19-3093.00,Historians,curated,
ACADEMY OF MALAY STUDIES,BACHELOR OF MALAY STUDIES,bachelor-of-malay-studies,Lecturer,25-1199.00,"Postsecondary Teachers, All Other",gemini,0.9
ACADEMY OF MALAY STUDIES,BACHELOR OF MALAY STUDIES,bachelor-of-malay-studies,Translator,27-3091.00,Interpreters and Translators,curated,
ACADEMY OF MALAY STUDIES,BACHELOR OF MALAY STUDIES,bachelor-of-malay-studies,Editor,27-3041.00,Editors,gemini,0.95
ACADEMY OF MALAY STUDIES,BACHELOR OF MALAY STUDIES,bachelor-of-malay-studies,Content Writer,27-3043.00,Writers and Authors,gemini,0.95
ACADEMY OF MALAY STUDIES,BACHELOR OF MALAY STUDIES,bachelor-of-malay-studies,Scriptwriter,27-3043.05,"Poets, Lyricists and Creative Writers",gemini,0.95
ACADEMY OF MALAY STUDIES,BACHELOR OF MALAY STUDIES,bachelor-of-malay-studies,Copywriter,27-3043.00,Writers and Authors,curated,
ACADEMY OF MALAY STUDIES,BACHELOR OF MALAY STUDIES,bachelor-of-malay-studies,Policy Analyst,19-3094.00,Political Scientists,gemini,0.85
ACADEMY OF MALAY STUDIES,BACHELOR OF MALAY STUDIES,bachelor-of-malay-studies,Public Relations Officer,27-3031.00,Public Relations Specialists,gemini,0.95
ACADEMY OF MALAY STUDIES,BACHELOR OF MALAY STUDIES,bachelor-of-malay-studies,Diplomatic Officer,,,unmapped,0.85
ACADEMY OF MALAY STUDIES,BACHELOR OF MALAY STUDIES,bachelor-of-malay-studies,Journalist,27-3023.00,"News Analysts, Reporters, and Journalists",curated,
ACADEMY OF MALAY STUDIES,BACHELOR OF MALAY STUDIES,bachelor-of-malay-studies,Media Executive,27-3099.00,"Media and Communication Workers, All Other",gemini,0.7
ACADEMY OF MALAY STUDIES,BACHELOR OF MALAY STUDIES,bachelor-of-malay-studies,Heritage Conservation Officer,25-4013.00,Museum Technicians and Conservators,gemini,0.8
ACADEMY OF MALAY STUDIES,BACHELOR OF MALAY STUDIES,bachelor-of-malay-studies,Education Officer,25-9031.00,Instructional Coordinators,gemini,0.85
ACADEMY OF MALAY STUDIES,BACHELOR OF MALAY STUDIES,bachelor-of-malay-studies,Tourism Officer,13-1199.00,"Business Operations Specialists, All Other",gemini,0.7
ACADEMY OF MALAY STUDIES,BACHELOR OF MALAY STUDIES,bachelor-of-malay-studies,Academic Writer,27-3043.00,Writers and Authors,gemini,0.9
ACADEMY OF MALAY STUDIES,BACHELOR OF MALAY STUDIES,bachelor-of-malay-studies,Lexicographer,27-3043.00,Writers and Authors,gemini,0.85
ACADEMY OF MALAY STUDIES,BACHELOR OF MALAY STUDIES,bachelor-of-malay-studies,Community Engagement Officer,21-1099.00,"Community and Social Service Specialists, All Other",gemini,0.85
FACULTY OF ARTS & SOCIAL SCIENCE,BACHELOR OF ARTS ANTHROPOLOGY AND SOCIOLOGY,bachelor-of-arts-anthropology-and-sociology,Academic Researcher/Professor,25-1199.00,"Postsecondary Teachers, All Other",gemini,0.95
FACULTY OF ARTS & SOCIAL SCIENCE,BACHELOR OF ARTS ANTHROPOLOGY AND SOCIOLOGY,bachelor-of-arts-anthropology-and-sociology,Arts and Cultural Administrator,11-9072.00,"Entertainment and Recreation Managers, Except Gambling",gemini,0.85
FACULTY OF ARTS & SOCIAL SCIENCE,BACHELOR OF ARTS ANTHROPOLOGY AND SOCIOLOGY,bachelor-of-arts-anthropology-and-sociology,Community Development Specialist,21-1099.00,"Community and Social Service Specialists, All Other",gemini,0.85
FACULTY OF ARTS & SOCIAL SCIENCE,BACHELOR OF ARTS ANTHROPOLOGY AND SOCIOLOGY,bachelor-of-arts-anthropology-and-sociology,Content Creator/Writer,27-3043.00,Writers and Authors,curated,
FACULTY OF ARTS & SOCIAL SCIENCE,BACHELOR OF ARTS ANTHROPOLOGY AND SOCIOLOGY,bachelor-of-arts-anthropology-and-sociology,Cultural Arts Manager,11-9072.00,"Entertainment and Recreation Managers, Except Gambling",gemini,0.85
FACULTY OF ARTS & SOCIAL SCIENCE,BACHELOR OF ARTS ANTHROPOLOGY AND SOCIOLOGY,bachelor-of-arts-anthropology-and-sociology,Educational Consultant,25-9031.00,Instructional Coordinators,gemini,0.9
FACULTY OF ARTS & SOCIAL SCIENCE,BACHELOR OF ARTS ANTHROPOLOGY AND SOCIOLOGY,bachelor-of-arts-anthropology-and-sociology,Entrepreneur in Creative Industries,11-1021.00,General and Operations Managers,gemini,0.65
FACULTY OF ARTS & SOCIAL SCIENCE,BACHELOR OF ARTS ANTHROPOLOGY AND SOCIOLOGY,bachelor-of-arts-anthropology-and-sociology,Language Specialist/Translator,27-3091.00,Interpreters and Translators,curated,
FACULTY OF ARTS & SOCIAL SCIENCE,BACHELOR OF ARTS ANTHROPOLOGY AND SOCIOLOGY,bachelor-of-arts-anthropology-and-sociology,Organizational Consultant,19-3032.00,Industrial-Organizational Psychologists,curated,
FACULTY OF ARTS & SOCIAL SCIENCE,BACHELOR OF ARTS ANTHROPOLOGY AND SOCIOLOGY,bachelor-of-arts-anthropology-and-sociology,Policy Analyst,19-3094.00,Political Scientists,gemini,0.85
FACULTY OF ARTS & SOCIAL SCIENCE,BACHELOR OF ARTS ANTHROPOLOGY AND SOCIOLOGY,bachelor-of-arts-anthropology-and-sociology,Public Relations Specialist,27-3031.00,Public Relations Specialists,curated,
FACULTY OF ARTS & SOCIAL SCIENCE,BACHELOR OF ARTS ANTHROPOLOGY AND SOCIOLOGY,bachelor-of-arts-anthropology-and-sociology,Social Researcher,19-3099.00,"Social Scientists and Related Workers, All Other",gemini,0.85
FACULTY OF ARTS & SOCIAL SCIENCE,BACHELOR OF ARTS ANTHROPOLOGY AND SOCIOLOGY,bachelor-of-arts-anthropology-and-sociology,Sociologist/Anthropologist,19-3041.00,Sociologists,curated,
FACULTY OF ARTS & SOCIAL SCIENCE,BACHELOR OF ARTS ANTHROPOLOGY AND SOCIOLOGY,bachelor-of-arts-anthropology-and-sociology,Tourism Consultant,13-1111.00,Management Analysts,gemini,0.75
FACULTY OF ARTS & SOCIAL SCIENCE,BACHELOR OF GEOGRAPHY,bachelor-of-geography,Climatologist,19-2021.00,Atmospheric and Space Scientists,gemini,0.95
FACULTY OF ARTS & SOCIAL SCIENCE,BACHELOR OF GEOGRAPHY,bachelor-of-geography,Community Development Specialist,21-1099.00,"Community and Social Service Specialists, All Other",gemini,0.85
FACULTY OF ARTS & SOCIAL SCIENCE,BACHELOR OF GEOGRAPHY,bachelor-of-geography,Data Analyst,19-3022.00,Survey Researchers,curated,
FACULTY OF ARTS & SOCIAL SCIENCE,BACHELOR OF GEOGRAPHY,bachelor-of-geography,Demographer,15-2041.00,Statisticians,gemini,0.85
FACULTY OF ARTS & SOCIAL SCIENCE,BACHELOR OF GEOGRAPHY,bachelor-of-geography,Economic Geographer,19-3092.00,Geographers,gemini,0.95
FACULTY OF ARTS & SOCIAL SCIENCE,BACHELOR OF GEOGRAPHY,bachelor-of-geography,Environmental Consultant,19-2041.00,"Environmental Scientists and Specialists, Including Health",gemini,0.9
FACULTY OF ARTS & SOCIAL SCIENCE,BACHELOR OF GEOGRAPHY,bachelor-of-geography,Environmental Scientist,19-2041.00,"Environmental Scientists and Specialists, Including Health",curated,
FACULTY OF ARTS & SOCIAL SCIENCE,BACHELOR OF GEOGRAPHY,bachelor-of-geography,Geographic Information Systems (GIS) Specialist,15-1299.02,Geographic Information Systems Technologists and Technicians,gemini,0.95
FACULTY OF ARTS & SOCIAL SCIENCE,BACHELOR OF GEOGRAPHY,bachelor-of-geography,Policy Advisor,19-3094.00,Political Scientists,gemini,0.8
FACULTY OF ARTS & SOCIAL SCIENCE,BACHELOR OF GEOGRAPHY,bachelor-of-geography,Remote Sensing Analyst,19-2099.01,Remote Sensing Scientists and Technologists,curated,
FACULTY OF ARTS & SOCIAL SCIENCE,BACHELOR OF GEOGRAPHY,bachelor-of-geography,Research Analyst,13-2099.01,Financial Quantitative Analysts,curated,
FACULTY OF ARTS & SOCIAL SCIENCE,BACHELOR OF GEOGRAPHY,bachelor-of-geography,Spatial Analyst,15-1299.02,Geographic Information Systems Technologists and Technicians,gemini,0.9
FACULTY OF ARTS & SOCIAL SCIENCE,BACHELOR OF GEOGRAPHY,bachelor-of-geography,Sustainability Consultant,13-1199.05,Sustainability Specialists,curated,
FACULTY OF ARTS & SOCIAL SCIENCE,BACHELOR OF GEOGRAPHY,bachelor-of-geography,Urban Planner,19-3051.00,Urban and Regional Planners,gemini,0.98
FACULTY OF ARTS & SOCIAL SCIENCE,BACHELOR OF ENVIRONMENTAL STUDIES,bachelor-of-environmental-studies,Environmental Consultant,19-2041.00,"Environmental Scientists and Specialists, Including Health",gemini,0.9
FACULTY OF ARTS & SOCIAL SCIENCE,BACHELOR OF ENVIRONMENTAL STUDIES,bachelor-of-environmental-studies,Sustainability Officer,13-1199.05,Sustainability Specialists,gemini,0.9
FACULTY OF ARTS & SOCIAL SCIENCE,BACHELOR OF ENVIRONMENTAL STUDIES,bachelor-of-environmental-studies,Environmental Educator,19-1031.03,Park Naturalists,curated,
FACULTY OF ARTS & SOCIAL SCIENCE,BACHELOR OF ENVIRONMENTAL STUDIES,bachelor-of-environmental-studies,Conservation Scientist,19-1031.00,Conservation Scientists,curated,
FACULTY OF ARTS & SOCIAL SCIENCE,BACHELOR OF ENVIRONMENTAL STUDIES,bachelor-of-environmental-studies,Environmental Policy Analyst,19-2041.01,Climate Change Policy Analysts,curated,
FACULTY OF ARTS & SOCIAL SCIENCE,BACHELOR OF ENVIRONMENTAL STUDIES,bachelor-of-environmental-studies,Wildlife Conservationist,19-1031.00,Conservation Scientists,gemini,0.9
FACULTY OF ARTS & SOCIAL SCIENCE,BACHELOR OF ENVIRONMENTAL STUDIES,bachelor-of-environmental-studies,Environmental Health and Safety Officer,19-5011.00,Occupational Health and Safety Specialists,gemini,0.9
FACULTY OF ARTS & SOCIAL SCIENCE,BACHELOR OF ENVIRONMENTAL STUDIES,bachelor-of-environmental-studies,Climate Change Analyst,19-2041.01,Climate Change Policy Analysts,gemini,0.95
FACULTY OF ARTS & SOCIAL SCIENCE,BACHELOR OF ENVIRONMENTAL STUDIES,bachelor-of-environmental-studies,Renewable Energy Consultant,13-1199.05,Sustainability Specialists,gemini,0.8
FACULTY OF ARTS & SOCIAL SCIENCE,BACHELOR OF ENVIRONMENTAL STUDIES,bachelor-of-environmental-studies,Environmental Researcher,19-2041.00,"Environmental Scientists and Specialists, Including Health",gemini,0.9
FACULTY OF ARTS & SOCIAL SCIENCE,BACHELOR OF ENVIRONMENTAL STUDIES,bachelor-of-environmental-studies,Waste Management Officer,19-2041.00,"Environmental Scientists and Specialists, Including Health",gemini,0.8
FACULTY OF ARTS & SOCIAL SCIENCE,BACHELOR OF ENVIRONMENTAL STUDIES,bachelor-of-environmental-studies,Ecotourism Planner,19-3051.00,Urban and Regional Planners,gemini,0.85
FACULTY OF ARTS & SOCIAL SCIENCE,BACHELOR OF ENVIRONMENTAL STUDIES,bachelor-of-environmental-studies,Environmental Compliance Officer,13-1041.01,Environmental Compliance Inspectors,gemini,0.95
FACULTY OF ARTS & SOCIAL SCIENCE,BACHELOR OF ENVIRONMENTAL STUDIES,bachelor-of-environmental-studies,Natural Resource Manager,19-1031.02,Range Managers,curated,
FACULTY OF ARTS & SOCIAL SCIENCE,BACHELOR OF ENVIRONMENTAL STUDIES,bachelor-of-environmental-studies,Urban Sustainability Planner,19-3051.00,Urban and Regional Planners,gemini,0.9
FACULTY OF ARTS & SOCIAL SCIENCE,BACHELOR OF ENVIRONMENTAL STUDIES,bachelor-of-environmental-studies,Green Building Specialist,13-1199.05,Sustainability Specialists,gemini,0.85
FACULTY OF ARTS & SOCIAL SCIENCE,BACHELOR OF ENVIRONMENTAL STUDIES,bachelor-of-environmental-studies,Environmental Outreach Coordinator,13-1199.05,Sustainability Specialists,gemini,0.8
FACULTY OF ARTS & SOCIAL SCIENCE,BACHELOR OF ENVIRONMENTAL STUDIES,bachelor-of-environmental-studies,Forest and Land Use Planner,19-3051.00,Urban and Regional Planners,gemini,0.85
FACULTY OF ARTS & SOCIAL SCIENCE,BACHELOR OF ENVIRONMENTAL STUDIES,bachelor-of-environmental-studies,Water Resource Specialist,11-9121.02,Water Resource Specialists,curated,
FACULTY OF ARTS & SOCIAL SCIENCE,BACHELOR OF ENVIRONMENTAL STUDIES,bachelor-of-environmental-studies,Environmental Impact Assessment Officer,19-2041.00,"Environmental Scientists and Specialists, Including Health",gemini,0.85
FACULTY OF ARTS & SOCIAL SCIENCE,BACHELOR OF ARTS INTERNATIONAL AND STRATEGIC STUDIES,bachelor-of-arts-international-and-strategic-studies,Academic Researcher in International Studies,19-3094.00,Political Scientists,gemini,0.8
FACULTY OF ARTS & SOCIAL SCIENCE,BACHELOR OF ARTS INTERNATIONAL AND STRATEGIC STUDIES,bachelor-of-arts-international-and-strategic-studies,Diplomat,,,unmapped,0.85
FACULTY OF ARTS & SOCIAL SCIENCE,BACHELOR OF ARTS INTERNATIONAL AND STRATEGIC STUDIES,bachelor-of-arts-international-and-strategic-studies,Foreign Affairs Specialist,19-3094.00,Political Scientists,gemini,0.85
FACULTY OF ARTS & SOCIAL SCIENCE,BACHELOR OF ARTS INTERNATIONAL AND STRATEGIC STUDIES,bachelor-of-arts-international-and-strategic-studies,Global Risk Manager,13-2054.00,Financial Risk Specialists,gemini,0.85
FACULTY OF ARTS & SOCIAL SCIENCE,BACHELOR OF ARTS INTERNATIONAL AND STRATEGIC STUDIES,bachelor-of-arts-international-and-strategic-studies,Intelligence Officer,33-3021.06,Intelligence Analysts,gemini,0.92
FACULTY OF ARTS & SOCIAL SCIENCE,BACHELOR OF ARTS INTERNATIONAL AND STRATEGIC STUDIES,bachelor-of-arts-international-and-strategic-studies,International Business Development Manager,11-2021.00,Marketing Managers,gemini,0.8
FACULTY OF ARTS & SOCIAL SCIENCE,BACHELOR OF ARTS INTERNATIONAL AND STRATEGIC STUDIES,bachelor-of-arts-international-and-strategic-studies,International Development Officer,11-9151.00,Social and Community Service Managers,gemini,0.8
FACULTY OF ARTS & SOCIAL SCIENCE,BACHELOR OF ARTS INTERNATIONAL AND STRATEGIC STUDIES,bachelor-of-arts-international-and-strategic-studies,International Law Specialist,23-1011.00,Lawyers,gemini,0.9
FACULTY OF ARTS & SOCIAL SCIENCE,BACHELOR OF ARTS INTERNATIONAL AND STRATEGIC STUDIES,bachelor-of-arts-international-and-strategic-studies,International Relations Consultant,19-3094.00,Political Scientists,gemini,0.85
FACULTY OF ARTS & SOCIAL SCIENCE,BACHELOR OF ARTS INTERNATIONAL AND STRATEGIC STUDIES,bachelor-of-arts-international-and-strategic-studies,NGO Coordinator,11-9151.00,Social and Community Service Managers,gemini,0.85
FACULTY OF ARTS & SOCIAL SCIENCE,BACHELOR OF ARTS INTERNATIONAL AND STRATEGIC STUDIES,bachelor-of-arts-international-and-strategic-studies,Policy Advisor,19-3094.00,Political Scientists,gemini,0.8
FACULTY OF ARTS & SOCIAL SCIENCE,BACHELOR OF ARTS INTERNATIONAL AND STRATEGIC STUDIES,bachelor-of-arts-international-and-strategic-studies,Political Analyst,19-3094.00,Political Scientists,gemini,0.95
FACULTY OF ARTS & SOCIAL SCIENCE,BACHELOR OF ARTS INTERNATIONAL AND STRATEGIC STUDIES,bachelor-of-arts-international-and-strategic-studies,Public Affairs Manager,11-2032.00,Public Relations Managers,gemini,0.95
FACULTY OF ARTS & SOCIAL SCIENCE,BACHELOR OF ARTS INTERNATIONAL AND STRATEGIC STUDIES,bachelor-of-arts-international-and-strategic-studies,Security Analyst,15-1212.00,Information Security Analysts,gemini,0.9
FACULTY OF ARTS & SOCIAL SCIENCE,BACHELOR OF ARTS INTERNATIONAL AND STRATEGIC STUDIES,bachelor-of-arts-international-and-strategic-studies,Strategic Planner,13-1111.00,Management Analysts,gemini,0.9
FACULTY OF ARTS & SOCIAL SCIENCE,BACHELOR OF ARTS SOUTHEAST ASIANS STUDIES,bachelor-of-arts-southeast-asians-studies,Academic Researcher,25-1199.00,"Postsecondary Teachers, All Other",gemini,0.75
FACULTY OF ARTS & SOCIAL SCIENCE,BACHELOR OF ARTS SOUTHEAST ASIANS STUDIES,bachelor-of-arts-southeast-asians-studies,Business Development Manager,11-9199.10,Wind Energy Development Managers,curated,
FACULTY OF ARTS & SOCIAL SCIENCE,BACHELOR OF ARTS SOUTHEAST ASIANS STUDIES,bachelor-of-arts-southeast-asians-studies,Cultural Consultant,19-3099.00,"Social Scientists and Related Workers, All Other",gemini,0.8
FACULTY OF ARTS & SOCIAL SCIENCE,BACHELOR OF ARTS SOUTHEAST ASIANS STUDIES,bachelor-of-arts-southeast-asians-studies,Cultural Heritage Manager,25-4012.00,Curators,gemini,0.85
FACULTY OF ARTS & SOCIAL SCIENCE,BACHELOR OF ARTS SOUTHEAST ASIANS STUDIES,bachelor-of-arts-southeast-asians-studies,Development Project Manager,13-1082.00,Project Management Specialists,gemini,0.9
FACULTY OF ARTS & SOCIAL SCIENCE,BACHELOR OF ARTS SOUTHEAST ASIANS STUDIES,bachelor-of-arts-southeast-asians-studies,Diplomat or Foreign Service Officer,,,unmapped,0.85
FACULTY OF ARTS & SOCIAL SCIENCE,BACHELOR OF ARTS SOUTHEAST ASIANS STUDIES,bachelor-of-arts-southeast-asians-studies,Environmental Consultant,19-2041.00,"Environmental Scientists and Specialists, Including Health",gemini,0.9
FACULTY OF ARTS & SOCIAL SCIENCE,BACHELOR OF ARTS SOUTHEAST ASIANS STUDIES,bachelor-of-arts-southeast-asians-studies,International Trade Specialist,13-1199.00,"Business Operations Specialists, All Other",gemini,0.85
FACULTY OF ARTS & SOCIAL SCIENCE,BACHELOR OF ARTS SOUTHEAST ASIANS STUDIES,bachelor-of-arts-southeast-asians-studies,Language Specialist,27-3099.00,"Media and Communication Workers, All Other",gemini,0.75
FACULTY OF ARTS & SOCIAL SCIENCE,BACHELOR OF ARTS SOUTHEAST ASIANS STUDIES,bachelor-of-arts-southeast-asians-studies,Maritime Policy Analyst,19-3094.00,Political Scientists,gemini,0.75
FACULTY OF ARTS & SOCIAL SCIENCE,BACHELOR OF ARTS SOUTHEAST ASIANS STUDIES,bachelor-of-arts-southeast-asians-studies,Non-Governmental Organization (NGO) Specialist,21-1099.00,"Community and Social Service Specialists, All Other",gemini,0.85
FACULTY OF ARTS & SOCIAL SCIENCE,BACHELOR OF ARTS SOUTHEAST ASIANS STUDIES,bachelor-of-arts-southeast-asians-studies,Policy Advisor,19-3094.00,Political Scientists,gemini,0.8
FACULTY OF ARTS & SOCIAL SCIENCE,BACHELOR OF ARTS SOUTHEAST ASIANS STUDIES,bachelor-of-arts-southeast-asians-studies,Social Entrepreneur,11-1011.00,Chief Executives,gemini,0.8
FACULTY OF ARTS & SOCIAL SCIENCE,BACHELOR OF ARTS SOUTHEAST ASIANS STUDIES,bachelor-of-arts-southeast-asians-studies,Southeast Asia Regional Analyst,19-3094.00,Political Scientists,gemini,0.8
FACULTY OF ARTS & SOCIAL SCIENCE,BACHELOR OF ARTS SOUTHEAST ASIANS STUDIES,bachelor-of-arts-southeast-asians-studies,Tourism Development Officer,13-1199.00,"Business Operations Specialists, All Other",gemini,0.75
FACULTY OF ARTS & SOCIAL SCIENCE,BACHELOR OF EAST ASIAN STUDIES,bachelor-of-east-asian-studies,Academic Researcher,25-1199.00,"Postsecondary Teachers, All Other",gemini,0.75
FACULTY OF ARTS & SOCIAL SCIENCE,BACHELOR OF EAST ASIAN STUDIES,bachelor-of-east-asian-studies,Corporate Communication Manager,11-2032.00,Public Relations Managers,gemini,0.95
FACULTY OF ARTS & SOCIAL SCIENCE,BACHELOR OF EAST ASIAN STUDIES,bachelor-of-east-asian-studies,Corporate Strategist in Multinational Companies,13-1111.00,Management Analysts,gemini,0.9
FACULTY OF ARTS & SOCIAL SCIENCE,BACHELOR OF EAST ASIAN STUDIES,bachelor-of-east-asian-studies,Cross-Cultural Trainer,13-1151.00,Training and Development Specialists,gemini,0.9
FACULTY OF ARTS & SOCIAL SCIENCE,BACHELOR OF EAST ASIAN STUDIES,bachelor-of-east-asian-studies,Cultural Consultant,19-3099.00,"Social Scientists and Related Workers, All Other",gemini,0.8
FACULTY OF ARTS & SOCIAL SCIENCE,BACHELOR OF EAST ASIAN STUDIES,bachelor-of-east-asian-studies,Diplomat,,,unmapped,0.85
FACULTY OF ARTS & SOCIAL SCIENCE,BACHELOR OF EAST ASIAN STUDIES,bachelor-of-east-asian-studies,East Asian Market Analyst,13-1161.00,Market Research Analysts and Marketing Specialists,gemini,0.9
FACULTY OF ARTS & SOCIAL SCIENCE,BACHELOR OF EAST ASIAN STUDIES,bachelor-of-east-asian-studies,Entrepreneur specializing in East Asian markets,11-1021.00,General and Operations Managers,gemini,0.65
FACULTY OF ARTS & SOCIAL SCIENCE,BACHELOR OF EAST ASIAN STUDIES,bachelor-of-east-asian-studies,Foreign Affairs Analyst,19-3094.00,Political Scientists,gemini,0.85
FACULTY OF ARTS & SOCIAL SCIENCE,BACHELOR OF EAST ASIAN STUDIES,bachelor-of-east-asian-studies,Foreign Policy Advisor,19-3094.00,Political Scientists,gemini,0.85
FACULTY OF ARTS & SOCIAL SCIENCE,BACHELOR OF EAST ASIAN STUDIES,bachelor-of-east-asian-studies,Government Policy Advisor,19-3094.00,Political Scientists,gemini,0.8
FACULTY OF ARTS & SOCIAL SCIENCE,BACHELOR OF EAST ASIAN STUDIES,bachelor-of-east-asian-studies,Intelligence Analyst,33-3021.06,Intelligence Analysts,gemini,0.98
FACULTY OF ARTS & SOCIAL SCIENCE,BACHELOR OF EAST ASIAN STUDIES,bachelor-of-east-asian-studies,International Business Consultant,13-1111.00,Management Analysts,gemini,0.9
FACULTY OF ARTS & SOCIAL SCIENCE,BACHELOR OF EAST ASIAN STUDIES,bachelor-of-east-asian-studies,International Development Specialist,13-1199.00,"Business Operations Specialists, All Other",gemini,0.8
FACULTY OF ARTS & SOCIAL SCIENCE,BACHELOR OF EAST ASIAN STUDIES,bachelor-of-east-asian-studies,International Relations Specialist,19-3094.00,Political Scientists,gemini,0.85
FACULTY OF ARTS & SOCIAL SCIENCE,BACHELOR OF EAST ASIAN STUDIES,bachelor-of-east-asian-studies,Journalist/Foreign Correspondent,27-3023.00,"News Analysts, Reporters, and Journalists",curated,
FACULTY OF ARTS & SOCIAL SCIENCE,BACHELOR OF EAST ASIAN STUDIES,bachelor-of-east-asian-studies,Language Instructor,25-1124.00,"Foreign Language and Literature Teachers, Postsecondary",gemini,0.85
FACULTY OF ARTS & SOCIAL SCIENCE,BACHELOR OF EAST ASIAN STUDIES,bachelor-of-east-asian-studies,Maritime Trade Analyst,13-1161.00,Market Research Analysts and Marketing Specialists,gemini,0.8
FACULTY OF ARTS & SOCIAL SCIENCE,BACHELOR OF EAST ASIAN STUDIES,bachelor-of-east-asian-studies,Media Analyst,13-1161.00,Market Research Analysts and Marketing Specialists,gemini,0.75
FACULTY OF ARTS & SOCIAL SCIENCE,BACHELOR OF EAST ASIAN STUDIES,bachelor-of-east-asian-studies,NGO Worker/Coordinator,21-1099.00,"Community and Social Service Specialists, All Other",gemini,0.8
FACULTY OF ARTS & SOCIAL SCIENCE,BACHELOR OF EAST ASIAN STUDIES,bachelor-of-east-asian-studies,Public Relations Specialist,27-3031.00,Public Relations Specialists,curated,
FACULTY OF ARTS & SOCIAL SCIENCE,BACHELOR OF EAST ASIAN STUDIES,bachelor-of-east-asian-studies,Tourism Consultant,13-1111.00,Management Analysts,gemini,0.75
FACULTY OF ARTS & SOCIAL SCIENCE,BACHELOR OF EAST ASIAN STUDIES,bachelor-of-east-asian-studies,Trade and Investment Officer,13-1199.00,"Business Operations Specialists, All Other",gemini,0.75
FACULTY OF ARTS & SOCIAL SCIENCE,BACHELOR OF EAST ASIAN STUDIES,bachelor-of-east-asian-studies,Translator/Interpreter,27-3091.00,Interpreters and Translators,curated,
FACULTY OF ARTS & SOCIAL SCIENCE,BACHELOR OF EAST ASIAN STUDIES,bachelor-of-east-asian-studies,University Lecturer,25-1199.00,"Postsecondary Teachers, All Other",gemini,0.9
FACULTY OF ARTS & SOCIAL SCIENCE,BACHELOR OF SOCIAL ADMINISTRATION,bachelor-of-social-administration,Child Welfare Officer,21-1021.00,"Child, Family, and School Social Workers",gemini,0.95
FACULTY OF ARTS & SOCIAL SCIENCE,BACHELOR OF SOCIAL ADMINISTRATION,bachelor-of-social-administration,Community Development Specialist,21-1099.00,"Community and Social Service Specialists, All Other",gemini,0.85
FACULTY OF ARTS & SOCIAL SCIENCE,BACHELOR OF SOCIAL ADMINISTRATION,bachelor-of-social-administration,Community Outreach Coordinator,21-1099.00,"Community and Social Service Specialists, All Other",gemini,0.85
FACULTY OF ARTS & SOCIAL SCIENCE,BACHELOR OF SOCIAL ADMINISTRATION,bachelor-of-social-administration,Crime Prevention Specialist,13-1199.07,Security Management Specialists,gemini,0.8
FACULTY OF ARTS & SOCIAL SCIENCE,BACHELOR OF SOCIAL ADMINISTRATION,bachelor-of-social-administration,Criminologist,19-3041.00,Sociologists,gemini,0.85
FACULTY OF ARTS & SOCIAL SCIENCE,BACHELOR OF SOCIAL ADMINISTRATION,bachelor-of-social-administration,Disability Advocate,21-1099.00,"Community and Social Service Specialists, All Other",gemini,0.85
FACULTY OF ARTS & SOCIAL SCIENCE,BACHELOR OF SOCIAL ADMINISTRATION,bachelor-of-social-administration,Gerontologist,19-3099.00,"Social Scientists and Related Workers, All Other",gemini,0.75
FACULTY OF ARTS & SOCIAL SCIENCE,BACHELOR OF SOCIAL ADMINISTRATION,bachelor-of-social-administration,Medical Social Worker,21-1022.00,Healthcare Social Workers,curated,
FACULTY OF ARTS & SOCIAL SCIENCE,BACHELOR OF SOCIAL ADMINISTRATION,bachelor-of-social-administration,Mental Health Counselor,21-1014.00,Mental Health Counselors,curated,
FACULTY OF ARTS & SOCIAL SCIENCE,BACHELOR OF SOCIAL ADMINISTRATION,bachelor-of-social-administration,Nonprofit Program Manager,11-9151.00,Social and Community Service Managers,gemini,0.9
FACULTY OF ARTS & SOCIAL SCIENCE,BACHELOR OF SOCIAL ADMINISTRATION,bachelor-of-social-administration,Policy Analyst,19-3094.00,Political Scientists,gemini,0.85
FACULTY OF ARTS & SOCIAL SCIENCE,BACHELOR OF SOCIAL ADMINISTRATION,bachelor-of-social-administration,Rehabilitation Specialist,21-1015.00,Rehabilitation Counselors,curated,
FACULTY OF ARTS & SOCIAL SCIENCE,BACHELOR OF SOCIAL ADMINISTRATION,bachelor-of-social-administration,Social Entrepreneur,11-1011.00,Chief Executives,gemini,0.8
FACULTY OF ARTS & SOCIAL SCIENCE,BACHELOR OF SOCIAL ADMINISTRATION,bachelor-of-social-administration,Social Planner,19-3051.00,Urban and Regional Planners,gemini,0.85
FACULTY OF ARTS & SOCIAL SCIENCE,BACHELOR OF SOCIAL ADMINISTRATION,bachelor-of-social-administration,Social Policy Advisor,19-3099.00,"Social Scientists and Related Workers, All Other",gemini,0.85
FACULTY OF ARTS & SOCIAL SCIENCE,BACHELOR OF SOCIAL ADMINISTRATION,bachelor-of-social-administration,Social Researcher,19-3099.00,"Social Scientists and Related Workers, All Other",gemini,0.85
FACULTY OF ARTS & SOCIAL SCIENCE,BACHELOR OF SOCIAL ADMINISTRATION,bachelor-of-social-administration,Social Services Administrator,11-9151.00,Social and Community Service Managers,gemini,0.9
FACULTY OF ARTS & SOCIAL SCIENCE,BACHELOR OF SOCIAL ADMINISTRATION,bachelor-of-social-administration,Social Worker,21-1029.00,"Social Workers, All Other",gemini,0.9
FACULTY OF ARTS & SOCIAL SCIENCE,BACHELOR OF ARTS HISTORY,bachelor-of-arts-history,Academic Lecturer,25-1199.00,"Postsecondary Teachers, All Other",gemini,0.9
FACULTY OF ARTS & SOCIAL SCIENCE,BACHELOR OF ARTS HISTORY,bachelor-of-arts-history,Archivist,25-4011.00,Archivists,curated,
FACULTY OF ARTS & SOCIAL SCIENCE,BACHELOR OF ARTS HISTORY,bachelor-of-arts-history,Cultural Heritage Manager,25-4012.00,Curators,gemini,0.85
FACULTY OF ARTS & SOCIAL SCIENCE,BACHELOR OF ARTS HISTORY,bachelor-of-arts-history,Educational Program Developer,25-9031.00,Instructional Coordinators,gemini,0.9
FACULTY OF ARTS & SOCIAL SCIENCE,BACHELOR OF ARTS HISTORY,bachelor-of-arts-history,Government Officer,,,unmapped,0.6
FACULTY OF ARTS & SOCIAL SCIENCE,BACHELOR OF ARTS HISTORY,bachelor-of-arts-history,Heritage Tourism Specialist,,,unmapped,0.65
FACULTY OF ARTS & SOCIAL SCIENCE,BACHELOR OF ARTS HISTORY,bachelor-of-arts-history,Historical Consultant,19-3093.00,Historians,gemini,0.9
FACULTY OF ARTS & SOCIAL SCIENCE,BACHELOR OF ARTS HISTORY,bachelor-of-arts-history,Historian,19-3093.00,Historians,curated,
FACULTY OF ARTS & SOCIAL SCIENCE,BACHELOR OF ARTS HISTORY,bachelor-of-arts-history,Intelligence Analyst,33-3021.06,Intelligence Analysts,gemini,0.98
FACULTY OF ARTS & SOCIAL SCIENCE,BACHELOR OF ARTS HISTORY,bachelor-of-arts-history,International Relations Specialist,19-3094.00,Political Scientists,gemini,0.85
FACULTY OF ARTS & SOCIAL SCIENCE,BACHELOR OF ARTS HISTORY,bachelor-of-arts-history,Journalist,27-3023.00,"News Analysts, Reporters, and Journalists",curated,
FACULTY OF ARTS & SOCIAL SCIENCE,BACHELOR OF ARTS HISTORY,bachelor-of-arts-history,Museum Curator,25-4012.00,Curators,curated,
FACULTY OF ARTS & SOCIAL SCIENCE,BACHELOR OF ARTS HISTORY,bachelor-of-arts-history,Nonprofit Organization Specialist,21-1099.00,"Community and Social Service Specialists, All Other",gemini,0.85
FACULTY OF ARTS & SOCIAL SCIENCE,BACHELOR OF ARTS HISTORY,bachelor-of-arts-history,Policy Analyst,19-3094.00,Political Scientists,gemini,0.85
FACULTY OF ARTS & SOCIAL SCIENCE,BACHELOR OF ARTS HISTORY,bachelor-of-arts-history,Researcher,,,unmapped,0.85
FACULTY OF ARTS & SOCIAL SCIENCE,BACHELOR OF ARTS INDIAN STUDIES,bachelor-of-arts-indian-studies,Academic Researcher,25-1199.00,"Postsecondary Teachers, All Other",gemini,0.75
FACULTY OF ARTS & SOCIAL SCIENCE,BACHELOR OF ARTS INDIAN STUDIES,bachelor-of-arts-indian-studies,Archivist,25-4011.00,Archivists,curated,
FACULTY OF ARTS & SOCIAL SCIENCE,BACHELOR OF ARTS INDIAN STUDIES,bachelor-of-arts-indian-studies,Community Development Officer,11-9151.00,Social and Community Service Managers,gemini,0.85
FACULTY OF ARTS & SOCIAL SCIENCE,BACHELOR OF ARTS INDIAN STUDIES,bachelor-of-arts-indian-studies,Content Writer,27-3043.00,Writers and Authors,gemini,0.95
FACULTY OF ARTS & SOCIAL SCIENCE,BACHELOR OF ARTS INDIAN STUDIES,bachelor-of-arts-indian-studies,Creative Writer,27-3043.05,"Poets, Lyricists and Creative Writers",curated,
FACULTY OF ARTS & SOCIAL SCIENCE,BACHELOR OF ARTS INDIAN STUDIES,bachelor-of-arts-indian-studies,Cultural Consultant,19-3099.00,"Social Scientists and Related Workers, All Other",gemini,0.8
FACULTY OF ARTS & SOCIAL SCIENCE,BACHELOR OF ARTS INDIAN STUDIES,bachelor-of-arts-indian-studies,Diplomat,,,unmapped,0.85
FACULTY OF ARTS & SOCIAL SCIENCE,BACHELOR OF ARTS INDIAN STUDIES,bachelor-of-arts-indian-studies,Editor/Publisher,27-3041.00,Editors,gemini,0.85
FACULTY OF ARTS & SOCIAL SCIENCE,BACHELOR OF ARTS INDIAN STUDIES,bachelor-of-arts-indian-studies,Ethnographer,19-3091.00,Anthropologists and Archeologists,gemini,0.9
FACULTY OF ARTS & SOCIAL SCIENCE,BACHELOR OF ARTS INDIAN STUDIES,bachelor-of-arts-indian-studies,Government Policy Advisor,19-3094.00,Political Scientists,gemini,0.8
FACULTY OF ARTS & SOCIAL SCIENCE,BACHELOR OF ARTS INDIAN STUDIES,bachelor-of-arts-indian-studies,Heritage Preservation Officer,25-4013.00,Museum Technicians and Conservators,gemini,0.8
FACULTY OF ARTS & SOCIAL SCIENCE,BACHELOR OF ARTS INDIAN STUDIES,bachelor-of-arts-indian-studies,Historian,19-3093.00,Historians,curated,
FACULTY OF ARTS & SOCIAL SCIENCE,BACHELOR OF ARTS INDIAN STUDIES,bachelor-of-arts-indian-studies,International Relations Specialist,19-3094.00,Political Scientists,gemini,0.85
FACULTY OF ARTS & SOCIAL SCIENCE,BACHELOR OF ARTS INDIAN STUDIES,bachelor-of-arts-indian-studies,Journalist,27-3023.00,"News Analysts, Reporters, and Journalists",curated,
FACULTY OF ARTS & SOCIAL SCIENCE,BACHELOR OF ARTS INDIAN STUDIES,bachelor-of-arts-indian-studies,Language Instructor,25-1124.00,"Foreign Language and Literature Teachers, Postsecondary",gemini,0.85
FACULTY OF ARTS & SOCIAL SCIENCE,BACHELOR OF ARTS INDIAN STUDIES,bachelor-of-arts-indian-studies,Media and Communications Specialist,27-3031.00,Public Relations Specialists,gemini,0.9
FACULTY OF ARTS & SOCIAL SCIENCE,BACHELOR OF ARTS INDIAN STUDIES,bachelor-of-arts-indian-studies,Museum Curator,25-4012.00,Curators,curated,
FACULTY OF ARTS & SOCIAL SCIENCE,BACHELOR OF ARTS INDIAN STUDIES,bachelor-of-arts-indian-studies,Non-Governmental Organization (NGO) Worker,21-1099.00,"Community and Social Service Specialists, All Other",gemini,0.85
FACULTY OF ARTS & SOCIAL SCIENCE,BACHELOR OF ARTS INDIAN STUDIES,bachelor-of-arts-indian-studies,Political Analyst,19-3094.00,Political Scientists,gemini,0.95
FACULTY OF ARTS & SOCIAL SCIENCE,BACHELOR OF ARTS INDIAN STUDIES,bachelor-of-arts-indian-studies,Public Relations Specialist,27-3031.00,Public Relations Specialists,curated,
FACULTY OF ARTS & SOCIAL SCIENCE,BACHELOR OF ARTS INDIAN STUDIES,bachelor-of-arts-indian-studies,Religious Studies Scholar,25-1126.00,"Philosophy and Religion Teachers, Postsecondary",gemini,0.85
FACULTY OF ARTS & SOCIAL SCIENCE,BACHELOR OF ARTS INDIAN STUDIES,bachelor-of-arts-indian-studies,Social and Cultural Analyst,19-3099.00,"Social Scientists and Related Workers, All Other",gemini,0.85
FACULTY OF ARTS & SOCIAL SCIENCE,BACHELOR OF ARTS INDIAN STUDIES,bachelor-of-arts-indian-studies,Social Worker,21-1029.00,"Social Workers, All Other",gemini,0.9
FACULTY OF ARTS & SOCIAL SCIENCE,BACHELOR OF ARTS INDIAN STUDIES,bachelor-of-arts-indian-studies,Translator/Interpreter,27-3091.00,Interpreters and Translators,curated,
FACULTY OF ARTS & SOCIAL SCIENCE,BACHELOR OF ARTS INDIAN STUDIES,bachelor-of-arts-indian-studies,University Lecturer,25-1199.00,"Postsecondary Teachers, All Other",gemini,0.9
FACULTY OF ARTS & SOCIAL SCIENCE,BACHELOR OF ARTS CHINESE STUDIES,bachelor-of-arts-chinese-studies,Academic Lecturer,25-1199.00,"Postsecondary Teachers, All Other",gemini,0.9
FACULTY OF ARTS & SOCIAL SCIENCE,BACHELOR OF ARTS CHINESE STUDIES,bachelor-of-arts-chinese-studies,Content Writer,27-3043.00,Writers and Authors,gemini,0.95
FACULTY OF ARTS & SOCIAL SCIENCE,BACHELOR OF ARTS CHINESE STUDIES,bachelor-of-arts-chinese-studies,Cultural Consultant,19-3099.00,"Social Scientists and Related Workers, All Other",gemini,0.8
FACULTY OF ARTS & SOCIAL SCIENCE,BACHELOR OF ARTS CHINESE STUDIES,bachelor-of-arts-chinese-studies,Diplomat,,,unmapped,0.85
FACULTY OF ARTS & SOCIAL SCIENCE,BACHELOR OF ARTS CHINESE STUDIES,bachelor-of-arts-chinese-studies,Editor,27-3041.00,Editors,gemini,0.95
FACULTY OF ARTS & SOCIAL SCIENCE,BACHELOR OF ARTS CHINESE STUDIES,bachelor-of-arts-chinese-studies,Foreign Correspondent,27-3023.00,"News Analysts, Reporters, and Journalists",gemini,0.95
FACULTY OF ARTS & SOCIAL SCIENCE,BACHELOR OF ARTS CHINESE STUDIES,bachelor-of-arts-chinese-studies,Government Officer,,,unmapped,0.6
FACULTY OF ARTS & SOCIAL SCIENCE,BACHELOR OF ARTS CHINESE STUDIES,bachelor-of-arts-chinese-studies,Historian,19-3093.00,Historians,curated,
FACULTY OF ARTS & SOCIAL SCIENCE,BACHELOR OF ARTS CHINESE STUDIES,bachelor-of-arts-chinese-studies,International Relations Officer,19-3094.00,Political Scientists,gemini,0.85
FACULTY OF ARTS & SOCIAL SCIENCE,BACHELOR OF ARTS CHINESE STUDIES,bachelor-of-arts-chinese-studies,Interpreter,27-3091.00,Interpreters and Translators,curated,
FACULTY OF ARTS & SOCIAL SCIENCE,BACHELOR OF ARTS CHINESE STUDIES,bachelor-of-arts-chinese-studies,Journalist,27-3023.00,"News Analysts, Reporters, and Journalists",curated,
FACULTY OF ARTS & SOCIAL SCIENCE,BACHELOR OF ARTS CHINESE STUDIES,bachelor-of-arts-chinese-studies,Language Instructor,25-1124.00,"Foreign Language and Literature Teachers, Postsecondary",gemini,0.85
FACULTY OF ARTS & SOCIAL SCIENCE,BACHELOR OF ARTS CHINESE STUDIES,bachelor-of-arts-chinese-studies,Market Analyst,13-1161.00,Market Research Analysts and Marketing Specialists,curated,
FACULTY OF ARTS & SOCIAL SCIENCE,BACHELOR OF ARTS CHINESE STUDIES,bachelor-of-arts-chinese-studies,Museum Curator,25-4012.00,Curators,curated,
FACULTY OF ARTS & SOCIAL SCIENCE,BACHELOR OF ARTS CHINESE STUDIES,bachelor-of-arts-chinese-studies,Policy Advisor,19-3094.00,Political Scientists,gemini,0.8
FACULTY OF ARTS & SOCIAL SCIENCE,BACHELOR OF ARTS CHINESE STUDIES,bachelor-of-arts-chinese-studies,Publisher,43-9031.00,Desktop Publishers,curated,
FACULTY OF ARTS & SOCIAL SCIENCE,BACHELOR OF ARTS CHINESE STUDIES,bachelor-of-arts-chinese-studies,Researcher,,,unmapped,0.85
FACULTY OF ARTS & SOCIAL SCIENCE,BACHELOR OF ARTS CHINESE STUDIES,bachelor-of-arts-chinese-studies,Scriptwriter,27-3043.05,"Poets, Lyricists and Creative Writers",gemini,0.95
FACULTY OF ARTS & SOCIAL SCIENCE,BACHELOR OF ARTS CHINESE STUDIES,bachelor-of-arts-chinese-studies,Tour Guide,39-7011.00,Tour Guides and Escorts,curated,
FACULTY OF ARTS & SOCIAL SCIENCE,BACHELOR OF ARTS CHINESE STUDIES,bachelor-of-arts-chinese-studies,Translator,27-3091.00,Interpreters and Translators,curated,
FACULTY OF ARTS & SOCIAL SCIENCE,BACHELOR OF ARTS ENGLISH,bachelor-of-arts-english,Academic Researcher/Professor,25-1199.00,"Postsecondary Teachers, All Other",gemini,0.95
FACULTY OF ARTS & SOCIAL SCIENCE,BACHELOR OF ARTS ENGLISH,bachelor-of-arts-english,Communications Consultant,13-1161.00,Market Research Analysts and Marketing Specialists,curated,
FACULTY OF ARTS & SOCIAL SCIENCE,BACHELOR OF ARTS ENGLISH,bachelor-of-arts-english,Content Creator,27-3099.00,"Media and Communication Workers, All Other",gemini,0.85
FACULTY OF ARTS & SOCIAL SCIENCE,BACHELOR OF ARTS ENGLISH,bachelor-of-arts-english,Cultural Analyst,19-3099.00,"Social Scientists and Related Workers, All Other",gemini,0.8
FACULTY OF ARTS & SOCIAL SCIENCE,BACHELOR OF ARTS ENGLISH,bachelor-of-arts-english,Dramaturg,27-3043.00,Writers and Authors,gemini,0.8
FACULTY OF ARTS & SOCIAL SCIENCE,BACHELOR OF ARTS ENGLISH,bachelor-of-arts-english,Editor,27-3041.00,Editors,gemini,0.95
FACULTY OF ARTS & SOCIAL SCIENCE,BACHELOR OF ARTS ENGLISH,bachelor-of-arts-english,Journalist,27-3023.00,"News Analysts, Reporters, and Journalists",curated,
FACULTY OF ARTS & SOCIAL SCIENCE,BACHELOR OF ARTS ENGLISH,bachelor-of-arts-english,Literary Agent,13-1011.00,"Agents and Business Managers of Artists, Performers, and Athletes",curated,
FACULTY OF ARTS & SOCIAL SCIENCE,BACHELOR OF ARTS ENGLISH,bachelor-of-arts-english,Literary Critic,27-3043.00,Writers and Authors,gemini,0.85
FACULTY OF ARTS & SOCIAL SCIENCE,BACHELOR OF ARTS ENGLISH,bachelor-of-arts-english,Media Specialist,27-3031.00,Public Relations Specialists,gemini,0.85
FACULTY OF ARTS & SOCIAL SCIENCE,BACHELOR OF ARTS ENGLISH,bachelor-of-arts-english,Public Relations Officer,27-3031.00,Public Relations Specialists,gemini,0.95
FACULTY OF ARTS & SOCIAL SCIENCE,BACHELOR OF ARTS ENGLISH,bachelor-of-arts-english,Publishing Professional,27-3099.00,"Media and Communication Workers, All Other",gemini,0.75
FACULTY OF ARTS & SOCIAL SCIENCE,BACHELOR OF ARTS ENGLISH,bachelor-of-arts-english,Scriptwriter,27-3043.05,"Poets, Lyricists and Creative Writers",gemini,0.95
FACULTY OF ARTS & SOCIAL SCIENCE,BACHELOR OF ARTS ENGLISH,bachelor-of-arts-english,Theatre Director,27-2012.00,Producers and Directors,gemini,0.95
FACULTY OF ARTS & SOCIAL SCIENCE,BACHELOR OF ARTS ENGLISH,bachelor-of-arts-english,Writer/Author,27-3043.00,Writers and Authors,curated,
FACULTY OF ARTS & SOCIAL SCIENCE,BACHELOR OF MEDIA STUDIES (INDUSTRIAL MODE),bachelor-of-media-studies,Broadcast Journalist,27-3023.00,"News Analysts, Reporters, and Journalists",gemini,0.95
FACULTY OF ARTS & SOCIAL SCIENCE,BACHELOR OF MEDIA STUDIES (INDUSTRIAL MODE),bachelor-of-media-studies,Communication Manager,11-2032.00,Public Relations Managers,gemini,0.95
FACULTY OF ARTS & SOCIAL SCIENCE,BACHELOR OF MEDIA STUDIES (INDUSTRIAL MODE),bachelor-of-media-studies,Creative Writer,27-3043.05,"Poets, Lyricists and Creative Writers",curated,
FACULTY OF ARTS & SOCIAL SCIENCE,BACHELOR OF MEDIA STUDIES (INDUSTRIAL MODE),bachelor-of-media-studies,Digital Content Creator,27-3099.00,"Media and Communication Workers, All Other",gemini,0.85
FACULTY OF ARTS & SOCIAL SCIENCE,BACHELOR OF MEDIA STUDIES (INDUSTRIAL MODE),bachelor-of-media-studies,Documentary Producer,27-2012.00,Producers and Directors,gemini,0.95
FACULTY OF ARTS & SOCIAL SCIENCE,BACHELOR OF MEDIA STUDIES (INDUSTRIAL MODE),bachelor-of-media-studies,Editorial Director,27-3041.00,Editors,gemini,0.9
FACULTY OF ARTS & SOCIAL SCIENCE,BACHELOR OF MEDIA STUDIES (INDUSTRIAL MODE),bachelor-of-media-studies,Event Manager,13-1121.00,"Meeting, Convention, and Event Planners",gemini,0.95
FACULTY OF ARTS & SOCIAL SCIENCE,BACHELOR OF MEDIA STUDIES (INDUSTRIAL MODE),bachelor-of-media-studies,Marketing Communication Specialist,13-1161.00,Market Research Analysts and Marketing Specialists,gemini,0.9
FACULTY OF ARTS & SOCIAL SCIENCE,BACHELOR OF MEDIA STUDIES (INDUSTRIAL MODE),bachelor-of-media-studies,Media Analyst,13-1161.00,Market Research Analysts and Marketing Specialists,gemini,0.75
FACULTY OF ARTS & SOCIAL SCIENCE,BACHELOR OF MEDIA STUDIES (INDUSTRIAL MODE),bachelor-of-media-studies,Media Designer,27-1024.00,Graphic Designers,gemini,0.85
FACULTY OF ARTS & SOCIAL SCIENCE,BACHELOR OF MEDIA STUDIES (INDUSTRIAL MODE),bachelor-of-media-studies,Media Law Consultant,23-1011.00,Lawyers,gemini,0.8
FACULTY OF ARTS & SOCIAL SCIENCE,BACHELOR OF MEDIA STUDIES (INDUSTRIAL MODE),bachelor-of-media-studies,Media Planner,13-1161.00,Market Research Analysts and Marketing Specialists,gemini,0.85
FACULTY OF ARTS & SOCIAL SCIENCE,BACHELOR OF MEDIA STUDIES (INDUSTRIAL MODE),bachelor-of-media-studies,Media Researcher,13-1161.00,Market Research Analysts and Marketing Specialists,gemini,0.8
FACULTY OF ARTS & SOCIAL SCIENCE,BACHELOR OF MEDIA STUDIES (INDUSTRIAL MODE),bachelor-of-media-studies,Multimedia Producer,27-2012.00,Producers and Directors,gemini,0.9
FACULTY OF ARTS & SOCIAL SCIENCE,BACHELOR OF MEDIA STUDIES (INDUSTRIAL MODE),bachelor-of-media-studies,Photojournalist,27-4021.00,Photographers,curated,
FACULTY OF ARTS & SOCIAL SCIENCE,BACHELOR OF MEDIA STUDIES (INDUSTRIAL MODE),bachelor-of-media-studies,Publishing Manager,11-1021.00,General and Operations Managers,gemini,0.75
FACULTY OF ARTS & SOCIAL SCIENCE,BACHELOR OF MEDIA STUDIES (INDUSTRIAL MODE),bachelor-of-media-studies,Public Relations Specialist,27-3031.00,Public Relations Specialists,curated,
FACULTY OF ARTS & SOCIAL SCIENCE,BACHELOR OF MEDIA STUDIES (INDUSTRIAL MODE),bachelor-of-media-studies,Screenwriter,27-3043.05,"Poets, Lyricists and Creative Writers",gemini,0.95
FACULTY OF ARTS & SOCIAL SCIENCE,BACHELOR OF MEDIA STUDIES (INDUSTRIAL MODE),bachelor-of-media-studies,Strategic Communications Consultant,27-3031.00,Public Relations Specialists,gemini,0.85
FACULTY OF ARTS & SOCIAL SCIENCE,BACHELOR OF MEDIA STUDIES (INDUSTRIAL MODE),bachelor-of-media-studies,Citizen Journalist,27-3023.00,"News Analysts, Reporters, and Journalists",gemini,0.85
FACULTY  OF BUILT ENVIRONMENT,BACHELOR OF SCIENCE IN ARCHITECTURE,bachelor-of-science-in-architecture,Architect,17-1011.00,"Architects, Except Landscape and Naval",curated,
FACULTY  OF BUILT ENVIRONMENT,BACHELOR OF SCIENCE IN ARCHITECTURE,bachelor-of-science-in-architecture,Architectural Assistant,17-3011.00,Architectural and Civil Drafters,gemini,0.85
FACULTY  OF BUILT ENVIRONMENT,BACHELOR OF SCIENCE IN ARCHITECTURE,bachelor-of-science-in-architecture,Urban Planner,19-3051.00,Urban and Regional Planners,gemini,0.98
FACULTY  OF BUILT ENVIRONMENT,BACHELOR OF SCIENCE IN ARCHITECTURE,bachelor-of-science-in-architecture,Interior Designer,27-1025.00,Interior Designers,curated,
FACULTY  OF BUILT ENVIRONMENT,BACHELOR OF SCIENCE IN ARCHITECTURE,bachelor-of-science-in-architecture,Landscape Designer,17-1012.00,Landscape Architects,curated,
FACULTY  OF BUILT ENVIRONMENT,BACHELOR OF SCIENCE IN ARCHITECTURE,bachelor-of-science-in-architecture,Building Designer,17-1011.00,"Architects, Except Landscape and Naval",gemini,0.85
FACULTY  OF BUILT ENVIRONMENT,BACHELOR OF SCIENCE IN ARCHITECTURE,bachelor-of-science-in-architecture,Project Coordinator,13-1082.00,Project Management Specialists,gemini,0.9
FACULTY  OF BUILT ENVIRONMENT,BACHELOR OF SCIENCE IN ARCHITECTURE,bachelor-of-science-in-architecture,Construction Manager,11-9021.00,Construction Managers,curated,
FACULTY  OF BUILT ENVIRONMENT,BACHELOR OF SCIENCE IN ARCHITECTURE,bachelor-of-science-in-architecture,Draftsperson,17-3011.00,Architectural and Civil Drafters,curated,
FACULTY  OF BUILT ENVIRONMENT,BACHELOR OF SCIENCE IN ARCHITECTURE,bachelor-of-science-in-architecture,3D Visualizer,27-1014.00,Special Effects Artists and Animators,gemini,0.85
FACULTY  OF BUILT ENVIRONMENT,BACHELOR OF SCIENCE IN ARCHITECTURE,bachelor-of-science-in-architecture,BIM Specialist,17-3011.00,Architectural and Civil Drafters,gemini,0.85
FACULTY  OF BUILT ENVIRONMENT,BACHELOR OF SCIENCE IN ARCHITECTURE,bachelor-of-science-in-architecture,Sustainable Design Consultant,13-1199.05,Sustainability Specialists,curated,
FACULTY  OF BUILT ENVIRONMENT,BACHELOR OF SCIENCE IN ARCHITECTURE,bachelor-of-science-in-architecture,Building Information Modeler,17-3011.00,Architectural and Civil Drafters,gemini,0.85
FACULTY  OF BUILT ENVIRONMENT,BACHELOR OF SCIENCE IN ARCHITECTURE,bachelor-of-science-in-architecture,Design Consultant,27-1029.00,"Designers, All Other",gemini,0.8
FACULTY  OF BUILT ENVIRONMENT,BACHELOR OF SCIENCE IN ARCHITECTURE,bachelor-of-science-in-architecture,Site Supervisor,47-1011.00,First-Line Supervisors of Construction Trades and Extraction Workers,gemini,0.9
FACULTY  OF BUILT ENVIRONMENT,BACHELOR OF SCIENCE IN ARCHITECTURE,bachelor-of-science-in-architecture,Planning Officer,19-3051.00,Urban and Regional Planners,gemini,0.75
FACULTY  OF BUILT ENVIRONMENT,BACHELOR OF SCIENCE IN ARCHITECTURE,bachelor-of-science-in-architecture,Heritage Conservation Officer,25-4013.00,Museum Technicians and Conservators,gemini,0.8
FACULTY  OF BUILT ENVIRONMENT,BACHELOR OF SCIENCE IN ARCHITECTURE,bachelor-of-science-in-architecture,Facilities Planner,11-3013.00,Facilities Managers,gemini,0.85
FACULTY  OF BUILT ENVIRONMENT,BACHELOR OF BUILDING SURVEYING,bachelor-of-building-surveying,Building Surveyor,47-4011.00,Construction and Building Inspectors,gemini,0.8
FACULTY  OF BUILT ENVIRONMENT,BACHELOR OF BUILDING SURVEYING,bachelor-of-building-surveying,Property Manager,11-9141.00,"Property, Real Estate, and Community Association Managers",curated,
FACULTY  OF BUILT ENVIRONMENT,BACHELOR OF BUILDING SURVEYING,bachelor-of-building-surveying,Facilities Manager,11-3013.00,Facilities Managers,curated,
FACULTY  OF BUILT ENVIRONMENT,BACHELOR OF BUILDING SURVEYING,bachelor-of-building-surveying,Construction Project Manager,11-9021.00,Construction Managers,gemini,0.95
FACULTY  OF BUILT ENVIRONMENT,BACHELOR OF BUILDING SURVEYING,bachelor-of-building-surveying,Quantity Surveyor,13-1051.00,Cost Estimators,gemini,0.95
FACULTY  OF BUILT ENVIRONMENT,BACHELOR OF BUILDING SURVEYING,bachelor-of-building-surveying,Site Inspector,47-4011.00,Construction and Building Inspectors,gemini,0.9
FACULTY  OF BUILT ENVIRONMENT,BACHELOR OF BUILDING SURVEYING,bachelor-of-building-surveying,Maintenance Manager,11-3013.00,Facilities Managers,gemini,0.85
FACULTY  OF BUILT ENVIRONMENT,BACHELOR OF BUILDING SURVEYING,bachelor-of-building-surveying,Building Control Officer,47-4011.00,Construction and Building Inspectors,gemini,0.95
FACULTY  OF BUILT ENVIRONMENT,BACHELOR OF BUILDING SURVEYING,bachelor-of-building-surveying,Health and Safety Officer,19-5011.00,Occupational Health and Safety Specialists,gemini,0.95
FACULTY  OF BUILT ENVIRONMENT,BACHELOR OF BUILDING SURVEYING,bachelor-of-building-surveying,Building Consultant,11-9021.00,Construction Managers,gemini,0.75
FACULTY  OF BUILT ENVIRONMENT,BACHELOR OF BUILDING SURVEYING,bachelor-of-building-surveying,Contract Administrator,13-1199.00,"Business Operations Specialists, All Other",gemini,0.85
FACULTY  OF BUILT ENVIRONMENT,BACHELOR OF BUILDING SURVEYING,bachelor-of-building-surveying,Technical Officer,17-3029.00,"Engineering Technologists and Technicians, Except Drafters, All Other",gemini,0.65
FACULTY  OF BUILT ENVIRONMENT,BACHELOR OF BUILDING SURVEYING,bachelor-of-building-surveying,Real Estate Valuer,13-2023.00,Appraisers and Assessors of Real Estate,gemini,0.95
FACULTY  OF BUILT ENVIRONMENT,BACHELOR OF BUILDING SURVEYING,bachelor-of-building-surveying,Risk Assessor,13-2054.00,Financial Risk Specialists,gemini,0.85
FACULTY  OF BUILT ENVIRONMENT,BACHELOR OF BUILDING SURVEYING,bachelor-of-building-surveying,Asset Manager,11-3031.03,Investment Fund Managers,gemini,0.85
FACULTY  OF BUILT ENVIRONMENT,BACHELOR OF BUILDING SURVEYING,bachelor-of-building-surveying,Building Compliance Officer,47-4011.00,Construction and Building Inspectors,gemini,0.95
FACULTY  OF BUILT ENVIRONMENT,BACHELOR OF QUANTITY SURVEYING,bachelor-of-quantity-surveying,Quantity Surveyor,13-1051.00,Cost Estimators,gemini,0.95
FACULTY  OF BUILT ENVIRONMENT,BACHELOR OF QUANTITY SURVEYING,bachelor-of-quantity-surveying,Cost Estimator,13-1051.00,Cost Estimators,curated,
FACULTY  OF BUILT ENVIRONMENT,BACHELOR OF QUANTITY SURVEYING,bachelor-of-quantity-surveying,Contract Manager,11-9199.00,"Managers, All Other",gemini,0.8
FACULTY  OF BUILT ENVIRONMENT,BACHELOR OF QUANTITY SURVEYING,bachelor-of-quantity-surveying,Project Manager,11-9041.00,Architectural and Engineering Managers,curated,
FACULTY  OF BUILT ENVIRONMENT,BACHELOR OF QUANTITY SURVEYING,bachelor-of-quantity-surveying,Construction Manager,11-9021.00,Construction Managers,curated,
FACULTY  OF BUILT ENVIRONMENT,BACHELOR OF QUANTITY SURVEYING,bachelor-of-quantity-surveying,Procurement Officer,43-3061.00,Procurement Clerks,curated,
FACULTY  OF BUILT ENVIRONMENT,BACHELOR OF QUANTITY SURVEYING,bachelor-of-quantity-surveying,Claims Consultant,13-1031.00,"Claims Adjusters, Examiners, and Investigators",gemini,0.85
FACULTY  OF BUILT ENVIRONMENT,BACHELOR OF QUANTITY SURVEYING,bachelor-of-quantity-surveying,Commercial Manager,11-1021.00,General and Operations Managers,gemini,0.8
FACULTY  OF BUILT ENVIRONMENT,BACHELOR OF QUANTITY SURVEYING,bachelor-of-quantity-surveying,Value Engineer,17-2112.00,Industrial Engineers,gemini,0.85
FACULTY  OF BUILT ENVIRONMENT,BACHELOR OF QUANTITY SURVEYING,bachelor-of-quantity-surveying,Risk Manager,11-3031.00,Financial Managers,gemini,0.85
FACULTY  OF BUILT ENVIRONMENT,BACHELOR OF QUANTITY SURVEYING,bachelor-of-quantity-surveying,Cost Planner,13-1051.00,Cost Estimators,gemini,0.9
FACULTY  OF BUILT ENVIRONMENT,BACHELOR OF QUANTITY SURVEYING,bachelor-of-quantity-surveying,Tendering Specialist,13-1051.00,Cost Estimators,gemini,0.9
FACULTY  OF BUILT ENVIRONMENT,BACHELOR OF QUANTITY SURVEYING,bachelor-of-quantity-surveying,Site Quantity Surveyor,13-1051.00,Cost Estimators,gemini,0.9
FACULTY  OF BUILT ENVIRONMENT,BACHELOR OF QUANTITY SURVEYING,bachelor-of-quantity-surveying,Construction Economist,13-1051.00,Cost Estimators,gemini,0.85
FACULTY  OF BUILT ENVIRONMENT,BACHELOR OF QUANTITY SURVEYING,bachelor-of-quantity-surveying,Development Consultant,,,unmapped,0.85
FACULTY  OF BUILT ENVIRONMENT,BACHELOR OF URBAN AND REGIONAL PLANNING,bachelor-of-urban-and-regional-planning,Urban Planner,19-3051.00,Urban and Regional Planners,gemini,0.98
FACULTY  OF BUILT ENVIRONMENT,BACHELOR OF URBAN AND REGIONAL PLANNING,bachelor-of-urban-and-regional-planning,Regional Planner,19-3051.00,Urban and Regional Planners,curated,
FACULTY  OF BUILT ENVIRONMENT,BACHELOR OF URBAN AND REGIONAL PLANNING,bachelor-of-urban-and-regional-planning,Town Planner,19-3051.00,Urban and Regional Planners,gemini,0.95
FACULTY  OF BUILT ENVIRONMENT,BACHELOR OF URBAN AND REGIONAL PLANNING,bachelor-of-urban-and-regional-planning,Land Use Planner,19-3051.00,Urban and Regional Planners,gemini,0.95
FACULTY  OF BUILT ENVIRONMENT,BACHELOR OF URBAN AND REGIONAL PLANNING,bachelor-of-urban-and-regional-planning,Transportation Planner,19-3099.01,Transportation Planners,curated,
FACULTY  OF BUILT ENVIRONMENT,BACHELOR OF URBAN AND REGIONAL PLANNING,bachelor-of-urban-and-regional-planning,Environmental Planner,19-3051.00,Urban and Regional Planners,gemini,0.85
FACULTY  OF BUILT ENVIRONMENT,BACHELOR OF URBAN AND REGIONAL PLANNING,bachelor-of-urban-and-regional-planning,City Planner,19-3051.00,Urban and Regional Planners,curated,
FACULTY  OF BUILT ENVIRONMENT,BACHELOR OF URBAN AND REGIONAL PLANNING,bachelor-of-urban-and-regional-planning,Housing Development Officer,19-3051.00,Urban and Regional Planners,gemini,0.8
FACULTY  OF BUILT ENVIRONMENT,BACHELOR OF URBAN AND REGIONAL PLANNING,bachelor-of-urban-and-regional-planning,Planning Consultant,19-3051.00,Urban and Regional Planners,curated,
FACULTY  OF BUILT ENVIRONMENT,BACHELOR OF URBAN AND REGIONAL PLANNING,bachelor-of-urban-and-regional-planning,Urban Designer,19-3051.00,Urban and Regional Planners,gemini,0.9
FACULTY  OF BUILT ENVIRONMENT,BACHELOR OF URBAN AND REGIONAL PLANNING,bachelor-of-urban-and-regional-planning,Policy Analyst,19-3094.00,Political Scientists,gemini,0.85
FACULTY  OF BUILT ENVIRONMENT,BACHELOR OF URBAN AND REGIONAL PLANNING,bachelor-of-urban-and-regional-planning,Community Development Officer,11-9151.00,Social and Community Service Managers,gemini,0.85
FACULTY  OF BUILT ENVIRONMENT,BACHELOR OF URBAN AND REGIONAL PLANNING,bachelor-of-urban-and-regional-planning,GIS Specialist,15-1299.02,Geographic Information Systems Technologists and Technicians,gemini,0.95
FACULTY  OF BUILT ENVIRONMENT,BACHELOR OF URBAN AND REGIONAL PLANNING,bachelor-of-urban-and-regional-planning,Zoning Officer,13-1041.00,Compliance Officers,gemini,0.85
FACULTY  OF BUILT ENVIRONMENT,BACHELOR OF URBAN AND REGIONAL PLANNING,bachelor-of-urban-and-regional-planning,Infrastructure Planner,19-3051.00,Urban and Regional Planners,gemini,0.9
FACULTY  OF BUILT ENVIRONMENT,BACHELOR OF URBAN AND REGIONAL PLANNING,bachelor-of-urban-and-regional-planning,Sustainable Development Consultant,13-1199.05,Sustainability Specialists,gemini,0.85
FACULTY  OF BUILT ENVIRONMENT,BACHELOR OF URBAN AND REGIONAL PLANNING,bachelor-of-urban-and-regional-planning,Research Officer,,,unmapped,0.85
FACULTY  OF BUILT ENVIRONMENT,BACHELOR OF URBAN AND REGIONAL PLANNING,bachelor-of-urban-and-regional-planning,Development Control Officer,19-3051.00,Urban and Regional Planners,gemini,0.85
FACULTY  OF BUILT ENVIRONMENT,BACHELOR OF REAL ESTATE,bachelor-of-real-estate,Real Estate Valuer,13-2023.00,Appraisers and Assessors of Real Estate,gemini,0.95
FACULTY  OF BUILT ENVIRONMENT,BACHELOR OF REAL ESTATE,bachelor-of-real-estate,Property Manager,11-9141.00,"Property, Real Estate, and Community Association Managers",curated,
FACULTY  OF BUILT ENVIRONMENT,BACHELOR OF REAL ESTATE,bachelor-of-real-estate,Real Estate Agent,41-9022.00,Real Estate Sales Agents,curated,
FACULTY  OF BUILT ENVIRONMENT,BACHELOR OF REAL ESTATE,bachelor-of-real-estate,Estate Planner,13-2052.00,Personal Financial Advisors,gemini,0.85
FACULTY  OF BUILT ENVIRONMENT,BACHELOR OF REAL ESTATE,bachelor-of-real-estate,Asset Manager,11-3031.03,Investment Fund Managers,gemini,0.85
FACULTY  OF BUILT ENVIRONMENT,BACHELOR OF REAL ESTATE,bachelor-of-real-estate,Investment Analyst,13-2051.00,Financial and Investment Analysts,curated,
FACULTY  OF BUILT ENVIRONMENT,BACHELOR OF REAL ESTATE,bachelor-of-real-estate,Property Consultant,41-9022.00,Real Estate Sales Agents,gemini,0.9
FACULTY  OF BUILT ENVIRONMENT,BACHELOR OF REAL ESTATE,bachelor-of-real-estate,Leasing Manager,11-9141.00,"Property, Real Estate, and Community Association Managers",curated,
FACULTY  OF BUILT ENVIRONMENT,BACHELOR OF REAL ESTATE,bachelor-of-real-estate,Real Estate Broker,41-9021.00,Real Estate Brokers,curated,
FACULTY  OF BUILT ENVIRONMENT,BACHELOR OF REAL ESTATE,bachelor-of-real-estate,Land Economist,19-3011.00,Economists,gemini,0.85
FACULTY  OF BUILT ENVIRONMENT,BACHELOR OF REAL ESTATE,bachelor-of-real-estate,Facilities Manager,11-3013.00,Facilities Managers,curated,
FACULTY  OF BUILT ENVIRONMENT,BACHELOR OF REAL ESTATE,bachelor-of-real-estate,Development Manager,11-9199.10,Wind Energy Development Managers,curated,
FACULTY  OF BUILT ENVIRONMENT,BACHELOR OF REAL ESTATE,bachelor-of-real-estate,Real Estate Appraiser,13-2023.00,Appraisers and Assessors of Real Estate,curated,
FACULTY  OF BUILT ENVIRONMENT,BACHELOR OF REAL ESTATE,bachelor-of-real-estate,Property Analyst,13-2051.00,Financial and Investment Analysts,gemini,0.85
FACULTY  OF BUILT ENVIRONMENT,BACHELOR OF REAL ESTATE,bachelor-of-real-estate,Portfolio Manager,11-3031.03,Investment Fund Managers,gemini,0.95
FACULTY  OF BUILT ENVIRONMENT,BACHELOR OF REAL ESTATE,bachelor-of-real-estate,Valuation Executive,13-2023.00,Appraisers and Assessors of Real Estate,gemini,0.85
FACULTY  OF BUILT ENVIRONMENT,BACHELOR OF REAL ESTATE,bachelor-of-real-estate,Real Estate Researcher,13-1161.00,Market Research Analysts and Marketing Specialists,gemini,0.8
FACULTY OF BUSINESS AND ECONOMIC,BACHELOR OF BUSINESS ADMINISTRATION,bachelor-of-business-administration,Business Development Executive,13-1199.00,"Business Operations Specialists, All Other",gemini,0.8
FACULTY OF BUSINESS AND ECONOMIC,BACHELOR OF BUSINESS ADMINISTRATION,bachelor-of-business-administration,Marketing Manager,11-2021.00,Marketing Managers,curated,
FACULTY OF BUSINESS AND ECONOMIC,BACHELOR OF BUSINESS ADMINISTRATION,bachelor-of-business-administration,Human Resources Officer,13-1071.00,Human Resources Specialists,gemini,0.95
FACULTY OF BUSINESS AND ECONOMIC,BACHELOR OF BUSINESS ADMINISTRATION,bachelor-of-business-administration,Operations Manager,11-1021.00,General and Operations Managers,curated,
FACULTY OF BUSINESS AND ECONOMIC,BACHELOR OF BUSINESS ADMINISTRATION,bachelor-of-business-administration,Sales Executive,41-3091.00,"Sales Representatives of Services, Except Advertising, Insurance, Financial Services, and Travel",gemini,0.85
FACULTY OF BUSINESS AND ECONOMIC,BACHELOR OF BUSINESS ADMINISTRATION,bachelor-of-business-administration,Project Manager,11-9041.00,Architectural and Engineering Managers,curated,
FACULTY OF BUSINESS AND ECONOMIC,BACHELOR OF BUSINESS ADMINISTRATION,bachelor-of-business-administration,Management Consultant,13-1111.00,Management Analysts,gemini,0.95
FACULTY OF BUSINESS AND ECONOMIC,BACHELOR OF BUSINESS ADMINISTRATION,bachelor-of-business-administration,Customer Relationship Manager,11-2022.00,Sales Managers,gemini,0.85
FACULTY OF BUSINESS AND ECONOMIC,BACHELOR OF BUSINESS ADMINISTRATION,bachelor-of-business-administration,Entrepreneur,11-1021.00,General and Operations Managers,gemini,0.7
FACULTY OF BUSINESS AND ECONOMIC,BACHELOR OF BUSINESS ADMINISTRATION,bachelor-of-business-administration,Business Analyst,13-1111.00,Management Analysts,gemini,0.9
FACULTY OF BUSINESS AND ECONOMIC,BACHELOR OF BUSINESS ADMINISTRATION,bachelor-of-business-administration,Administrative Manager,11-3012.00,Administrative Services Managers,curated,
FACULTY OF BUSINESS AND ECONOMIC,BACHELOR OF BUSINESS ADMINISTRATION,bachelor-of-business-administration,Product Manager,11-2021.00,Marketing Managers,curated,
FACULTY OF BUSINESS AND ECONOMIC,BACHELOR OF BUSINESS ADMINISTRATION,bachelor-of-business-administration,Supply Chain Coordinator,13-1081.00,Logisticians,gemini,0.9
FACULTY OF BUSINESS AND ECONOMIC,BACHELOR OF BUSINESS ADMINISTRATION,bachelor-of-business-administration,Retail Manager,41-1011.00,First-Line Supervisors of Retail Sales Workers,gemini,0.9
FACULTY OF BUSINESS AND ECONOMIC,BACHELOR OF BUSINESS ADMINISTRATION,bachelor-of-business-administration,Brand Manager,11-2021.00,Marketing Managers,curated,
FACULTY OF BUSINESS AND ECONOMIC,BACHELOR OF BUSINESS ADMINISTRATION,bachelor-of-business-administration,Corporate Trainer,13-1151.00,Training and Development Specialists,curated,
FACULTY OF BUSINESS AND ECONOMIC,BACHELOR OF BUSINESS ADMINISTRATION,bachelor-of-business-administration,Public Relations Officer,27-3031.00,Public Relations Specialists,gemini,0.95
FACULTY OF BUSINESS AND ECONOMIC,BACHELOR OF BUSINESS ADMINISTRATION,bachelor-of-business-administration,E-Commerce Specialist,13-1199.06,Online Merchants,gemini,0.9
FACULTY OF BUSINESS AND ECONOMIC,BACHELOR OF BUSINESS ADMINISTRATION,bachelor-of-business-administration,Procurement Officer,43-3061.00,Procurement Clerks,curated,
FACULTY OF BUSINESS AND ECONOMIC,BACHELOR OF BUSINESS ADMINISTRATION,bachelor-of-business-administration,Strategic Planning Executive,13-1111.00,Management Analysts,gemini,0.85
FACULTY OF BUSINESS AND ECONOMIC,BACHELOR IN ACCOUNTING,bachelor-in-accounting,Accountant,13-2011.00,Accountants and Auditors,curated,
FACULTY OF BUSINESS AND ECONOMIC,BACHELOR IN ACCOUNTING,bachelor-in-accounting,Auditor,13-2011.00,Accountants and Auditors,curated,
FACULTY OF BUSINESS AND ECONOMIC,BACHELOR IN ACCOUNTING,bachelor-in-accounting,Tax Consultant,13-2082.00,Tax Preparers,curated,
FACULTY OF BUSINESS AND ECONOMIC,BACHELOR IN ACCOUNTING,bachelor-in-accounting,Financial Analyst,13-2051.00,Financial and Investment Analysts,curated,
FACULTY OF BUSINESS AND ECONOMIC,BACHELOR IN ACCOUNTING,bachelor-in-accounting,Budget Analyst,13-2031.00,Budget Analysts,curated,
FACULTY OF BUSINESS AND ECONOMIC,BACHELOR IN ACCOUNTING,bachelor-in-accounting,Management Accountant,13-2011.00,Accountants and Auditors,gemini,0.95
FACULTY OF BUSINESS AND ECONOMIC,BACHELOR IN ACCOUNTING,bachelor-in-accounting,Internal Auditor,13-2011.00,Accountants and Auditors,gemini,0.95
FACULTY OF BUSINESS AND ECONOMIC,BACHELOR IN ACCOUNTING,bachelor-in-accounting,External Auditor,13-2011.00,Accountants and Auditors,gemini,0.95
FACULTY OF BUSINESS AND ECONOMIC,BACHELOR IN ACCOUNTING,bachelor-in-accounting,Chief Financial Officer,11-3031.01,Treasurers and Controllers,gemini,0.95
FACULTY OF BUSINESS AND ECONOMIC,BACHELOR IN ACCOUNTING,bachelor-in-accounting,Forensic Accountant,13-2099.04,"Fraud Examiners, Investigators and Analysts",gemini,0.9
FACULTY OF BUSINESS AND ECONOMIC,BACHELOR IN ACCOUNTING,bachelor-in-accounting,Payroll Specialist,43-3051.00,Payroll and Timekeeping Clerks,curated,
FACULTY OF BUSINESS AND ECONOMIC,BACHELOR IN ACCOUNTING,bachelor-in-accounting,Finance Manager,11-3031.00,Financial Managers,gemini,0.95
FACULTY OF BUSINESS AND ECONOMIC,BACHELOR IN ACCOUNTING,bachelor-in-accounting,Credit Analyst,13-2041.00,Credit Analysts,curated,
FACULTY OF BUSINESS AND ECONOMIC,BACHELOR IN ACCOUNTING,bachelor-in-accounting,Risk Analyst,13-2054.00,Financial Risk Specialists,curated,
FACULTY OF BUSINESS AND ECONOMIC,BACHELOR IN ACCOUNTING,bachelor-in-accounting,Investment Analyst,13-2051.00,Financial and Investment Analysts,curated,
FACULTY OF BUSINESS AND ECONOMIC,BACHELOR IN ACCOUNTING,bachelor-in-accounting,Compliance Officer,13-1041.00,Compliance Officers,curated,
FACULTY OF BUSINESS AND ECONOMIC,BACHELOR IN ACCOUNTING,bachelor-in-accounting,Accounts Executive,13-2011.00,Accountants and Auditors,gemini,0.85
FACULTY OF BUSINESS AND ECONOMIC,BACHELOR IN ACCOUNTING,bachelor-in-accounting,Financial Controller,11-3031.01,Treasurers and Controllers,gemini,0.95
FACULTY OF BUSINESS AND ECONOMIC,BACHELOR OF FINANCE,bachelor-of-finance,Financial Analyst,13-2051.00,Financial and Investment Analysts,curated,
FACULTY OF BUSINESS AND ECONOMIC,BACHELOR OF FINANCE,bachelor-of-finance,Investment Banker,13-2051.00,Financial and Investment Analysts,gemini,0.95
FACULTY OF BUSINESS AND ECONOMIC,BACHELOR OF FINANCE,bachelor-of-finance,Risk Manager,11-3031.00,Financial Managers,gemini,0.85
FACULTY OF BUSINESS AND ECONOMIC,BACHELOR OF FINANCE,bachelor-of-finance,Portfolio Manager,11-3031.03,Investment Fund Managers,gemini,0.95
FACULTY OF BUSINESS AND ECONOMIC,BACHELOR OF FINANCE,bachelor-of-finance,Financial Planner,13-2052.00,Personal Financial Advisors,curated,
FACULTY OF BUSINESS AND ECONOMIC,BACHELOR OF FINANCE,bachelor-of-finance,Credit Analyst,13-2041.00,Credit Analysts,curated,
FACULTY OF BUSINESS AND ECONOMIC,BACHELOR OF FINANCE,bachelor-of-finance,Treasury Analyst,13-2051.00,Financial and Investment Analysts,gemini,0.9
FACULTY OF BUSINESS AND ECONOMIC,BACHELOR OF FINANCE,bachelor-of-finance,Fund Manager,11-3031.03,Investment Fund Managers,gemini,0.95
FACULTY OF BUSINESS AND ECONOMIC,BACHELOR OF FINANCE,bachelor-of-finance,Wealth Management Advisor,13-2052.00,Personal Financial Advisors,gemini,0.95
FACULTY OF BUSINESS AND ECONOMIC,BACHELOR OF FINANCE,bachelor-of-finance,Finance Manager,11-3031.00,Financial Managers,gemini,0.95
FACULTY OF BUSINESS AND ECONOMIC,BACHELOR OF FINANCE,bachelor-of-finance,Budget Analyst,13-2031.00,Budget Analysts,curated,
FACULTY OF BUSINESS AND ECONOMIC,BACHELOR OF FINANCE,bachelor-of-finance,Corporate Finance Executive,13-2051.00,Financial and Investment Analysts,gemini,0.9
FACULTY OF BUSINESS AND ECONOMIC,BACHELOR OF FINANCE,bachelor-of-finance,Loan Officer,13-2072.00,Loan Officers,curated,
FACULTY OF BUSINESS AND ECONOMIC,BACHELOR OF FINANCE,bachelor-of-finance,Equity Analyst,13-2051.00,Financial and Investment Analysts,gemini,0.95
FACULTY OF BUSINESS AND ECONOMIC,BACHELOR OF FINANCE,bachelor-of-finance,Financial Consultant,13-2052.00,Personal Financial Advisors,gemini,0.85
FACULTY OF BUSINESS AND ECONOMIC,BACHELOR OF FINANCE,bachelor-of-finance,Asset Manager,11-3031.03,Investment Fund Managers,gemini,0.85
FACULTY OF BUSINESS AND ECONOMIC,BACHELOR OF FINANCE,bachelor-of-finance,Banking Executive,13-2099.00,"Financial Specialists, All Other",gemini,0.8
FACULTY OF BUSINESS AND ECONOMIC,BACHELOR OF FINANCE,bachelor-of-finance,Mergers and Acquisitions Analyst,13-2051.00,Financial and Investment Analysts,gemini,0.9
FACULTY OF BUSINESS AND ECONOMIC,BACHELOR OF FINANCE,bachelor-of-finance,Compliance Analyst,13-2061.00,Financial Examiners,curated,
FACULTY OF BUSINESS AND ECONOMIC,BACHELOR OF FINANCE,bachelor-of-finance,Financial Operations Analyst,13-2051.00,Financial and Investment Analysts,gemini,0.85
FACULTY OF BUSINESS AND ECONOMIC,BACHELOR OF ECONOMICS,bachelor-of-economics,Economist,19-3011.00,Economists,curated,
FACULTY OF BUSINESS AND ECONOMIC,BACHELOR OF ECONOMICS,bachelor-of-economics,Financial Analyst,13-2051.00,Financial and Investment Analysts,curated,
FACULTY OF BUSINESS AND ECONOMIC,BACHELOR OF ECONOMICS,bachelor-of-economics,Policy Analyst,19-3094.00,Political Scientists,gemini,0.85
FACULTY OF BUSINESS AND ECONOMIC,BACHELOR OF ECONOMICS,bachelor-of-economics,Market Research Analyst,13-1161.00,Market Research Analysts and Marketing Specialists,curated,
FACULTY OF BUSINESS AND ECONOMIC,BACHELOR OF ECONOMICS,bachelor-of-economics,Economic Consultant,19-3011.00,Economists,curated,
FACULTY OF BUSINESS AND ECONOMIC,BACHELOR OF ECONOMICS,bachelor-of-economics,Investment Analyst,13-2051.00,Financial and Investment Analysts,curated,
FACULTY OF BUSINESS AND ECONOMIC,BACHELOR OF ECONOMICS,bachelor-of-economics,Data Analyst,19-3022.00,Survey Researchers,curated,
FACULTY OF BUSINESS AND ECONOMIC,BACHELOR OF ECONOMICS,bachelor-of-economics,Risk Analyst,13-2054.00,Financial Risk Specialists,curated,
FACULTY OF BUSINESS AND ECONOMIC,BACHELOR OF ECONOMICS,bachelor-of-economics,Statistician,15-2041.00,Statisticians,curated,
FACULTY OF BUSINESS AND ECONOMIC,BACHELOR OF ECONOMICS,bachelor-of-economics,Budget Analyst,13-2031.00,Budget Analysts,curated,
FACULTY OF BUSINESS AND ECONOMIC,BACHELOR OF ECONOMICS,bachelor-of-economics,Research Officer,,,unmapped,0.85
FACULTY OF BUSINESS AND ECONOMIC,BACHELOR OF ECONOMICS,bachelor-of-economics,Business Analyst,13-1111.00,Management Analysts,gemini,0.9
FACULTY OF BUSINESS AND ECONOMIC,BACHELOR OF ECONOMICS,bachelor-of-economics,Trade Analyst,13-1161.00,Market Research Analysts and Marketing Specialists,gemini,0.8
FACULTY OF BUSINESS AND ECONOMIC,BACHELOR OF ECONOMICS,bachelor-of-economics,Actuarial Analyst,15-2011.00,Actuaries,gemini,0.95
FACULTY OF BUSINESS AND ECONOMIC,BACHELOR OF ECONOMICS,bachelor-of-economics,Public Sector Economist,19-3011.00,Economists,gemini,0.95
FACULTY OF BUSINESS AND ECONOMIC,BACHELOR OF ECONOMICS,bachelor-of-economics,Development Economist,19-3011.00,Economists,gemini,0.95
FACULTY OF BUSINESS AND ECONOMIC,BACHELOR OF ECONOMICS,bachelor-of-economics,Banking Officer,13-2099.00,"Financial Specialists, All Other",gemini,0.8
FACULTY OF BUSINESS AND ECONOMIC,BACHELOR OF ECONOMICS,bachelor-of-economics,Corporate Strategist,13-1111.00,Management Analysts,gemini,0.9
FACULTY OF COMPUTER SCIENCE,BACHELOR OF COMPUTER SCIENCE (ARTIFICIAL INTELLIGENCE),bachelor-of-computer-science-artificial-intelligence,AI Research Scientist,15-1221.00,Computer and Information Research Scientists,gemini,0.95
FACULTY OF COMPUTER SCIENCE,BACHELOR OF COMPUTER SCIENCE (ARTIFICIAL INTELLIGENCE),bachelor-of-computer-science-artificial-intelligence,Algorithm Developer,17-2199.07,Photonics Engineers,curated,
FACULTY OF COMPUTER SCIENCE,BACHELOR OF COMPUTER SCIENCE (ARTIFICIAL INTELLIGENCE),bachelor-of-computer-science-artificial-intelligence,Business Intelligence Analyst,15-2051.01,Business Intelligence Analysts,curated,
FACULTY OF COMPUTER SCIENCE,BACHELOR OF COMPUTER SCIENCE (ARTIFICIAL INTELLIGENCE),bachelor-of-computer-science-artificial-intelligence,Computer Vision Engineer,15-1252.00,Software Developers,gemini,0.9
FACULTY OF COMPUTER SCIENCE,BACHELOR OF COMPUTER SCIENCE (ARTIFICIAL INTELLIGENCE),bachelor-of-computer-science-artificial-intelligence,Data Scientist,15-2051.00,Data Scientists,curated,
FACULTY OF COMPUTER SCIENCE,BACHELOR OF COMPUTER SCIENCE (ARTIFICIAL INTELLIGENCE),bachelor-of-computer-science-artificial-intelligence,Deep Learning Engineer,15-2051.00,Data Scientists,gemini,0.85
FACULTY OF COMPUTER SCIENCE,BACHELOR OF COMPUTER SCIENCE (ARTIFICIAL INTELLIGENCE),bachelor-of-computer-science-artificial-intelligence,Machine Learning Engineer,15-2051.00,Data Scientists,gemini,0.85
FACULTY OF COMPUTER SCIENCE,BACHELOR OF COMPUTER SCIENCE (ARTIFICIAL INTELLIGENCE),bachelor-of-computer-science-artificial-intelligence,Natural Language Processing Engineer,15-1221.00,Computer and Information Research Scientists,gemini,0.85
FACULTY OF COMPUTER SCIENCE,BACHELOR OF COMPUTER SCIENCE (ARTIFICIAL INTELLIGENCE),bachelor-of-computer-science-artificial-intelligence,Robotics Engineer,17-2199.08,Robotics Engineers,curated,
FACULTY OF COMPUTER SCIENCE,BACHELOR OF COMPUTER SCIENCE (ARTIFICIAL INTELLIGENCE),bachelor-of-computer-science-artificial-intelligence,Software Developer,15-1252.00,Software Developers,curated,
FACULTY OF COMPUTER SCIENCE,BACHELOR OF COMPUTER SCIENCE (ARTIFICIAL INTELLIGENCE),bachelor-of-computer-science-artificial-intelligence,Virtual Reality Developer,15-1252.00,Software Developers,gemini,0.9
FACULTY OF COMPUTER SCIENCE,BACHELOR OF COMPUTER SCIENCE (SOFTWARE ENGINEERING),bachelor-of-computer-science-software-engineering,Application Developer,15-1252.00,Software Developers,curated,
FACULTY OF COMPUTER SCIENCE,BACHELOR OF COMPUTER SCIENCE (SOFTWARE ENGINEERING),bachelor-of-computer-science-software-engineering,Cloud Solutions Architect,15-1299.08,Computer Systems Engineers/Architects,gemini,0.9
FACULTY OF COMPUTER SCIENCE,BACHELOR OF COMPUTER SCIENCE (SOFTWARE ENGINEERING),bachelor-of-computer-science-software-engineering,Component-Based Software Engineer,15-1252.00,Software Developers,gemini,0.95
FACULTY OF COMPUTER SCIENCE,BACHELOR OF COMPUTER SCIENCE (SOFTWARE ENGINEERING),bachelor-of-computer-science-software-engineering,Data Scientist,15-2051.00,Data Scientists,curated,
FACULTY OF COMPUTER SCIENCE,BACHELOR OF COMPUTER SCIENCE (SOFTWARE ENGINEERING),bachelor-of-computer-science-software-engineering,Game Developer,15-1255.01,Video Game Designers,gemini,0.9
FACULTY OF COMPUTER SCIENCE,BACHELOR OF COMPUTER SCIENCE (SOFTWARE ENGINEERING),bachelor-of-computer-science-software-engineering,IT Project Manager,15-1299.09,Information Technology Project Managers,gemini,0.95
FACULTY OF COMPUTER SCIENCE,BACHELOR OF COMPUTER SCIENCE (SOFTWARE ENGINEERING),bachelor-of-computer-science-software-engineering,Machine Learning Engineer,15-2051.00,Data Scientists,gemini,0.85
FACULTY OF COMPUTER SCIENCE,BACHELOR OF COMPUTER SCIENCE (SOFTWARE ENGINEERING),bachelor-of-computer-science-software-engineering,Network Administrator,15-1244.00,Network and Computer Systems Administrators,gemini,0.98
FACULTY OF COMPUTER SCIENCE,BACHELOR OF COMPUTER SCIENCE (SOFTWARE ENGINEERING),bachelor-of-computer-science-software-engineering,Real-Time Systems Developer,15-1252.00,Software Developers,gemini,0.95
FACULTY OF COMPUTER SCIENCE,BACHELOR OF COMPUTER SCIENCE (SOFTWARE ENGINEERING),bachelor-of-computer-science-software-engineering,Software Architect,15-1252.00,Software Developers,curated,
FACULTY OF COMPUTER SCIENCE,BACHELOR OF COMPUTER SCIENCE (SOFTWARE ENGINEERING),bachelor-of-computer-science-software-engineering,Software Engineer,15-1252.00,Software Developers,curated,
FACULTY OF COMPUTER SCIENCE,BACHELOR OF COMPUTER SCIENCE (SOFTWARE ENGINEERING),bachelor-of-computer-science-software-engineering,Software Maintenance Specialist,15-1252.00,Software Developers,gemini,0.85
FACULTY OF COMPUTER SCIENCE,BACHELOR OF COMPUTER SCIENCE (SOFTWARE ENGINEERING),bachelor-of-computer-science-software-engineering,Software Quality Analyst,15-1253.00,Software Quality Assurance Analysts and Testers,gemini,0.95
FACULTY OF COMPUTER SCIENCE,BACHELOR OF COMPUTER SCIENCE (SOFTWARE ENGINEERING),bachelor-of-computer-science-software-engineering,Software Requirements Analyst,15-1211.00,Computer Systems Analysts,gemini,0.9
FACULTY OF COMPUTER SCIENCE,BACHELOR OF COMPUTER SCIENCE (SOFTWARE ENGINEERING),bachelor-of-computer-science-software-engineering,Software Tester,15-1253.00,Software Quality Assurance Analysts and Testers,gemini,0.95
FACULTY OF COMPUTER SCIENCE,BACHELOR OF COMPUTER SCIENCE (SOFTWARE ENGINEERING),bachelor-of-computer-science-software-engineering,Systems Analyst,15-1211.00,Computer Systems Analysts,gemini,0.95
FACULTY OF COMPUTER SCIENCE,BACHELOR OF COMPUTER SCIENCE (SOFTWARE ENGINEERING),bachelor-of-computer-science-software-engineering,Web Developer,15-1254.00,Web Developers,curated,
FACULTY OF COMPUTER SCIENCE,BACHELOR OF COMPUTER SCIENCE (COMPUTER SYSTEM AND NETWORK),bachelor-of-computer-science-computer-system-and-network,Cybersecurity Analyst,15-1212.00,Information Security Analysts,gemini,0.95
FACULTY OF COMPUTER SCIENCE,BACHELOR OF COMPUTER SCIENCE (COMPUTER SYSTEM AND NETWORK),bachelor-of-computer-science-computer-system-and-network,Data Center Technician,15-1231.00,Computer Network Support Specialists,gemini,0.85
FACULTY OF COMPUTER SCIENCE,BACHELOR OF COMPUTER SCIENCE (COMPUTER SYSTEM AND NETWORK),bachelor-of-computer-science-computer-system-and-network,Digital Forensics Specialist,15-1299.06,Digital Forensics Analysts,curated,
FACULTY OF COMPUTER SCIENCE,BACHELOR OF COMPUTER SCIENCE (COMPUTER SYSTEM AND NETWORK),bachelor-of-computer-science-computer-system-and-network,Embedded Systems Engineer,17-2072.00,"Electronics Engineers, Except Computer",gemini,0.85
FACULTY OF COMPUTER SCIENCE,BACHELOR OF COMPUTER SCIENCE (COMPUTER SYSTEM AND NETWORK),bachelor-of-computer-science-computer-system-and-network,Enterprise Network Architect,15-1241.00,Computer Network Architects,gemini,0.95
FACULTY OF COMPUTER SCIENCE,BACHELOR OF COMPUTER SCIENCE (COMPUTER SYSTEM AND NETWORK),bachelor-of-computer-science-computer-system-and-network,IT Consultant,15-1211.00,Computer Systems Analysts,gemini,0.9
FACULTY OF COMPUTER SCIENCE,BACHELOR OF COMPUTER SCIENCE (COMPUTER SYSTEM AND NETWORK),bachelor-of-computer-science-computer-system-and-network,Network Engineer,15-1241.00,Computer Network Architects,gemini,0.9
FACULTY OF COMPUTER SCIENCE,BACHELOR OF COMPUTER SCIENCE (COMPUTER SYSTEM AND NETWORK),bachelor-of-computer-science-computer-system-and-network,Network Security Specialist,15-1212.00,Information Security Analysts,gemini,0.9
FACULTY OF COMPUTER SCIENCE,BACHELOR OF COMPUTER SCIENCE (COMPUTER SYSTEM AND NETWORK),bachelor-of-computer-science-computer-system-and-network,Penetration Tester,15-1299.04,Penetration Testers,curated,
FACULTY OF COMPUTER SCIENCE,BACHELOR OF COMPUTER SCIENCE (COMPUTER SYSTEM AND NETWORK),bachelor-of-computer-science-computer-system-and-network,Systems Analyst,15-1211.00,Computer Systems Analysts,gemini,0.95
FACULTY OF COMPUTER SCIENCE,BACHELOR OF COMPUTER SCIENCE (COMPUTER SYSTEM AND NETWORK),bachelor-of-computer-science-computer-system-and-network,Technical Support Specialist,15-1232.00,Computer User Support Specialists,curated,
FACULTY OF COMPUTER SCIENCE,BACHELOR OF COMPUTER SCIENCE (COMPUTER SYSTEM AND NETWORK),bachelor-of-computer-science-computer-system-and-network,Telecommunications Engineer,15-1241.01,Telecommunications Engineering Specialists,gemini,0.95
FACULTY OF COMPUTER SCIENCE,BACHELOR OF COMPUTER SCIENCE (COMPUTER SYSTEM AND NETWORK),bachelor-of-computer-science-computer-system-and-network,Wireless Communication Engineer,15-1241.01,Telecommunications Engineering Specialists,gemini,0.9
FACULTY OF COMPUTER SCIENCE,BACHELOR OF COMPUTER SCIENCE (MULTIMEDIA COMPUTING),bachelor-of-computer-science-multimedia-computing,3D Animator,27-1014.00,Special Effects Artists and Animators,gemini,0.95
FACULTY OF COMPUTER SCIENCE,BACHELOR OF COMPUTER SCIENCE (MULTIMEDIA COMPUTING),bachelor-of-computer-science-multimedia-computing,Applications Developer,15-1252.00,Software Developers,gemini,0.95
FACULTY OF COMPUTER SCIENCE,BACHELOR OF COMPUTER SCIENCE (MULTIMEDIA COMPUTING),bachelor-of-computer-science-multimedia-computing,Audio Engineer,27-4014.00,Sound Engineering Technicians,gemini,0.95
FACULTY OF COMPUTER SCIENCE,BACHELOR OF COMPUTER SCIENCE (MULTIMEDIA COMPUTING),bachelor-of-computer-science-multimedia-computing,Business Intelligence Analyst,15-2051.01,Business Intelligence Analysts,curated,
FACULTY OF COMPUTER SCIENCE,BACHELOR OF COMPUTER SCIENCE (MULTIMEDIA COMPUTING),bachelor-of-computer-science-multimedia-computing,Computational Scientist,15-2021.00,Mathematicians,curated,
FACULTY OF COMPUTER SCIENCE,BACHELOR OF COMPUTER SCIENCE (MULTIMEDIA COMPUTING),bachelor-of-computer-science-multimedia-computing,Data Scientist,15-2051.00,Data Scientists,curated,
FACULTY OF COMPUTER SCIENCE,BACHELOR OF COMPUTER SCIENCE (MULTIMEDIA COMPUTING),bachelor-of-computer-science-multimedia-computing,Digital Forensic Analyst,15-1299.06,Digital Forensics Analysts,gemini,0.95
FACULTY OF COMPUTER SCIENCE,BACHELOR OF COMPUTER SCIENCE (MULTIMEDIA COMPUTING),bachelor-of-computer-science-multimedia-computing,Digital Media Specialist,27-3099.00,"Media and Communication Workers, All Other",gemini,0.85
FACULTY OF COMPUTER SCIENCE,BACHELOR OF COMPUTER SCIENCE (MULTIMEDIA COMPUTING),bachelor-of-computer-science-multimedia-computing,Game Developer,15-1255.01,Video Game Designers,gemini,0.9
FACULTY OF COMPUTER SCIENCE,BACHELOR OF COMPUTER SCIENCE (MULTIMEDIA COMPUTING),bachelor-of-computer-science-multimedia-computing,Graphic Designer,27-1024.00,Graphic Designers,curated,
FACULTY OF COMPUTER SCIENCE,BACHELOR OF COMPUTER SCIENCE (MULTIMEDIA COMPUTING),bachelor-of-computer-science-multimedia-computing,Human-Computer Interaction Specialist,17-2112.01,Human Factors Engineers and Ergonomists,gemini,0.85
FACULTY OF COMPUTER SCIENCE,BACHELOR OF COMPUTER SCIENCE (MULTIMEDIA COMPUTING),bachelor-of-computer-science-multimedia-computing,Information Security Analyst,15-1212.00,Information Security Analysts,curated,
FACULTY OF COMPUTER SCIENCE,BACHELOR OF COMPUTER SCIENCE (MULTIMEDIA COMPUTING),bachelor-of-computer-science-multimedia-computing,Interaction Designer,15-1255.00,Web and Digital Interface Designers,gemini,0.9
FACULTY OF COMPUTER SCIENCE,BACHELOR OF COMPUTER SCIENCE (MULTIMEDIA COMPUTING),bachelor-of-computer-science-multimedia-computing,IT Project Manager,15-1299.09,Information Technology Project Managers,gemini,0.95
FACULTY OF COMPUTER SCIENCE,BACHELOR OF COMPUTER SCIENCE (MULTIMEDIA COMPUTING),bachelor-of-computer-science-multimedia-computing,Mobile App Developer,15-1252.00,Software Developers,gemini,0.95
FACULTY OF COMPUTER SCIENCE,BACHELOR OF COMPUTER SCIENCE (MULTIMEDIA COMPUTING),bachelor-of-computer-science-multimedia-computing,Multimedia Artist,27-1014.00,Special Effects Artists and Animators,gemini,0.95
FACULTY OF COMPUTER SCIENCE,BACHELOR OF COMPUTER SCIENCE (MULTIMEDIA COMPUTING),bachelor-of-computer-science-multimedia-computing,Network Administrator,15-1244.00,Network and Computer Systems Administrators,gemini,0.98
FACULTY OF COMPUTER SCIENCE,BACHELOR OF COMPUTER SCIENCE (MULTIMEDIA COMPUTING),bachelor-of-computer-science-multimedia-computing,Software Engineer,15-1252.00,Software Developers,curated,
FACULTY OF COMPUTER SCIENCE,BACHELOR OF COMPUTER SCIENCE (MULTIMEDIA COMPUTING),bachelor-of-computer-science-multimedia-computing,Systems Analyst,15-1211.00,Computer Systems Analysts,gemini,0.95
FACULTY OF COMPUTER SCIENCE,BACHELOR OF COMPUTER SCIENCE (MULTIMEDIA COMPUTING),bachelor-of-computer-science-multimedia-computing,UI/UX Designer,15-1255.00,Web and Digital Interface Designers,gemini,0.95
FACULTY OF COMPUTER SCIENCE,BACHELOR OF COMPUTER SCIENCE (MULTIMEDIA COMPUTING),bachelor-of-computer-science-multimedia-computing,Virtual Reality Developer,15-1252.00,Software Developers,gemini,0.9
FACULTY OF COMPUTER SCIENCE,BACHELOR OF COMPUTER SCIENCE (MULTIMEDIA COMPUTING),bachelor-of-computer-science-multimedia-computing,Web Developer,15-1254.00,Web Developers,curated,
FACULTY OF COMPUTER SCIENCE,BACHELOR OF COMPUTER SCIENCE (DATA SCIENCE),bachelor-of-computer-science-data-science,Data Analyst,19-3022.00,Survey Researchers,curated,
FACULTY OF COMPUTER SCIENCE,BACHELOR OF COMPUTER SCIENCE (DATA SCIENCE),bachelor-of-computer-science-data-science,Data Scientist,15-2051.00,Data Scientists,curated,
FACULTY OF COMPUTER SCIENCE,BACHELOR OF COMPUTER SCIENCE (DATA SCIENCE),bachelor-of-computer-science-data-science,Data Engineer,15-1243.00,Database Architects,curated,
FACULTY OF COMPUTER SCIENCE,BACHELOR OF COMPUTER SCIENCE (DATA SCIENCE),bachelor-of-computer-science-data-science,Business Intelligence Analyst,15-2051.01,Business Intelligence Analysts,curated,
FACULTY OF COMPUTER SCIENCE,BACHELOR OF COMPUTER SCIENCE (DATA SCIENCE),bachelor-of-computer-science-data-science,Data Architect,15-1243.00,Database Architects,curated,
FACULTY OF COMPUTER SCIENCE,BACHELOR OF COMPUTER SCIENCE (DATA SCIENCE),bachelor-of-computer-science-data-science,Machine Learning Engineer,15-2051.00,Data Scientists,gemini,0.85
FACULTY OF COMPUTER SCIENCE,BACHELOR OF COMPUTER SCIENCE (DATA SCIENCE),bachelor-of-computer-science-data-science,Big Data Engineer,15-1243.01,Data Warehousing Specialists,gemini,0.85
FACULTY OF COMPUTER SCIENCE,BACHELOR OF COMPUTER SCIENCE (DATA SCIENCE),bachelor-of-computer-science-data-science,Analytics Consultant,15-2051.01,Business Intelligence Analysts,gemini,0.85
FACULTY OF COMPUTER SCIENCE,BACHELOR OF COMPUTER SCIENCE (DATA SCIENCE),bachelor-of-computer-science-data-science,Database Administrator,15-1242.00,Database Administrators,curated,
FACULTY OF COMPUTER SCIENCE,BACHELOR OF COMPUTER SCIENCE (DATA SCIENCE),bachelor-of-computer-science-data-science,Research Scientist,,,unmapped,0.8
FACULTY OF COMPUTER SCIENCE,BACHELOR OF COMPUTER SCIENCE (DATA SCIENCE),bachelor-of-computer-science-data-science,Quantitative Analyst,13-2099.01,Financial Quantitative Analysts,curated,
FACULTY OF COMPUTER SCIENCE,BACHELOR OF COMPUTER SCIENCE (DATA SCIENCE),bachelor-of-computer-science-data-science,Statistical Analyst,15-2041.00,Statisticians,curated,
FACULTY OF COMPUTER SCIENCE,BACHELOR OF COMPUTER SCIENCE (INFORMATION SYSTEMS),bachelor-of-computer-science-information-system,Business Intelligence Analyst,15-2051.01,Business Intelligence Analysts,curated,
FACULTY OF COMPUTER SCIENCE,BACHELOR OF COMPUTER SCIENCE (INFORMATION SYSTEMS),bachelor-of-computer-science-information-system,Data Analyst,19-3022.00,Survey Researchers,curated,
FACULTY OF COMPUTER SCIENCE,BACHELOR OF COMPUTER SCIENCE (INFORMATION SYSTEMS),bachelor-of-computer-science-information-system,Data Scientist,15-2051.00,Data Scientists,curated,
FACULTY OF COMPUTER SCIENCE,BACHELOR OF COMPUTER SCIENCE (INFORMATION SYSTEMS),bachelor-of-computer-science-information-system,Database Administrator,15-1242.00,Database Administrators,curated,
FACULTY OF COMPUTER SCIENCE,BACHELOR OF COMPUTER SCIENCE (INFORMATION SYSTEMS),bachelor-of-computer-science-information-system,E-Commerce Specialist,13-1199.06,Online Merchants,gemini,0.9
FACULTY OF COMPUTER SCIENCE,BACHELOR OF COMPUTER SCIENCE (INFORMATION SYSTEMS),bachelor-of-computer-science-information-system,Information Systems Auditor,13-2011.00,Accountants and Auditors,gemini,0.85
FACULTY OF COMPUTER SCIENCE,BACHELOR OF COMPUTER SCIENCE (INFORMATION SYSTEMS),bachelor-of-computer-science-information-system,Information Systems Manager,11-3021.00,Computer and Information Systems Managers,gemini,0.98
FACULTY OF COMPUTER SCIENCE,BACHELOR OF COMPUTER SCIENCE (INFORMATION SYSTEMS),bachelor-of-computer-science-information-system,IT Consultant,15-1211.00,Computer Systems Analysts,gemini,0.9
FACULTY OF COMPUTER SCIENCE,BACHELOR OF COMPUTER SCIENCE (INFORMATION SYSTEMS),bachelor-of-computer-science-information-system,IT Project Manager,15-1299.09,Information Technology Project Managers,gemini,0.95
FACULTY OF COMPUTER SCIENCE,BACHELOR OF COMPUTER SCIENCE (INFORMATION SYSTEMS),bachelor-of-computer-science-information-system,Network Administrator,15-1244.00,Network and Computer Systems Administrators,gemini,0.98
FACULTY OF COMPUTER SCIENCE,BACHELOR OF COMPUTER SCIENCE (INFORMATION SYSTEMS),bachelor-of-computer-science-information-system,Security Analyst,15-1212.00,Information Security Analysts,gemini,0.9
FACULTY OF COMPUTER SCIENCE,BACHELOR OF COMPUTER SCIENCE (INFORMATION SYSTEMS),bachelor-of-computer-science-information-system,Systems Analyst,15-1211.00,Computer Systems Analysts,gemini,0.95
FACULTY OF COMPUTER SCIENCE,BACHELOR OF COMPUTER SCIENCE (INFORMATION SYSTEMS),bachelor-of-computer-science-information-system,Web Developer,15-1254.00,Web Developers,curated,
FACULTY OF CREATIVE ARTS,BACHELOR OF DANCE,bachelor-of-dance,Ballet Instructor,25-3021.00,Self-Enrichment Teachers,gemini,0.8
FACULTY OF CREATIVE ARTS,BACHELOR OF DANCE,bachelor-of-dance,Choreographer,27-2032.00,Choreographers,curated,
FACULTY OF CREATIVE ARTS,BACHELOR OF DANCE,bachelor-of-dance,Dance Critic,27-3043.00,Writers and Authors,gemini,0.85
FACULTY OF CREATIVE ARTS,BACHELOR OF DANCE,bachelor-of-dance,Dance Ethnologist,19-3091.00,Anthropologists and Archeologists,gemini,0.85
FACULTY OF CREATIVE ARTS,BACHELOR OF DANCE,bachelor-of-dance,Dance Instructor,25-3021.00,Self-Enrichment Teachers,curated,
FACULTY OF CREATIVE ARTS,BACHELOR OF DANCE,bachelor-of-dance,Dance Therapist,29-1129.00,"Therapists, All Other",gemini,0.9
FACULTY OF CREATIVE ARTS,BACHELOR OF DANCE,bachelor-of-dance,Dance Writer,27-3043.00,Writers and Authors,gemini,0.9
FACULTY OF CREATIVE ARTS,BACHELOR OF DANCE,bachelor-of-dance,Ensemble Director,27-2041.00,Music Directors and Composers,gemini,0.9
FACULTY OF CREATIVE ARTS,BACHELOR OF DANCE,bachelor-of-dance,Event Coordinator,13-1121.00,"Meeting, Convention, and Event Planners",curated,
FACULTY OF CREATIVE ARTS,BACHELOR OF DANCE,bachelor-of-dance,Movement Coach,39-9031.00,Exercise Trainers and Group Fitness Instructors,gemini,0.7
FACULTY OF CREATIVE ARTS,BACHELOR OF DANCE,bachelor-of-dance,Performance Artist,27-2099.00,"Entertainers and Performers, Sports and Related Workers, All Other",gemini,0.85
FACULTY OF CREATIVE ARTS,BACHELOR OF DANCE,bachelor-of-dance,Production Manager,11-3051.00,Industrial Production Managers,gemini,0.95
FACULTY OF CREATIVE ARTS,BACHELOR OF DANCE,bachelor-of-dance,Stage Manager,27-2012.05,Media Technical Directors/Managers,gemini,0.85
FACULTY OF CREATIVE ARTS,BACHELOR OF DANCE,bachelor-of-dance,Traditional Dance Performer,27-2031.00,Dancers,gemini,0.95
FACULTY OF CREATIVE ARTS,BACHELOR OF DRAMA,bachelor-of-drama,Acting Coach,25-3021.00,Self-Enrichment Teachers,gemini,0.8
FACULTY OF CREATIVE ARTS,BACHELOR OF DRAMA,bachelor-of-drama,Actor,27-2011.00,Actors,curated,
FACULTY OF CREATIVE ARTS,BACHELOR OF DRAMA,bachelor-of-drama,Arts Critic,27-3023.00,"News Analysts, Reporters, and Journalists",gemini,0.8
FACULTY OF CREATIVE ARTS,BACHELOR OF DRAMA,bachelor-of-drama,Arts Manager,11-9072.00,"Entertainment and Recreation Managers, Except Gambling",gemini,0.85
FACULTY OF CREATIVE ARTS,BACHELOR OF DRAMA,bachelor-of-drama,Choreographer,27-2032.00,Choreographers,curated,
FACULTY OF CREATIVE ARTS,BACHELOR OF DRAMA,bachelor-of-drama,Children’s Theatre Director,27-2012.00,Producers and Directors,gemini,0.9
FACULTY OF CREATIVE ARTS,BACHELOR OF DRAMA,bachelor-of-drama,Costume Designer,27-1022.00,Fashion Designers,curated,
FACULTY OF CREATIVE ARTS,BACHELOR OF DRAMA,bachelor-of-drama,Dance Instructor,25-3021.00,Self-Enrichment Teachers,curated,
FACULTY OF CREATIVE ARTS,BACHELOR OF DRAMA,bachelor-of-drama,Drama Educator,25-1121.00,"Art, Drama, and Music Teachers, Postsecondary",gemini,0.85
FACULTY OF CREATIVE ARTS,BACHELOR OF DRAMA,bachelor-of-drama,Drama Therapist,29-1129.00,"Therapists, All Other",gemini,0.85
FACULTY OF CREATIVE ARTS,BACHELOR OF DRAMA,bachelor-of-drama,Director,27-2012.00,Producers and Directors,curated,
FACULTY OF CREATIVE ARTS,BACHELOR OF DRAMA,bachelor-of-drama,Dramaturg,27-3043.00,Writers and Authors,gemini,0.8
FACULTY OF CREATIVE ARTS,BACHELOR OF DRAMA,bachelor-of-drama,Lighting Designer,27-1029.00,"Designers, All Other",gemini,0.8
FACULTY OF CREATIVE ARTS,BACHELOR OF DRAMA,bachelor-of-drama,Makeup Artist,39-5091.00,"Makeup Artists, Theatrical and Performance",gemini,0.95
FACULTY OF CREATIVE ARTS,BACHELOR OF DRAMA,bachelor-of-drama,Playwright,27-3043.05,"Poets, Lyricists and Creative Writers",gemini,0.9
FACULTY OF CREATIVE ARTS,BACHELOR OF DRAMA,bachelor-of-drama,Stage Combat Instructor,25-1121.00,"Art, Drama, and Music Teachers, Postsecondary",gemini,0.75
FACULTY OF CREATIVE ARTS,BACHELOR OF DRAMA,bachelor-of-drama,Stage Director,27-2012.00,Producers and Directors,gemini,0.95
FACULTY OF CREATIVE ARTS,BACHELOR OF DRAMA,bachelor-of-drama,Stage Manager,27-2012.05,Media Technical Directors/Managers,gemini,0.85
FACULTY OF CREATIVE ARTS,BACHELOR OF DRAMA,bachelor-of-drama,Scriptwriter,27-3043.05,"Poets, Lyricists and Creative Writers",gemini,0.95
FACULTY OF CREATIVE ARTS,BACHELOR OF DRAMA,bachelor-of-drama,Theatre Designer,27-1027.00,Set and Exhibit Designers,gemini,0.95
FACULTY OF CREATIVE ARTS,BACHELOR OF DRAMA,bachelor-of-drama,Theatre Manager,11-9072.00,"Entertainment and Recreation Managers, Except Gambling",gemini,0.9
FACULTY OF CREATIVE ARTS,BACHELOR OF DRAMA,bachelor-of-drama,Theatre Producer,27-2012.00,Producers and Directors,gemini,0.95
FACULTY OF CREATIVE ARTS,BACHELOR OF DRAMA,bachelor-of-drama,Theatre Technician,27-4099.00,"Media and Communication Equipment Workers, All Other",gemini,0.8
FACULTY OF CREATIVE ARTS,BACHELOR OF MUSIC,bachelor-of-music,Advanced Music Conductor,27-2041.00,Music Directors and Composers,gemini,0.95
FACULTY OF CREATIVE ARTS,BACHELOR OF MUSIC,bachelor-of-music,Arts Critic,27-3023.00,"News Analysts, Reporters, and Journalists",gemini,0.8
FACULTY OF CREATIVE ARTS,BACHELOR OF MUSIC,bachelor-of-music,Ballet Instructor,25-3021.00,Self-Enrichment Teachers,gemini,0.8
FACULTY OF CREATIVE ARTS,BACHELOR OF MUSIC,bachelor-of-music,Choreographer,27-2032.00,Choreographers,curated,
FACULTY OF CREATIVE ARTS,BACHELOR OF MUSIC,bachelor-of-music,Dance Instructor,25-3021.00,Self-Enrichment Teachers,curated,
FACULTY OF CREATIVE ARTS,BACHELOR OF MUSIC,bachelor-of-music,Dance Music Composer,27-2041.00,Music Directors and Composers,gemini,0.95
FACULTY OF CREATIVE ARTS,BACHELOR OF MUSIC,bachelor-of-music,Dance Notation Specialist,27-2032.00,Choreographers,gemini,0.8
FACULTY OF CREATIVE ARTS,BACHELOR OF MUSIC,bachelor-of-music,Electronic Music Producer,27-2041.00,Music Directors and Composers,gemini,0.85
FACULTY OF CREATIVE ARTS,BACHELOR OF MUSIC,bachelor-of-music,Ensemble Director,27-2041.00,Music Directors and Composers,gemini,0.9
FACULTY OF CREATIVE ARTS,BACHELOR OF MUSIC,bachelor-of-music,Film Music Composer,27-2041.00,Music Directors and Composers,gemini,0.95
FACULTY OF CREATIVE ARTS,BACHELOR OF MUSIC,bachelor-of-music,Jazz Musician,27-2042.00,Musicians and Singers,gemini,0.95
FACULTY OF CREATIVE ARTS,BACHELOR OF MUSIC,bachelor-of-music,Music Appreciation Specialist,25-3021.00,Self-Enrichment Teachers,gemini,0.8
FACULTY OF CREATIVE ARTS,BACHELOR OF MUSIC,bachelor-of-music,Music Analyst,,,unmapped,0.5
FACULTY OF CREATIVE ARTS,BACHELOR OF MUSIC,bachelor-of-music,Music Educator,25-1121.00,"Art, Drama, and Music Teachers, Postsecondary",gemini,0.85
FACULTY OF CREATIVE ARTS,BACHELOR OF MUSIC,bachelor-of-music,Music Ensemble Director,27-2041.00,Music Directors and Composers,gemini,0.95
FACULTY OF CREATIVE ARTS,BACHELOR OF MUSIC,bachelor-of-music,Music for Animation and Film Composer,27-2041.00,Music Directors and Composers,gemini,0.95
FACULTY OF CREATIVE ARTS,BACHELOR OF MUSIC,bachelor-of-music,Music Pedagogue,25-1121.00,"Art, Drama, and Music Teachers, Postsecondary",gemini,0.85
FACULTY OF CREATIVE ARTS,BACHELOR OF MUSIC,bachelor-of-music,Music Producer,27-2012.00,Producers and Directors,gemini,0.9
FACULTY OF CREATIVE ARTS,BACHELOR OF MUSIC,bachelor-of-music,Music Therapist,29-1129.02,Music Therapists,curated,
FACULTY OF CREATIVE ARTS,BACHELOR OF MUSIC,bachelor-of-music,Orchestra Conductor,27-2041.00,Music Directors and Composers,gemini,0.95
FACULTY OF CREATIVE ARTS,BACHELOR OF MUSIC,bachelor-of-music,Orchestra Musician,27-2042.00,Musicians and Singers,curated,
FACULTY OF CREATIVE ARTS,BACHELOR OF MUSIC,bachelor-of-music,Piano Instructor,25-3021.00,Self-Enrichment Teachers,gemini,0.85
FACULTY OF CREATIVE ARTS,BACHELOR OF MUSIC,bachelor-of-music,Principal Study Musician,27-2042.00,Musicians and Singers,gemini,0.9
FACULTY OF CREATIVE ARTS,BACHELOR OF MUSIC,bachelor-of-music,Recording Engineer,27-4014.00,Sound Engineering Technicians,curated,
FACULTY OF CREATIVE ARTS,BACHELOR OF MUSIC,bachelor-of-music,Songwriter,27-2041.00,Music Directors and Composers,gemini,0.9
FACULTY OF CREATIVE ARTS,BACHELOR OF MUSIC,bachelor-of-music,Stage Combat Instructor,25-1121.00,"Art, Drama, and Music Teachers, Postsecondary",gemini,0.75
FACULTY OF CREATIVE ARTS,BACHELOR OF MUSIC,bachelor-of-music,Stage Director,27-2012.00,Producers and Directors,gemini,0.95
FACULTY OF CREATIVE ARTS,BACHELOR OF MUSIC,bachelor-of-music,Stage Manager,27-2012.05,Media Technical Directors/Managers,gemini,0.85
FACULTY OF CREATIVE ARTS,BACHELOR OF MUSIC,bachelor-of-music,Traditional Music Specialist,27-2042.00,Musicians and Singers,gemini,0.9
FACULTY OF CREATIVE ARTS,BACHELOR OF PERFORMING ARTS,bachelor-of-performing-arts,Actor,27-2011.00,Actors,curated,
FACULTY OF CREATIVE ARTS,BACHELOR OF PERFORMING ARTS,bachelor-of-performing-arts,Dancer,27-2031.00,Dancers,curated,
FACULTY OF CREATIVE ARTS,BACHELOR OF PERFORMING ARTS,bachelor-of-performing-arts,Musician,27-2042.00,Musicians and Singers,curated,
FACULTY OF CREATIVE ARTS,BACHELOR OF PERFORMING ARTS,bachelor-of-performing-arts,Choreographer,27-2032.00,Choreographers,curated,
FACULTY OF CREATIVE ARTS,BACHELOR OF PERFORMING ARTS,bachelor-of-performing-arts,Director,27-2012.00,Producers and Directors,curated,
FACULTY OF CREATIVE ARTS,BACHELOR OF PERFORMING ARTS,bachelor-of-performing-arts,Stage Manager,27-2012.05,Media Technical Directors/Managers,gemini,0.85
FACULTY OF CREATIVE ARTS,BACHELOR OF PERFORMING ARTS,bachelor-of-performing-arts,Theatre Producer,27-2012.00,Producers and Directors,gemini,0.95
FACULTY OF CREATIVE ARTS,BACHELOR OF PERFORMING ARTS,bachelor-of-performing-arts,Performing Arts Educator,25-1121.00,"Art, Drama, and Music Teachers, Postsecondary",gemini,0.85
FACULTY OF CREATIVE ARTS,BACHELOR OF PERFORMING ARTS,bachelor-of-performing-arts,Arts Administrator,11-9072.00,"Entertainment and Recreation Managers, Except Gambling",gemini,0.8
FACULTY OF CREATIVE ARTS,BACHELOR OF PERFORMING ARTS,bachelor-of-performing-arts,Dramaturg,27-3043.00,Writers and Authors,gemini,0.8
FACULTY OF CREATIVE ARTS,BACHELOR OF PERFORMING ARTS,bachelor-of-performing-arts,Performance Designer,27-1027.00,Set and Exhibit Designers,gemini,0.85
FACULTY OF CREATIVE ARTS,BACHELOR OF PERFORMING ARTS,bachelor-of-performing-arts,Sound Designer,27-4014.00,Sound Engineering Technicians,gemini,0.85
FACULTY OF CREATIVE ARTS,BACHELOR OF PERFORMING ARTS,bachelor-of-performing-arts,Lighting Designer,27-1029.00,"Designers, All Other",gemini,0.8
FACULTY OF CREATIVE ARTS,BACHELOR OF PERFORMING ARTS,bachelor-of-performing-arts,Set Designer,27-1027.00,Set and Exhibit Designers,curated,
FACULTY OF CREATIVE ARTS,BACHELOR OF PERFORMING ARTS,bachelor-of-performing-arts,Stage Technician,27-4099.00,"Media and Communication Equipment Workers, All Other",gemini,0.85
FACULTY OF CREATIVE ARTS,BACHELOR OF PERFORMING ARTS,bachelor-of-performing-arts,Performance Coach,27-2022.00,Coaches and Scouts,gemini,0.75
FACULTY OF CREATIVE ARTS,BACHELOR OF PERFORMING ARTS,bachelor-of-performing-arts,Casting Director,27-2012.04,Talent Directors,curated,
FACULTY OF CREATIVE ARTS,BACHELOR OF PERFORMING ARTS,bachelor-of-performing-arts,Theatre Critic,27-3043.00,Writers and Authors,gemini,0.85
FACULTY OF CREATIVE ARTS,BACHELOR OF PERFORMING ARTS,bachelor-of-performing-arts,Event Coordinator,13-1121.00,"Meeting, Convention, and Event Planners",curated,
FACULTY OF CREATIVE ARTS,BACHELOR OF PERFORMING ARTS,bachelor-of-performing-arts,Cultural Program Manager,11-9151.00,Social and Community Service Managers,gemini,0.8
FACULTY OF CREATIVE ARTS,BACHELOR OF PERFORMING ARTS,bachelor-of-performing-arts,Arts Festival Organizer,13-1121.00,"Meeting, Convention, and Event Planners",gemini,0.92
FACULTY OF DENTISTRY,BACHELOR OF DENTAL SURGERY,bachelor-of-dental-surgery,Academic Researcher,25-1199.00,"Postsecondary Teachers, All Other",gemini,0.75
FACULTY OF DENTISTRY,BACHELOR OF DENTAL SURGERY,bachelor-of-dental-surgery,Clinical Dentist,29-1021.00,"Dentists, General",gemini,0.95
FACULTY OF DENTISTRY,BACHELOR OF DENTAL SURGERY,bachelor-of-dental-surgery,Clinical Lecturer,25-1071.00,"Health Specialties Teachers, Postsecondary",gemini,0.9
FACULTY OF DENTISTRY,BACHELOR OF DENTAL SURGERY,bachelor-of-dental-surgery,Community Dentist,29-1029.00,"Dentists, All Other Specialists",gemini,0.85
FACULTY OF DENTISTRY,BACHELOR OF DENTAL SURGERY,bachelor-of-dental-surgery,Dental Health Educator,21-1091.00,Health Education Specialists,gemini,0.85
FACULTY OF DENTISTRY,BACHELOR OF DENTAL SURGERY,bachelor-of-dental-surgery,Dental Public Health Specialist,29-1029.00,"Dentists, All Other Specialists",gemini,0.9
FACULTY OF DENTISTRY,BACHELOR OF DENTAL SURGERY,bachelor-of-dental-surgery,Dental Research Scientist,19-1042.00,"Medical Scientists, Except Epidemiologists",gemini,0.85
FACULTY OF DENTISTRY,BACHELOR OF DENTAL SURGERY,bachelor-of-dental-surgery,Dental Specialist,29-1029.00,"Dentists, All Other Specialists",gemini,0.95
FACULTY OF DENTISTRY,BACHELOR OF DENTAL SURGERY,bachelor-of-dental-surgery,Forensic Odontologist,29-1029.00,"Dentists, All Other Specialists",gemini,0.9
FACULTY OF DENTISTRY,BACHELOR OF DENTAL SURGERY,bachelor-of-dental-surgery,General Practitioner Dentist,29-1021.00,"Dentists, General",gemini,0.98
FACULTY OF DENTISTRY,BACHELOR OF DENTAL SURGERY,bachelor-of-dental-surgery,Hospital Dentist,29-1021.00,"Dentists, General",gemini,0.9
FACULTY OF DENTISTRY,BACHELOR OF DENTAL SURGERY,bachelor-of-dental-surgery,Oral & Maxillofacial Surgeon,29-1022.00,Oral and Maxillofacial Surgeons,curated,
FACULTY OF DENTISTRY,BACHELOR OF DENTAL SURGERY,bachelor-of-dental-surgery,Oral Medicine Specialist,29-1029.00,"Dentists, All Other Specialists",gemini,0.9
FACULTY OF DENTISTRY,BACHELOR OF DENTAL SURGERY,bachelor-of-dental-surgery,Paediatric Dentist,29-1029.00,"Dentists, All Other Specialists",gemini,0.9
FACULTY OF DENTISTRY,BACHELOR OF DENTAL SURGERY,bachelor-of-dental-surgery,Periodontist,29-1021.00,"Dentists, General",curated,
FACULTY OF DENTISTRY,BACHELOR OF DENTAL SURGERY,bachelor-of-dental-surgery,Private Practice Owner,11-1021.00,General and Operations Managers,gemini,0.8
FACULTY OF DENTISTRY,BACHELOR OF DENTAL SURGERY,bachelor-of-dental-surgery,Prosthodontist,29-1024.00,Prosthodontists,curated,
FACULTY OF DENTISTRY,BACHELOR OF DENTAL SURGERY,bachelor-of-dental-surgery,Public Health Consultant,,,unmapped,0.7
FACULTY OF DENTISTRY,BACHELOR OF DENTAL SURGERY,bachelor-of-dental-surgery,University Lecturer,25-1199.00,"Postsecondary Teachers, All Other",gemini,0.9
FACULTY OF DENTISTRY,BACHELOR OF DENTAL SURGERY,bachelor-of-dental-surgery,Veteran’s Affairs Dentist,29-1021.00,"Dentists, General",gemini,0.95
FACULTY OF EDUCATION,BACHELOR OF COUNSELING,bachelor-of-counseling,Addiction Counselor,21-1011.00,Substance Abuse and Behavioral Disorder Counselors,gemini,0.95
FACULTY OF EDUCATION,BACHELOR OF COUNSELING,bachelor-of-counseling,Behavioral Therapist,21-1014.00,Mental Health Counselors,gemini,0.9
FACULTY OF EDUCATION,BACHELOR OF COUNSELING,bachelor-of-counseling,Career Counselor,21-1012.00,"Educational, Guidance, and Career Counselors and Advisors",curated,
FACULTY OF EDUCATION,BACHELOR OF COUNSELING,bachelor-of-counseling,Clinical Psychologist,19-3033.00,Clinical and Counseling Psychologists,curated,
FACULTY OF EDUCATION,BACHELOR OF COUNSELING,bachelor-of-counseling,Counseling Psychologist,19-3033.00,Clinical and Counseling Psychologists,curated,
FACULTY OF EDUCATION,BACHELOR OF COUNSELING,bachelor-of-counseling,Educational Counselor,21-1012.00,"Educational, Guidance, and Career Counselors and Advisors",gemini,0.95
FACULTY OF EDUCATION,BACHELOR OF COUNSELING,bachelor-of-counseling,Family Therapist,21-1013.00,Marriage and Family Therapists,curated,
FACULTY OF EDUCATION,BACHELOR OF COUNSELING,bachelor-of-counseling,Group Counselor,21-1019.00,"Counselors, All Other",gemini,0.85
FACULTY OF EDUCATION,BACHELOR OF COUNSELING,bachelor-of-counseling,Human Resources Specialist,13-1071.00,Human Resources Specialists,curated,
FACULTY OF EDUCATION,BACHELOR OF COUNSELING,bachelor-of-counseling,Industrial and Organizational Psychologist,19-3032.00,Industrial-Organizational Psychologists,gemini,0.95
FACULTY OF EDUCATION,BACHELOR OF COUNSELING,bachelor-of-counseling,Marriage Counselor,21-1013.00,Marriage and Family Therapists,gemini,0.95
FACULTY OF EDUCATION,BACHELOR OF COUNSELING,bachelor-of-counseling,Mental Health Counselor,21-1014.00,Mental Health Counselors,curated,
FACULTY OF EDUCATION,BACHELOR OF COUNSELING,bachelor-of-counseling,Online Counselor,21-1014.00,Mental Health Counselors,gemini,0.85
FACULTY OF EDUCATION,BACHELOR OF COUNSELING,bachelor-of-counseling,Program Coordinator for Counseling Services,11-9151.00,Social and Community Service Managers,gemini,0.85
FACULTY OF EDUCATION,BACHELOR OF COUNSELING,bachelor-of-counseling,Psychological Tester,19-3039.00,"Psychologists, All Other",gemini,0.85
FACULTY OF EDUCATION,BACHELOR OF COUNSELING,bachelor-of-counseling,Social Worker,21-1029.00,"Social Workers, All Other",gemini,0.9
FACULTY OF EDUCATION,BACHELOR OF COUNSELING,bachelor-of-counseling,Substance Abuse Counselor,21-1011.00,Substance Abuse and Behavioral Disorder Counselors,gemini,0.95
FACULTY OF EDUCATION,BACHELOR OF EDUCATION TEACHING ENGLISH AS A SECOND LANGUAGE,bachelor-of-teaching-english-as-second-language,Academic Researcher,25-1199.00,"Postsecondary Teachers, All Other",gemini,0.75
FACULTY OF EDUCATION,BACHELOR OF EDUCATION TEACHING ENGLISH AS A SECOND LANGUAGE,bachelor-of-teaching-english-as-second-language,Curriculum Developer,25-9031.00,Instructional Coordinators,gemini,0.95
FACULTY OF EDUCATION,BACHELOR OF EDUCATION TEACHING ENGLISH AS A SECOND LANGUAGE,bachelor-of-teaching-english-as-second-language,Educational Consultant,25-9031.00,Instructional Coordinators,gemini,0.9
FACULTY OF EDUCATION,BACHELOR OF EDUCATION TEACHING ENGLISH AS A SECOND LANGUAGE,bachelor-of-teaching-english-as-second-language,English Language Instructor,25-3011.00,"Adult Basic Education, Adult Secondary Education, and English as a Second Language Instructors",gemini,0.85
FACULTY OF EDUCATION,BACHELOR OF EDUCATION TEACHING ENGLISH AS A SECOND LANGUAGE,bachelor-of-teaching-english-as-second-language,ESL Program Coordinator,25-3011.00,"Adult Basic Education, Adult Secondary Education, and English as a Second Language Instructors",gemini,0.9
FACULTY OF EDUCATION,BACHELOR OF EDUCATION TEACHING ENGLISH AS A SECOND LANGUAGE,bachelor-of-teaching-english-as-second-language,Instructional Designer,25-9031.00,Instructional Coordinators,curated,
FACULTY OF EDUCATION,BACHELOR OF EDUCATION TEACHING ENGLISH AS A SECOND LANGUAGE,bachelor-of-teaching-english-as-second-language,Language Assessment Specialist,25-9031.00,Instructional Coordinators,gemini,0.75
FACULTY OF EDUCATION,BACHELOR OF EDUCATION TEACHING ENGLISH AS A SECOND LANGUAGE,bachelor-of-teaching-english-as-second-language,Language Learning Specialist,25-9031.00,Instructional Coordinators,gemini,0.8
FACULTY OF EDUCATION,BACHELOR OF EDUCATION TEACHING ENGLISH AS A SECOND LANGUAGE,bachelor-of-teaching-english-as-second-language,Literacy Coach,25-9031.00,Instructional Coordinators,gemini,0.9
FACULTY OF EDUCATION,BACHELOR OF EDUCATION TEACHING ENGLISH AS A SECOND LANGUAGE,bachelor-of-teaching-english-as-second-language,Micro Teaching Specialist,25-9031.00,Instructional Coordinators,gemini,0.8
FACULTY OF EDUCATION,BACHELOR OF EDUCATION TEACHING ENGLISH AS A SECOND LANGUAGE,bachelor-of-teaching-english-as-second-language,Performance Analyst in Literature Education,,,unmapped,0.7
FACULTY OF EDUCATION,BACHELOR OF EDUCATION TEACHING ENGLISH AS A SECOND LANGUAGE,bachelor-of-teaching-english-as-second-language,TESL Program Director,11-9039.00,"Education Administrators, All Other",gemini,0.85
FACULTY OF EDUCATION,BACHELOR OF EDUCATION TEACHING ENGLISH AS A SECOND LANGUAGE,bachelor-of-teaching-english-as-second-language,Teaching English as a Second Language (TESL) Teacher,25-3011.00,"Adult Basic Education, Adult Secondary Education, and English as a Second Language Instructors",gemini,0.95
FACULTY OF EDUCATION,BACHELOR OF EDUCATION TEACHING ENGLISH AS A SECOND LANGUAGE,bachelor-of-teaching-english-as-second-language,Writing Instructor,25-1123.00,"English Language and Literature Teachers, Postsecondary",gemini,0.8
FACULTY OF EDUCATION,BACHELOR OF EARLY CHILDHOOD EDUCATION,bachelor-of-childhood-education,Academic Researcher,25-1199.00,"Postsecondary Teachers, All Other",gemini,0.75
FACULTY OF EDUCATION,BACHELOR OF EARLY CHILDHOOD EDUCATION,bachelor-of-childhood-education,Child Development Specialist,21-1021.00,"Child, Family, and School Social Workers",gemini,0.75
FACULTY OF EDUCATION,BACHELOR OF EARLY CHILDHOOD EDUCATION,bachelor-of-childhood-education,Children's Program Coordinator,11-9151.00,Social and Community Service Managers,gemini,0.85
FACULTY OF EDUCATION,BACHELOR OF EARLY CHILDHOOD EDUCATION,bachelor-of-childhood-education,Curriculum Developer,25-9031.00,Instructional Coordinators,gemini,0.95
FACULTY OF EDUCATION,BACHELOR OF EARLY CHILDHOOD EDUCATION,bachelor-of-childhood-education,Digital Learning Specialist,25-9031.00,Instructional Coordinators,gemini,0.9
FACULTY OF EDUCATION,BACHELOR OF EARLY CHILDHOOD EDUCATION,bachelor-of-childhood-education,Educational Consultant,25-9031.00,Instructional Coordinators,gemini,0.9
FACULTY OF EDUCATION,BACHELOR OF EARLY CHILDHOOD EDUCATION,bachelor-of-childhood-education,Early Childhood Educator,25-2011.00,"Preschool Teachers, Except Special Education",gemini,0.95
FACULTY OF EDUCATION,BACHELOR OF EARLY CHILDHOOD EDUCATION,bachelor-of-childhood-education,Early Childhood Education Administrator,11-9031.00,"Education and Childcare Administrators, Preschool and Daycare",gemini,0.95
FACULTY OF EDUCATION,BACHELOR OF EARLY CHILDHOOD EDUCATION,bachelor-of-childhood-education,Family Support Specialist,21-1021.00,"Child, Family, and School Social Workers",gemini,0.85
FACULTY OF EDUCATION,BACHELOR OF EARLY CHILDHOOD EDUCATION,bachelor-of-childhood-education,Health and Nutrition Specialist,29-1031.00,Dietitians and Nutritionists,gemini,0.9
FACULTY OF EDUCATION,BACHELOR OF EARLY CHILDHOOD EDUCATION,bachelor-of-childhood-education,Instructional Designer,25-9031.00,Instructional Coordinators,curated,
FACULTY OF EDUCATION,BACHELOR OF EARLY CHILDHOOD EDUCATION,bachelor-of-childhood-education,Islamic Child Rearing Specialist,21-1021.00,"Child, Family, and School Social Workers",gemini,0.75
FACULTY OF EDUCATION,BACHELOR OF EARLY CHILDHOOD EDUCATION,bachelor-of-childhood-education,Kindergarten Teacher,25-2012.00,"Kindergarten Teachers, Except Special Education",gemini,1.0
FACULTY OF EDUCATION,BACHELOR OF EARLY CHILDHOOD EDUCATION,bachelor-of-childhood-education,Language Arts Specialist,25-9031.00,Instructional Coordinators,gemini,0.85
FACULTY OF EDUCATION,BACHELOR OF EARLY CHILDHOOD EDUCATION,bachelor-of-childhood-education,Learning Disabilities Specialist,25-2059.00,"Special Education Teachers, All Other",gemini,0.85
FACULTY OF EDUCATION,BACHELOR OF EARLY CHILDHOOD EDUCATION,bachelor-of-childhood-education,Music and Movement Instructor,25-3021.00,Self-Enrichment Teachers,gemini,0.8
FACULTY OF EDUCATION,BACHELOR OF EARLY CHILDHOOD EDUCATION,bachelor-of-childhood-education,Play Therapist,21-1013.00,Marriage and Family Therapists,curated,
FACULTY OF EDUCATION,BACHELOR OF EARLY CHILDHOOD EDUCATION,bachelor-of-childhood-education,Policy Analyst,19-3094.00,Political Scientists,gemini,0.85
FACULTY OF EDUCATION,BACHELOR OF EARLY CHILDHOOD EDUCATION,bachelor-of-childhood-education,Program Planner,13-1082.00,Project Management Specialists,gemini,0.8
FACULTY OF EDUCATION,BACHELOR OF EARLY CHILDHOOD EDUCATION,bachelor-of-childhood-education,Special Education Teacher,25-2051.00,"Special Education Teachers, Preschool",curated,
FACULTY OF ENGINEERING,BACHELOR OF CIVIL ENGINEERING,bachelor-of-civil-engineering,Advanced Transportation Engineer,17-2051.01,Transportation Engineers,gemini,0.95
FACULTY OF ENGINEERING,BACHELOR OF CIVIL ENGINEERING,bachelor-of-civil-engineering,Bridge Engineer,17-2051.00,Civil Engineers,gemini,0.95
FACULTY OF ENGINEERING,BACHELOR OF CIVIL ENGINEERING,bachelor-of-civil-engineering,Coastal Engineer,17-2051.00,Civil Engineers,gemini,0.9
FACULTY OF ENGINEERING,BACHELOR OF CIVIL ENGINEERING,bachelor-of-civil-engineering,Construction Manager,11-9021.00,Construction Managers,curated,
FACULTY OF ENGINEERING,BACHELOR OF CIVIL ENGINEERING,bachelor-of-civil-engineering,Environmental Engineer,17-2081.00,Environmental Engineers,curated,
FACULTY OF ENGINEERING,BACHELOR OF CIVIL ENGINEERING,bachelor-of-civil-engineering,Geotechnical Engineer,17-2051.00,Civil Engineers,curated,
FACULTY OF ENGINEERING,BACHELOR OF CIVIL ENGINEERING,bachelor-of-civil-engineering,Highway Engineer,17-2051.01,Transportation Engineers,gemini,0.95
FACULTY OF ENGINEERING,BACHELOR OF CIVIL ENGINEERING,bachelor-of-civil-engineering,Hydraulic Engineer,17-2051.02,Water/Wastewater Engineers,gemini,0.9
FACULTY OF ENGINEERING,BACHELOR OF CIVIL ENGINEERING,bachelor-of-civil-engineering,Project Manager,11-9041.00,Architectural and Engineering Managers,curated,
FACULTY OF ENGINEERING,BACHELOR OF CIVIL ENGINEERING,bachelor-of-civil-engineering,Quantity Surveyor,13-1051.00,Cost Estimators,gemini,0.95
FACULTY OF ENGINEERING,BACHELOR OF CIVIL ENGINEERING,bachelor-of-civil-engineering,Reinforced Concrete Engineer,17-2051.00,Civil Engineers,gemini,0.95
FACULTY OF ENGINEERING,BACHELOR OF CIVIL ENGINEERING,bachelor-of-civil-engineering,Research and Development Engineer,17-2199.00,"Engineers, All Other",gemini,0.85
FACULTY OF ENGINEERING,BACHELOR OF CIVIL ENGINEERING,bachelor-of-civil-engineering,Site Engineer,17-2051.00,Civil Engineers,gemini,0.9
FACULTY OF ENGINEERING,BACHELOR OF CIVIL ENGINEERING,bachelor-of-civil-engineering,Structural Engineer,17-2051.00,Civil Engineers,gemini,0.95
FACULTY OF ENGINEERING,BACHELOR OF CIVIL ENGINEERING,bachelor-of-civil-engineering,Traffic Engineer,17-2051.01,Transportation Engineers,curated,
FACULTY OF ENGINEERING,BACHELOR OF CIVIL ENGINEERING,bachelor-of-civil-engineering,Water Resources Engineer,17-2051.02,Water/Wastewater Engineers,gemini,0.95
FACULTY OF ENGINEERING,BACHELOR OF CIVIL ENGINEERING,bachelor-of-civil-engineering,Waste Management Engineer,17-2081.00,Environmental Engineers,gemini,0.95
FACULTY OF ENGINEERING,BACHELOR OF CIVIL ENGINEERING,bachelor-of-civil-engineering,Wind and Earthquake Engineer,17-2051.00,Civil Engineers,gemini,0.85
FACULTY OF ENGINEERING,BACHELOR OF BIOMEDICAL ENGINEERING,bachelor-of-biomedical-engineering,Advanced Prosthetics Engineer,17-2031.00,Bioengineers and Biomedical Engineers,gemini,0.95
FACULTY OF ENGINEERING,BACHELOR OF BIOMEDICAL ENGINEERING,bachelor-of-biomedical-engineering,Assistive Technology Developer,17-2031.00,Bioengineers and Biomedical Engineers,gemini,0.85
FACULTY OF ENGINEERING,BACHELOR OF BIOMEDICAL ENGINEERING,bachelor-of-biomedical-engineering,Assistive Technology Specialist,29-1122.00,Occupational Therapists,gemini,0.7
FACULTY OF ENGINEERING,BACHELOR OF BIOMEDICAL ENGINEERING,bachelor-of-biomedical-engineering,Biomechanics Engineer,17-2031.00,Bioengineers and Biomedical Engineers,gemini,0.95
FACULTY OF ENGINEERING,BACHELOR OF BIOMEDICAL ENGINEERING,bachelor-of-biomedical-engineering,Biomechatronics Engineer,17-2031.00,Bioengineers and Biomedical Engineers,gemini,0.85
FACULTY OF ENGINEERING,BACHELOR OF BIOMEDICAL ENGINEERING,bachelor-of-biomedical-engineering,Biomedical Engineer,17-2031.00,Bioengineers and Biomedical Engineers,curated,
FACULTY OF ENGINEERING,BACHELOR OF BIOMEDICAL ENGINEERING,bachelor-of-biomedical-engineering,Biomedical Equipment Technician,49-9062.00,Medical Equipment Repairers,gemini,0.95
FACULTY OF ENGINEERING,BACHELOR OF BIOMEDICAL ENGINEERING,bachelor-of-biomedical-engineering,Biomedical Signal Processing Engineer,17-2031.00,Bioengineers and Biomedical Engineers,gemini,0.9
FACULTY OF ENGINEERING,BACHELOR OF BIOMEDICAL ENGINEERING,bachelor-of-biomedical-engineering,Clinical Engineer,17-2031.00,Bioengineers and Biomedical Engineers,gemini,0.9
FACULTY OF ENGINEERING,BACHELOR OF BIOMEDICAL ENGINEERING,bachelor-of-biomedical-engineering,Clinical Prosthetist,29-2091.00,Orthotists and Prosthetists,gemini,0.95
FACULTY OF ENGINEERING,BACHELOR OF BIOMEDICAL ENGINEERING,bachelor-of-biomedical-engineering,Clinical Prosthetics Specialist,29-2091.00,Orthotists and Prosthetists,gemini,0.9
FACULTY OF ENGINEERING,BACHELOR OF BIOMEDICAL ENGINEERING,bachelor-of-biomedical-engineering,Healthcare Technology Manager,11-9111.00,Medical and Health Services Managers,gemini,0.85
FACULTY OF ENGINEERING,BACHELOR OF BIOMEDICAL ENGINEERING,bachelor-of-biomedical-engineering,Medical Device Designer,17-2031.00,Bioengineers and Biomedical Engineers,gemini,0.9
FACULTY OF ENGINEERING,BACHELOR OF BIOMEDICAL ENGINEERING,bachelor-of-biomedical-engineering,Medical Device Developer,17-2031.00,Bioengineers and Biomedical Engineers,gemini,0.9
FACULTY OF ENGINEERING,BACHELOR OF BIOMEDICAL ENGINEERING,bachelor-of-biomedical-engineering,Medical Electronics Engineer,17-2031.00,Bioengineers and Biomedical Engineers,gemini,0.9
FACULTY OF ENGINEERING,BACHELOR OF BIOMEDICAL ENGINEERING,bachelor-of-biomedical-engineering,Medical Imaging Specialist,29-2034.00,Radiologic Technologists and Technicians,gemini,0.85
FACULTY OF ENGINEERING,BACHELOR OF BIOMEDICAL ENGINEERING,bachelor-of-biomedical-engineering,Microcomputer and Digital Systems Engineer,17-2061.00,Computer Hardware Engineers,gemini,0.9
FACULTY OF ENGINEERING,BACHELOR OF BIOMEDICAL ENGINEERING,bachelor-of-biomedical-engineering,Prosthetic Designer,29-2091.00,Orthotists and Prosthetists,gemini,0.9
FACULTY OF ENGINEERING,BACHELOR OF BIOMEDICAL ENGINEERING,bachelor-of-biomedical-engineering,Prosthetics and Orthotics Engineer,17-2031.00,Bioengineers and Biomedical Engineers,gemini,0.9
FACULTY OF ENGINEERING,BACHELOR OF BIOMEDICAL ENGINEERING,bachelor-of-biomedical-engineering,Quality Assurance Engineer,17-2112.02,Validation Engineers,curated,
FACULTY OF ENGINEERING,BACHELOR OF BIOMEDICAL ENGINEERING,bachelor-of-biomedical-engineering,Regulatory Affairs Specialist,13-1041.07,Regulatory Affairs Specialists,curated,
FACULTY OF ENGINEERING,BACHELOR OF BIOMEDICAL ENGINEERING,bachelor-of-biomedical-engineering,Rehabilitation Engineer,17-2031.00,Bioengineers and Biomedical Engineers,gemini,0.9
FACULTY OF ENGINEERING,BACHELOR OF BIOMEDICAL ENGINEERING,bachelor-of-biomedical-engineering,Research and Development Engineer,17-2199.00,"Engineers, All Other",gemini,0.85
FACULTY OF ENGINEERING,BACHELOR OF BIOMEDICAL ENGINEERING,bachelor-of-biomedical-engineering,Research Scientist,,,unmapped,0.8
FACULTY OF ENGINEERING,BACHELOR OF BIOMEDICAL ENGINEERING,bachelor-of-biomedical-engineering,Safety and Compliance Engineer,17-2111.00,"Health and Safety Engineers, Except Mining Safety Engineers and Inspectors",gemini,0.9
FACULTY OF ENGINEERING,BACHELOR OF BIOMEDICAL ENGINEERING,bachelor-of-biomedical-engineering,Safety Engineer,17-2111.00,"Health and Safety Engineers, Except Mining Safety Engineers and Inspectors",gemini,0.95
FACULTY OF ENGINEERING,BACHELOR OF BIOMEDICAL ENGINEERING,bachelor-of-biomedical-engineering,Tissue Engineer,17-2031.00,Bioengineers and Biomedical Engineers,gemini,0.9
FACULTY OF ENGINEERING,BACHELOR OF BIOMEDICAL ENGINEERING,bachelor-of-biomedical-engineering,Tissue Engineering Specialist,17-2031.00,Bioengineers and Biomedical Engineers,gemini,0.9
FACULTY OF ENGINEERING,BACHELOR OF BIOMEDICAL ENGINEERING,bachelor-of-biomedical-engineering,Validation Engineer,17-2112.02,Validation Engineers,curated,
FACULTY OF ENGINEERING,BACHELOR OF BIOMEDICAL ENGINEERING,bachelor-of-biomedical-engineering,Wireless Power Transfer Engineer,17-2071.00,Electrical Engineers,gemini,0.9
FACULTY OF ENGINEERING,BACHELOR OF MECHANICAL ENGINEERING,bachelor-of-mechanical-engineering,Acoustics Engineer,17-2199.00,"Engineers, All Other",gemini,0.85
FACULTY OF ENGINEERING,BACHELOR OF MECHANICAL ENGINEERING,bachelor-of-mechanical-engineering,Aerospace Engineer,17-2011.00,Aerospace Engineers,curated,
FACULTY OF ENGINEERING,BACHELOR OF MECHANICAL ENGINEERING,bachelor-of-mechanical-engineering,Automotive Engineer,17-2141.02,Automotive Engineers,curated,
FACULTY OF ENGINEERING,BACHELOR OF MECHANICAL ENGINEERING,bachelor-of-mechanical-engineering,Computational Fluid Dynamics Engineer,17-2141.00,Mechanical Engineers,gemini,0.9
FACULTY OF ENGINEERING,BACHELOR OF MECHANICAL ENGINEERING,bachelor-of-mechanical-engineering,Control Systems Engineer,17-2199.05,Mechatronics Engineers,gemini,0.85
FACULTY OF ENGINEERING,BACHELOR OF MECHANICAL ENGINEERING,bachelor-of-mechanical-engineering,Corrosion Engineer,17-2131.00,Materials Engineers,gemini,0.9
FACULTY OF ENGINEERING,BACHELOR OF MECHANICAL ENGINEERING,bachelor-of-mechanical-engineering,Design Engineer,17-2199.00,"Engineers, All Other",gemini,0.85
FACULTY OF ENGINEERING,BACHELOR OF MECHANICAL ENGINEERING,bachelor-of-mechanical-engineering,Energy Systems Engineer,17-2199.03,"Energy Engineers, Except Wind and Solar",gemini,0.9
FACULTY OF ENGINEERING,BACHELOR OF MECHANICAL ENGINEERING,bachelor-of-mechanical-engineering,Failure Analysis Engineer,17-2199.00,"Engineers, All Other",gemini,0.8
FACULTY OF ENGINEERING,BACHELOR OF MECHANICAL ENGINEERING,bachelor-of-mechanical-engineering,Finite Element Analyst,17-2141.00,Mechanical Engineers,gemini,0.85
FACULTY OF ENGINEERING,BACHELOR OF MECHANICAL ENGINEERING,bachelor-of-mechanical-engineering,Heat Transfer Engineer,17-2141.00,Mechanical Engineers,gemini,0.85
FACULTY OF ENGINEERING,BACHELOR OF MECHANICAL ENGINEERING,bachelor-of-mechanical-engineering,HVAC Engineer,17-2141.00,Mechanical Engineers,gemini,0.9
FACULTY OF ENGINEERING,BACHELOR OF MECHANICAL ENGINEERING,bachelor-of-mechanical-engineering,Industrial Engineer,17-2112.00,Industrial Engineers,curated,
FACULTY OF ENGINEERING,BACHELOR OF MECHANICAL ENGINEERING,bachelor-of-mechanical-engineering,Internal Combustion Engine Specialist,17-2141.02,Automotive Engineers,gemini,0.88
FACULTY OF ENGINEERING,BACHELOR OF MECHANICAL ENGINEERING,bachelor-of-mechanical-engineering,Maintenance Engineer,49-9071.00,"Maintenance and Repair Workers, General",curated,
FACULTY OF ENGINEERING,BACHELOR OF MECHANICAL ENGINEERING,bachelor-of-mechanical-engineering,Manufacturing Engineer,17-2112.03,Manufacturing Engineers,curated,
FACULTY OF ENGINEERING,BACHELOR OF MECHANICAL ENGINEERING,bachelor-of-mechanical-engineering,Materials Engineer,17-2131.00,Materials Engineers,curated,
FACULTY OF ENGINEERING,BACHELOR OF MECHANICAL ENGINEERING,bachelor-of-mechanical-engineering,Mechanical Design Engineer,17-2141.00,Mechanical Engineers,curated,
FACULTY OF ENGINEERING,BACHELOR OF MECHANICAL ENGINEERING,bachelor-of-mechanical-engineering,Mechatronics Engineer,17-2199.05,Mechatronics Engineers,curated,
FACULTY OF ENGINEERING,BACHELOR OF MECHANICAL ENGINEERING,bachelor-of-mechanical-engineering,Nanomaterials Engineer,17-2199.09,Nanosystems Engineers,gemini,0.9
FACULTY OF ENGINEERING,BACHELOR OF MECHANICAL ENGINEERING,bachelor-of-mechanical-engineering,Operations Manager,11-1021.00,General and Operations Managers,curated,
FACULTY OF ENGINEERING,BACHELOR OF MECHANICAL ENGINEERING,bachelor-of-mechanical-engineering,Power Plant Engineer,17-2199.03,"Energy Engineers, Except Wind and Solar",gemini,0.9
FACULTY OF ENGINEERING,BACHELOR OF MECHANICAL ENGINEERING,bachelor-of-mechanical-engineering,Product Design Engineer,27-1021.00,Commercial and Industrial Designers,gemini,0.85
FACULTY OF ENGINEERING,BACHELOR OF MECHANICAL ENGINEERING,bachelor-of-mechanical-engineering,Production Engineer,27-4012.00,Broadcast Technicians,curated,
FACULTY OF ENGINEERING,BACHELOR OF MECHANICAL ENGINEERING,bachelor-of-mechanical-engineering,Quality Control Engineer,17-2112.00,Industrial Engineers,gemini,0.85
FACULTY OF ENGINEERING,BACHELOR OF MECHANICAL ENGINEERING,bachelor-of-mechanical-engineering,Robotics Engineer,17-2199.08,Robotics Engineers,curated,
FACULTY OF ENGINEERING,BACHELOR OF MECHANICAL ENGINEERING,bachelor-of-mechanical-engineering,Safety Engineer,17-2111.00,"Health and Safety Engineers, Except Mining Safety Engineers and Inspectors",gemini,0.95
FACULTY OF ENGINEERING,BACHELOR OF MECHANICAL ENGINEERING,bachelor-of-mechanical-engineering,Sustainable Design Engineer,17-2081.00,Environmental Engineers,gemini,0.85
FACULTY OF ENGINEERING,BACHELOR OF MECHANICAL ENGINEERING,bachelor-of-mechanical-engineering,Technopreneur,11-1011.00,Chief Executives,gemini,0.6
FACULTY OF ENGINEERING,BACHELOR OF MECHANICAL ENGINEERING,bachelor-of-mechanical-engineering,Vibration and Condition,,,unmapped,0.95
FACULTY OF ENGINEERING,BACHELOR OF MECHANICAL ENGINEERING,bachelor-of-mechanical-engineering,Monitoring Specialist,,,unmapped,0.4
FACULTY OF ENGINEERING,BACHELOR OF ELECTRICAL ENGINEERING,bachelor-of-electrical-engineering,Automation Engineer,17-2199.05,Mechatronics Engineers,gemini,0.9
FACULTY OF ENGINEERING,BACHELOR OF ELECTRICAL ENGINEERING,bachelor-of-electrical-engineering,Control Systems Engineer,17-2199.05,Mechatronics Engineers,gemini,0.85
FACULTY OF ENGINEERING,BACHELOR OF ELECTRICAL ENGINEERING,bachelor-of-electrical-engineering,Cybersecurity Engineer,15-1299.05,Information Security Engineers,gemini,0.95
FACULTY OF ENGINEERING,BACHELOR OF ELECTRICAL ENGINEERING,bachelor-of-electrical-engineering,Data Analyst,19-3022.00,Survey Researchers,curated,
FACULTY OF ENGINEERING,BACHELOR OF ELECTRICAL ENGINEERING,bachelor-of-electrical-engineering,Digital Design Engineer,17-2072.00,"Electronics Engineers, Except Computer",gemini,0.9
FACULTY OF ENGINEERING,BACHELOR OF ELECTRICAL ENGINEERING,bachelor-of-electrical-engineering,Electrical Engineer,17-2071.00,Electrical Engineers,curated,
FACULTY OF ENGINEERING,BACHELOR OF ELECTRICAL ENGINEERING,bachelor-of-electrical-engineering,Electronics Engineer,17-2072.00,"Electronics Engineers, Except Computer",gemini,0.95
FACULTY OF ENGINEERING,BACHELOR OF ELECTRICAL ENGINEERING,bachelor-of-electrical-engineering,Energy Engineer,17-2199.03,"Energy Engineers, Except Wind and Solar",curated,
FACULTY OF ENGINEERING,BACHELOR OF ELECTRICAL ENGINEERING,bachelor-of-electrical-engineering,Instrumentation Engineer,17-2072.00,"Electronics Engineers, Except Computer",gemini,0.88
FACULTY OF ENGINEERING,BACHELOR OF ELECTRICAL ENGINEERING,bachelor-of-electrical-engineering,Machine Learning Engineer,15-2051.00,Data Scientists,gemini,0.85
FACULTY OF ENGINEERING,BACHELOR OF ELECTRICAL ENGINEERING,bachelor-of-electrical-engineering,Microelectronics Engineer,17-2199.06,Microsystems Engineers,gemini,0.9
FACULTY OF ENGINEERING,BACHELOR OF ELECTRICAL ENGINEERING,bachelor-of-electrical-engineering,Power System Engineer,17-2071.00,Electrical Engineers,gemini,0.95
FACULTY OF ENGINEERING,BACHELOR OF ELECTRICAL ENGINEERING,bachelor-of-electrical-engineering,Project Manager,11-9041.00,Architectural and Engineering Managers,curated,
FACULTY OF ENGINEERING,BACHELOR OF ELECTRICAL ENGINEERING,bachelor-of-electrical-engineering,Research and Development Engineer,17-2199.00,"Engineers, All Other",gemini,0.85
FACULTY OF ENGINEERING,BACHELOR OF ELECTRICAL ENGINEERING,bachelor-of-electrical-engineering,Robotics Engineer,17-2199.08,Robotics Engineers,curated,
FACULTY OF ENGINEERING,BACHELOR OF ELECTRICAL ENGINEERING,bachelor-of-electrical-engineering,Software Engineer,15-1252.00,Software Developers,curated,
FACULTY OF ENGINEERING,BACHELOR OF ELECTRICAL ENGINEERING,bachelor-of-electrical-engineering,Sustainability Consultant,13-1199.05,Sustainability Specialists,curated,
FACULTY OF ENGINEERING,BACHELOR OF ELECTRICAL ENGINEERING,bachelor-of-electrical-engineering,Telecommunications Engineer,15-1241.01,Telecommunications Engineering Specialists,gemini,0.95
FACULTY OF ENGINEERING,BACHELOR OF ELECTRICAL ENGINEERING,bachelor-of-electrical-engineering,VLSI Design Engineer,17-2072.00,"Electronics Engineers, Except Computer",gemini,0.9
FACULTY OF ENGINEERING,BACHELOR OF ELECTRICAL ENGINEERING,bachelor-of-electrical-engineering,Wireless Communication Engineer,15-1241.01,Telecommunications Engineering Specialists,gemini,0.9
FACULTY OF ENGINEERING,BACHELOR OF CHEMICAL ENGINEERING,bachelor-of-chemical-engineering,Advanced Process Control Engineer,17-2041.00,Chemical Engineers,gemini,0.85
FACULTY OF ENGINEERING,BACHELOR OF CHEMICAL ENGINEERING,bachelor-of-chemical-engineering,Advanced Process Safety Engineer,17-2111.00,"Health and Safety Engineers, Except Mining Safety Engineers and Inspectors",gemini,0.9
FACULTY OF ENGINEERING,BACHELOR OF CHEMICAL ENGINEERING,bachelor-of-chemical-engineering,Air Quality Engineer,17-2081.00,Environmental Engineers,gemini,0.95
FACULTY OF ENGINEERING,BACHELOR OF CHEMICAL ENGINEERING,bachelor-of-chemical-engineering,Biochemical Engineer,17-2031.00,Bioengineers and Biomedical Engineers,gemini,0.9
FACULTY OF ENGINEERING,BACHELOR OF CHEMICAL ENGINEERING,bachelor-of-chemical-engineering,Chemical Engineer,17-2041.00,Chemical Engineers,curated,
FACULTY OF ENGINEERING,BACHELOR OF CHEMICAL ENGINEERING,bachelor-of-chemical-engineering,Chemical Safety Engineer,17-2111.00,"Health and Safety Engineers, Except Mining Safety Engineers and Inspectors",gemini,0.9
FACULTY OF ENGINEERING,BACHELOR OF CHEMICAL ENGINEERING,bachelor-of-chemical-engineering,Chemical Process Engineer,17-2041.00,Chemical Engineers,gemini,0.95
FACULTY OF ENGINEERING,BACHELOR OF CHEMICAL ENGINEERING,bachelor-of-chemical-engineering,Chemical Research Scientist,19-2031.00,Chemists,gemini,0.95
FACULTY OF ENGINEERING,BACHELOR OF CHEMICAL ENGINEERING,bachelor-of-chemical-engineering,Environmental Engineer,17-2081.00,Environmental Engineers,curated,
FACULTY OF ENGINEERING,BACHELOR OF CHEMICAL ENGINEERING,bachelor-of-chemical-engineering,Materials Engineer,17-2131.00,Materials Engineers,curated,
FACULTY OF ENGINEERING,BACHELOR OF CHEMICAL ENGINEERING,bachelor-of-chemical-engineering,Nanotechnology Engineer,17-2199.09,Nanosystems Engineers,gemini,0.95
FACULTY OF ENGINEERING,BACHELOR OF CHEMICAL ENGINEERING,bachelor-of-chemical-engineering,Petroleum Engineer,17-2171.00,Petroleum Engineers,curated,
FACULTY OF ENGINEERING,BACHELOR OF CHEMICAL ENGINEERING,bachelor-of-chemical-engineering,Process Design Engineer,17-2041.00,Chemical Engineers,gemini,0.9
FACULTY OF ENGINEERING,BACHELOR OF CHEMICAL ENGINEERING,bachelor-of-chemical-engineering,Process Integration Engineer,17-2112.03,Manufacturing Engineers,gemini,0.85
FACULTY OF ENGINEERING,BACHELOR OF CHEMICAL ENGINEERING,bachelor-of-chemical-engineering,Process Safety Consultant,17-2111.00,"Health and Safety Engineers, Except Mining Safety Engineers and Inspectors",gemini,0.9
FACULTY OF ENGINEERING,BACHELOR OF CHEMICAL ENGINEERING,bachelor-of-chemical-engineering,Quality Control Engineer,17-2112.00,Industrial Engineers,gemini,0.85
FACULTY OF ENGINEERING,BACHELOR OF CHEMICAL ENGINEERING,bachelor-of-chemical-engineering,Research and Development Engineer,17-2199.00,"Engineers, All Other",gemini,0.85
FACULTY OF ENGINEERING,BACHELOR OF CHEMICAL ENGINEERING,bachelor-of-chemical-engineering,Solid Waste Management Engineer,17-2081.00,Environmental Engineers,gemini,0.9
FACULTY OF ENGINEERING,BACHELOR OF CHEMICAL ENGINEERING,bachelor-of-chemical-engineering,Sustainable Development Engineer,17-2081.00,Environmental Engineers,gemini,0.85
FACULTY OF ENGINEERING,BACHELOR OF CHEMICAL ENGINEERING,bachelor-of-chemical-engineering,Waste Water Treatment Engineer,17-2051.02,Water/Wastewater Engineers,gemini,0.95
FACULTY OF ENGINEERING,BACHELOR OF CHEMICAL ENGINEERING,bachelor-of-chemical-engineering,Water Resource Engineer,17-2051.02,Water/Wastewater Engineers,gemini,0.95
FACULTY OF LANGUAGES AND LINGUISTICS,BACHELOR OF ENGLISH LANGUAGE AND LINGUISTICS,bachelor-of-english-language-and-linguistics,English Language Teacher,25-1123.00,"English Language and Literature Teachers, Postsecondary",gemini,0.85
FACULTY OF LANGUAGES AND LINGUISTICS,BACHELOR OF ENGLISH LANGUAGE AND LINGUISTICS,bachelor-of-english-language-and-linguistics,Editor,27-3041.00,Editors,gemini,0.95
FACULTY OF LANGUAGES AND LINGUISTICS,BACHELOR OF ENGLISH LANGUAGE AND LINGUISTICS,bachelor-of-english-language-and-linguistics,Proofreader,43-9081.00,Proofreaders and Copy Markers,curated,
FACULTY OF LANGUAGES AND LINGUISTICS,BACHELOR OF ENGLISH LANGUAGE AND LINGUISTICS,bachelor-of-english-language-and-linguistics,Copywriter,27-3043.00,Writers and Authors,curated,
FACULTY OF LANGUAGES AND LINGUISTICS,BACHELOR OF ENGLISH LANGUAGE AND LINGUISTICS,bachelor-of-english-language-and-linguistics,Content Writer,27-3043.00,Writers and Authors,gemini,0.95
FACULTY OF LANGUAGES AND LINGUISTICS,BACHELOR OF ENGLISH LANGUAGE AND LINGUISTICS,bachelor-of-english-language-and-linguistics,Translator,27-3091.00,Interpreters and Translators,curated,
FACULTY OF LANGUAGES AND LINGUISTICS,BACHELOR OF ENGLISH LANGUAGE AND LINGUISTICS,bachelor-of-english-language-and-linguistics,Interpreter,27-3091.00,Interpreters and Translators,curated,
FACULTY OF LANGUAGES AND LINGUISTICS,BACHELOR OF ENGLISH LANGUAGE AND LINGUISTICS,bachelor-of-english-language-and-linguistics,Linguist,27-3091.00,Interpreters and Translators,curated,
FACULTY OF LANGUAGES AND LINGUISTICS,BACHELOR OF ENGLISH LANGUAGE AND LINGUISTICS,bachelor-of-english-language-and-linguistics,Speech Therapist Assistant,31-9099.01,Speech-Language Pathology Assistants,gemini,0.95
FACULTY OF LANGUAGES AND LINGUISTICS,BACHELOR OF ENGLISH LANGUAGE AND LINGUISTICS,bachelor-of-english-language-and-linguistics,Communication Specialist,27-3031.00,Public Relations Specialists,gemini,0.95
FACULTY OF LANGUAGES AND LINGUISTICS,BACHELOR OF ENGLISH LANGUAGE AND LINGUISTICS,bachelor-of-english-language-and-linguistics,Public Relations Officer,27-3031.00,Public Relations Specialists,gemini,0.95
FACULTY OF LANGUAGES AND LINGUISTICS,BACHELOR OF ENGLISH LANGUAGE AND LINGUISTICS,bachelor-of-english-language-and-linguistics,Media Analyst,13-1161.00,Market Research Analysts and Marketing Specialists,gemini,0.75
FACULTY OF LANGUAGES AND LINGUISTICS,BACHELOR OF ENGLISH LANGUAGE AND LINGUISTICS,bachelor-of-english-language-and-linguistics,Journalist,27-3023.00,"News Analysts, Reporters, and Journalists",curated,
FACULTY OF LANGUAGES AND LINGUISTICS,BACHELOR OF ENGLISH LANGUAGE AND LINGUISTICS,bachelor-of-english-language-and-linguistics,News Writer,27-3023.00,"News Analysts, Reporters, and Journalists",gemini,0.9
FACULTY OF LANGUAGES AND LINGUISTICS,BACHELOR OF ENGLISH LANGUAGE AND LINGUISTICS,bachelor-of-english-language-and-linguistics,Scriptwriter,27-3043.05,"Poets, Lyricists and Creative Writers",gemini,0.95
FACULTY OF LANGUAGES AND LINGUISTICS,BACHELOR OF ENGLISH LANGUAGE AND LINGUISTICS,bachelor-of-english-language-and-linguistics,Technical Writer,27-3042.00,Technical Writers,curated,
FACULTY OF LANGUAGES AND LINGUISTICS,BACHELOR OF ENGLISH LANGUAGE AND LINGUISTICS,bachelor-of-english-language-and-linguistics,Academic Researcher,25-1199.00,"Postsecondary Teachers, All Other",gemini,0.75
FACULTY OF LANGUAGES AND LINGUISTICS,BACHELOR OF ENGLISH LANGUAGE AND LINGUISTICS,bachelor-of-english-language-and-linguistics,Curriculum Developer,25-9031.00,Instructional Coordinators,gemini,0.95
FACULTY OF LANGUAGES AND LINGUISTICS,BACHELOR OF ENGLISH LANGUAGE AND LINGUISTICS,bachelor-of-english-language-and-linguistics,Lexicographer,27-3043.00,Writers and Authors,gemini,0.85
FACULTY OF LANGUAGES AND LINGUISTICS,BACHELOR OF ENGLISH LANGUAGE AND LINGUISTICS,bachelor-of-english-language-and-linguistics,Publishing Assistant,27-3041.00,Editors,gemini,0.8
FACULTY OF LANGUAGES AND LINGUISTICS,BACHELOR OF ENGLISH LANGUAGE AND LINGUISTICS,bachelor-of-english-language-and-linguistics,Social Media Manager,11-2021.00,Marketing Managers,gemini,0.85
FACULTY OF LANGUAGES AND LINGUISTICS,BACHELOR OF ENGLISH LANGUAGE AND LINGUISTICS,bachelor-of-english-language-and-linguistics,Corporate Trainer,13-1151.00,Training and Development Specialists,curated,
FACULTY OF LANGUAGES AND LINGUISTICS,BACHELOR OF ENGLISH LANGUAGE AND LINGUISTICS,bachelor-of-english-language-and-linguistics,Language Assessment Specialist,25-9031.00,Instructional Coordinators,gemini,0.75
FACULTY OF LANGUAGES AND LINGUISTICS,BACHELOR OF ENGLISH LANGUAGE AND LINGUISTICS,bachelor-of-english-language-and-linguistics,Advertising Executive,11-2011.00,Advertising and Promotions Managers,gemini,0.85
FACULTY OF LANGUAGES AND LINGUISTICS,BACHELOR OF ENGLISH LANGUAGE AND LINGUISTICS,bachelor-of-english-language-and-linguistics,Education Consultant,25-9031.00,Instructional Coordinators,gemini,0.9
FACULTY OF LANGUAGES AND LINGUISTICS,BACHELOR OF ENGLISH LANGUAGE AND LINGUISTICS,bachelor-of-english-language-and-linguistics,Customer Service Executive,43-4051.00,Customer Service Representatives,gemini,0.95
FACULTY OF LANGUAGES AND LINGUISTICS,BACHELOR OF ENGLISH LANGUAGE AND LINGUISTICS,bachelor-of-english-language-and-linguistics,Policy Analyst,19-3094.00,Political Scientists,gemini,0.85
FACULTY OF LANGUAGES AND LINGUISTICS,BACHELOR OF ENGLISH LANGUAGE AND LINGUISTICS,bachelor-of-english-language-and-linguistics,Voice-Over Artist,27-2011.00,Actors,curated,
FACULTY OF LANGUAGES AND LINGUISTICS,BACHELOR OF ENGLISH LANGUAGE AND LINGUISTICS,bachelor-of-english-language-and-linguistics,Transcriptionist,31-9094.00,Medical Transcriptionists,curated,
FACULTY OF LANGUAGES AND LINGUISTICS,BACHELOR OF CHINESE LANGUAGE AND LINGUISTICS,bachelor-of-chinese-language-and-linguistics,Chinese Language Teacher,25-1124.00,"Foreign Language and Literature Teachers, Postsecondary",gemini,0.85
FACULTY OF LANGUAGES AND LINGUISTICS,BACHELOR OF CHINESE LANGUAGE AND LINGUISTICS,bachelor-of-chinese-language-and-linguistics,Translator,27-3091.00,Interpreters and Translators,curated,
FACULTY OF LANGUAGES AND LINGUISTICS,BACHELOR OF CHINESE LANGUAGE AND LINGUISTICS,bachelor-of-chinese-language-and-linguistics,Interpreter,27-3091.00,Interpreters and Translators,curated,
FACULTY OF LANGUAGES AND LINGUISTICS,BACHELOR OF CHINESE LANGUAGE AND LINGUISTICS,bachelor-of-chinese-language-and-linguistics,Editor,27-3041.00,Editors,gemini,0.95
FACULTY OF LANGUAGES AND LINGUISTICS,BACHELOR OF CHINESE LANGUAGE AND LINGUISTICS,bachelor-of-chinese-language-and-linguistics,Proofreader,43-9081.00,Proofreaders and Copy Markers,curated,
FACULTY OF LANGUAGES AND LINGUISTICS,BACHELOR OF CHINESE LANGUAGE AND LINGUISTICS,bachelor-of-chinese-language-and-linguistics,Content Writer,27-3043.00,Writers and Authors,gemini,0.95
FACULTY OF LANGUAGES AND LINGUISTICS,BACHELOR OF CHINESE LANGUAGE AND LINGUISTICS,bachelor-of-chinese-language-and-linguistics,Copywriter,27-3043.00,Writers and Authors,curated,
FACULTY OF LANGUAGES AND LINGUISTICS,BACHELOR OF CHINESE LANGUAGE AND LINGUISTICS,bachelor-of-chinese-language-and-linguistics,Journalist,27-3023.00,"News Analysts, Reporters, and Journalists",curated,
FACULTY OF LANGUAGES AND LINGUISTICS,BACHELOR OF CHINESE LANGUAGE AND LINGUISTICS,bachelor-of-chinese-language-and-linguistics,Media Analyst,13-1161.00,Market Research Analysts and Marketing Specialists,gemini,0.75
FACULTY OF LANGUAGES AND LINGUISTICS,BACHELOR OF CHINESE LANGUAGE AND LINGUISTICS,bachelor-of-chinese-language-and-linguistics,Communication Officer,27-3031.00,Public Relations Specialists,gemini,0.95
FACULTY OF LANGUAGES AND LINGUISTICS,BACHELOR OF CHINESE LANGUAGE AND LINGUISTICS,bachelor-of-chinese-language-and-linguistics,Public Relations Executive,27-3031.00,Public Relations Specialists,gemini,0.95
FACULTY OF LANGUAGES AND LINGUISTICS,BACHELOR OF CHINESE LANGUAGE AND LINGUISTICS,bachelor-of-chinese-language-and-linguistics,Cultural Advisor,19-3099.00,"Social Scientists and Related Workers, All Other",gemini,0.8
FACULTY OF LANGUAGES AND LINGUISTICS,BACHELOR OF CHINESE LANGUAGE AND LINGUISTICS,bachelor-of-chinese-language-and-linguistics,Academic Researcher,25-1199.00,"Postsecondary Teachers, All Other",gemini,0.75
FACULTY OF LANGUAGES AND LINGUISTICS,BACHELOR OF CHINESE LANGUAGE AND LINGUISTICS,bachelor-of-chinese-language-and-linguistics,Curriculum Developer,25-9031.00,Instructional Coordinators,gemini,0.95
FACULTY OF LANGUAGES AND LINGUISTICS,BACHELOR OF CHINESE LANGUAGE AND LINGUISTICS,bachelor-of-chinese-language-and-linguistics,Publishing Assistant,27-3041.00,Editors,gemini,0.8
FACULTY OF LANGUAGES AND LINGUISTICS,BACHELOR OF CHINESE LANGUAGE AND LINGUISTICS,bachelor-of-chinese-language-and-linguistics,Language Consultant,,,unmapped,0.7
FACULTY OF LANGUAGES AND LINGUISTICS,BACHELOR OF CHINESE LANGUAGE AND LINGUISTICS,bachelor-of-chinese-language-and-linguistics,Lexicographer,27-3043.00,Writers and Authors,gemini,0.85
FACULTY OF LANGUAGES AND LINGUISTICS,BACHELOR OF CHINESE LANGUAGE AND LINGUISTICS,bachelor-of-chinese-language-and-linguistics,Subtitle Translator,27-3091.00,Interpreters and Translators,gemini,0.95
FACULTY OF LANGUAGES AND LINGUISTICS,BACHELOR OF CHINESE LANGUAGE AND LINGUISTICS,bachelor-of-chinese-language-and-linguistics,Corporate Trainer,13-1151.00,Training and Development Specialists,curated,
FACULTY OF LANGUAGES AND LINGUISTICS,BACHELOR OF CHINESE LANGUAGE AND LINGUISTICS,bachelor-of-chinese-language-and-linguistics,Social Media Manager,11-2021.00,Marketing Managers,gemini,0.85
FACULTY OF LANGUAGES AND LINGUISTICS,BACHELOR OF CHINESE LANGUAGE AND LINGUISTICS,bachelor-of-chinese-language-and-linguistics,International Relations Officer,19-3094.00,Political Scientists,gemini,0.85
FACULTY OF LANGUAGES AND LINGUISTICS,BACHELOR OF CHINESE LANGUAGE AND LINGUISTICS,bachelor-of-chinese-language-and-linguistics,Tourism Officer,13-1199.00,"Business Operations Specialists, All Other",gemini,0.7
FACULTY OF LANGUAGES AND LINGUISTICS,BACHELOR OF CHINESE LANGUAGE AND LINGUISTICS,bachelor-of-chinese-language-and-linguistics,Embassy Staff,,,unmapped,0.85
FACULTY OF LANGUAGES AND LINGUISTICS,BACHELOR OF CHINESE LANGUAGE AND LINGUISTICS,bachelor-of-chinese-language-and-linguistics,Customer Service Executive,43-4051.00,Customer Service Representatives,gemini,0.95
FACULTY OF LANGUAGES AND LINGUISTICS,BACHELOR OF CHINESE LANGUAGE AND LINGUISTICS,bachelor-of-chinese-language-and-linguistics,Policy Analyst,19-3094.00,Political Scientists,gemini,0.85
FACULTY OF LANGUAGES AND LINGUISTICS,BACHELOR OF CHINESE LANGUAGE AND LINGUISTICS,bachelor-of-chinese-language-and-linguistics,Transcriptionist,31-9094.00,Medical Transcriptionists,curated,
FACULTY OF LANGUAGES AND LINGUISTICS,BACHELOR OF CHINESE LANGUAGE AND LINGUISTICS,bachelor-of-chinese-language-and-linguistics,Scriptwriter,27-3043.05,"Poets, Lyricists and Creative Writers",gemini,0.95
FACULTY OF LANGUAGES AND LINGUISTICS,BACHELOR OF CHINESE LANGUAGE AND LINGUISTICS,bachelor-of-chinese-language-and-linguistics,Voice-Over Artist,27-2011.00,Actors,curated,
FACULTY OF LANGUAGES AND LINGUISTICS,BACHELOR OF ARABIC LANGUAGE AND LINGUISTICS,bachelor-of-arabic-language-and-linguistics,Arabic Language Teacher,25-1124.00,"Foreign Language and Literature Teachers, Postsecondary",gemini,0.85
FACULTY OF LANGUAGES AND LINGUISTICS,BACHELOR OF ARABIC LANGUAGE AND LINGUISTICS,bachelor-of-arabic-language-and-linguistics,Translator,27-3091.00,Interpreters and Translators,curated,
FACULTY OF LANGUAGES AND LINGUISTICS,BACHELOR OF ARABIC LANGUAGE AND LINGUISTICS,bachelor-of-arabic-language-and-linguistics,Interpreter,27-3091.00,Interpreters and Translators,curated,
FACULTY OF LANGUAGES AND LINGUISTICS,BACHELOR OF ARABIC LANGUAGE AND LINGUISTICS,bachelor-of-arabic-language-and-linguistics,Linguistic Researcher,19-3099.00,"Social Scientists and Related Workers, All Other",gemini,0.9
FACULTY OF LANGUAGES AND LINGUISTICS,BACHELOR OF ARABIC LANGUAGE AND LINGUISTICS,bachelor-of-arabic-language-and-linguistics,Editor,27-3041.00,Editors,gemini,0.95
FACULTY OF LANGUAGES AND LINGUISTICS,BACHELOR OF ARABIC LANGUAGE AND LINGUISTICS,bachelor-of-arabic-language-and-linguistics,Proofreader,43-9081.00,Proofreaders and Copy Markers,curated,
FACULTY OF LANGUAGES AND LINGUISTICS,BACHELOR OF ARABIC LANGUAGE AND LINGUISTICS,bachelor-of-arabic-language-and-linguistics,Content Writer,27-3043.00,Writers and Authors,gemini,0.95
FACULTY OF LANGUAGES AND LINGUISTICS,BACHELOR OF ARABIC LANGUAGE AND LINGUISTICS,bachelor-of-arabic-language-and-linguistics,Copywriter,27-3043.00,Writers and Authors,curated,
FACULTY OF LANGUAGES AND LINGUISTICS,BACHELOR OF ARABIC LANGUAGE AND LINGUISTICS,bachelor-of-arabic-language-and-linguistics,Language Curriculum Developer,25-9031.00,Instructional Coordinators,gemini,0.9
FACULTY OF LANGUAGES AND LINGUISTICS,BACHELOR OF ARABIC LANGUAGE AND LINGUISTICS,bachelor-of-arabic-language-and-linguistics,Lexicographer,27-3043.00,Writers and Authors,gemini,0.85
FACULTY OF LANGUAGES AND LINGUISTICS,BACHELOR OF ARABIC LANGUAGE AND LINGUISTICS,bachelor-of-arabic-language-and-linguistics,Cultural Advisor,19-3099.00,"Social Scientists and Related Workers, All Other",gemini,0.8
FACULTY OF LANGUAGES AND LINGUISTICS,BACHELOR OF ARABIC LANGUAGE AND LINGUISTICS,bachelor-of-arabic-language-and-linguistics,Foreign Language Analyst,27-3091.00,Interpreters and Translators,gemini,0.85
FACULTY OF LANGUAGES AND LINGUISTICS,BACHELOR OF ARABIC LANGUAGE AND LINGUISTICS,bachelor-of-arabic-language-and-linguistics,Diplomatic Officer,,,unmapped,0.85
FACULTY OF LANGUAGES AND LINGUISTICS,BACHELOR OF ARABIC LANGUAGE AND LINGUISTICS,bachelor-of-arabic-language-and-linguistics,Embassy Staff,,,unmapped,0.85
FACULTY OF LANGUAGES AND LINGUISTICS,BACHELOR OF ARABIC LANGUAGE AND LINGUISTICS,bachelor-of-arabic-language-and-linguistics,Journalist,27-3023.00,"News Analysts, Reporters, and Journalists",curated,
FACULTY OF LANGUAGES AND LINGUISTICS,BACHELOR OF ARABIC LANGUAGE AND LINGUISTICS,bachelor-of-arabic-language-and-linguistics,News Broadcaster,27-3023.00,"News Analysts, Reporters, and Journalists",gemini,0.85
FACULTY OF LANGUAGES AND LINGUISTICS,BACHELOR OF ARABIC LANGUAGE AND LINGUISTICS,bachelor-of-arabic-language-and-linguistics,Subtitle Translator,27-3091.00,Interpreters and Translators,gemini,0.95
FACULTY OF LANGUAGES AND LINGUISTICS,BACHELOR OF ARABIC LANGUAGE AND LINGUISTICS,bachelor-of-arabic-language-and-linguistics,Academic Lecturer,25-1199.00,"Postsecondary Teachers, All Other",gemini,0.9
FACULTY OF LANGUAGES AND LINGUISTICS,BACHELOR OF ARABIC LANGUAGE AND LINGUISTICS,bachelor-of-arabic-language-and-linguistics,Arabic Calligraphy Artist,27-1013.00,"Fine Artists, Including Painters, Sculptors, and Illustrators",gemini,0.9
FACULTY OF LANGUAGES AND LINGUISTICS,BACHELOR OF ARABIC LANGUAGE AND LINGUISTICS,bachelor-of-arabic-language-and-linguistics,Publishing Assistant,27-3041.00,Editors,gemini,0.8
FACULTY OF LANGUAGES AND LINGUISTICS,BACHELOR OF ARABIC LANGUAGE AND LINGUISTICS,bachelor-of-arabic-language-and-linguistics,Tourism Officer,13-1199.00,"Business Operations Specialists, All Other",gemini,0.7
FACULTY OF LANGUAGES AND LINGUISTICS,BACHELOR OF ARABIC LANGUAGE AND LINGUISTICS,bachelor-of-arabic-language-and-linguistics,Heritage And Cultural Officer,25-4012.00,Curators,gemini,0.8
FACULTY OF LANGUAGES AND LINGUISTICS,BACHELOR OF ARABIC LANGUAGE AND LINGUISTICS,bachelor-of-arabic-language-and-linguistics,International Relations Officer,19-3094.00,Political Scientists,gemini,0.85
FACULTY OF LANGUAGES AND LINGUISTICS,BACHELOR OF ARABIC LANGUAGE AND LINGUISTICS,bachelor-of-arabic-language-and-linguistics,Religious Educator,21-2021.00,"Directors, Religious Activities and Education",gemini,0.9
FACULTY OF LANGUAGES AND LINGUISTICS,BACHELOR OF ARABIC LANGUAGE AND LINGUISTICS,bachelor-of-arabic-language-and-linguistics,Scriptwriter,27-3043.05,"Poets, Lyricists and Creative Writers",gemini,0.95
FACULTY OF LANGUAGES AND LINGUISTICS,BACHELOR OF ARABIC LANGUAGE AND LINGUISTICS,bachelor-of-arabic-language-and-linguistics,Voice-Over Artist,27-2011.00,Actors,curated,
FACULTY OF LANGUAGES AND LINGUISTICS,BACHELOR OF ARABIC LANGUAGE AND LINGUISTICS,bachelor-of-arabic-language-and-linguistics,Arabic Transcriptionist,43-9022.00,Word Processors and Typists,gemini,0.85
FACULTY OF LANGUAGES AND LINGUISTICS,BACHELOR OF ARABIC LANGUAGE AND LINGUISTICS,bachelor-of-arabic-language-and-linguistics,Communication Specialist,27-3031.00,Public Relations Specialists,gemini,0.95
FACULTY OF LANGUAGES AND LINGUISTICS,BACHELOR OF ARABIC LANGUAGE AND LINGUISTICS,bachelor-of-arabic-language-and-linguistics,Media Analyst,13-1161.00,Market Research Analysts and Marketing Specialists,gemini,0.75
FACULTY OF LANGUAGES AND LINGUISTICS,BACHELOR OF TAMIL LANGUAGE AND LINGUISTICS,bachelor-of-tamil-language-and-linguistics,Tamil Language Teacher,25-1124.00,"Foreign Language and Literature Teachers, Postsecondary",gemini,0.85
FACULTY OF LANGUAGES AND LINGUISTICS,BACHELOR OF TAMIL LANGUAGE AND LINGUISTICS,bachelor-of-tamil-language-and-linguistics,Translator,27-3091.00,Interpreters and Translators,curated,
FACULTY OF LANGUAGES AND LINGUISTICS,BACHELOR OF TAMIL LANGUAGE AND LINGUISTICS,bachelor-of-tamil-language-and-linguistics,Interpreter,27-3091.00,Interpreters and Translators,curated,
FACULTY OF LANGUAGES AND LINGUISTICS,BACHELOR OF TAMIL LANGUAGE AND LINGUISTICS,bachelor-of-tamil-language-and-linguistics,Editor,27-3041.00,Editors,gemini,0.95
FACULTY OF LANGUAGES AND LINGUISTICS,BACHELOR OF TAMIL LANGUAGE AND LINGUISTICS,bachelor-of-tamil-language-and-linguistics,Proofreader,43-9081.00,Proofreaders and Copy Markers,curated,
FACULTY OF LANGUAGES AND LINGUISTICS,BACHELOR OF TAMIL LANGUAGE AND LINGUISTICS,bachelor-of-tamil-language-and-linguistics,Content Writer,27-3043.00,Writers and Authors,gemini,0.95
FACULTY OF LANGUAGES AND LINGUISTICS,BACHELOR OF TAMIL LANGUAGE AND LINGUISTICS,bachelor-of-tamil-language-and-linguistics,Copywriter,27-3043.00,Writers and Authors,curated,
FACULTY OF LANGUAGES AND LINGUISTICS,BACHELOR OF TAMIL LANGUAGE AND LINGUISTICS,bachelor-of-tamil-language-and-linguistics,Journalist,27-3023.00,"News Analysts, Reporters, and Journalists",curated,
FACULTY OF LANGUAGES AND LINGUISTICS,BACHELOR OF TAMIL LANGUAGE AND LINGUISTICS,bachelor-of-tamil-language-and-linguistics,News Reporter,27-3023.00,"News Analysts, Reporters, and Journalists",curated,
FACULTY OF LANGUAGES AND LINGUISTICS,BACHELOR OF TAMIL LANGUAGE AND LINGUISTICS,bachelor-of-tamil-language-and-linguistics,Scriptwriter,27-3043.05,"Poets, Lyricists and Creative Writers",gemini,0.95
FACULTY OF LANGUAGES AND LINGUISTICS,BACHELOR OF TAMIL LANGUAGE AND LINGUISTICS,bachelor-of-tamil-language-and-linguistics,Media Analyst,13-1161.00,Market Research Analysts and Marketing Specialists,gemini,0.75
FACULTY OF LANGUAGES AND LINGUISTICS,BACHELOR OF TAMIL LANGUAGE AND LINGUISTICS,bachelor-of-tamil-language-and-linguistics,Communication Officer,27-3031.00,Public Relations Specialists,gemini,0.95
FACULTY OF LANGUAGES AND LINGUISTICS,BACHELOR OF TAMIL LANGUAGE AND LINGUISTICS,bachelor-of-tamil-language-and-linguistics,Public Relations Executive,27-3031.00,Public Relations Specialists,gemini,0.95
FACULTY OF LANGUAGES AND LINGUISTICS,BACHELOR OF TAMIL LANGUAGE AND LINGUISTICS,bachelor-of-tamil-language-and-linguistics,Academic Researcher,25-1199.00,"Postsecondary Teachers, All Other",gemini,0.75
FACULTY OF LANGUAGES AND LINGUISTICS,BACHELOR OF TAMIL LANGUAGE AND LINGUISTICS,bachelor-of-tamil-language-and-linguistics,Curriculum Developer,25-9031.00,Instructional Coordinators,gemini,0.95
FACULTY OF LANGUAGES AND LINGUISTICS,BACHELOR OF TAMIL LANGUAGE AND LINGUISTICS,bachelor-of-tamil-language-and-linguistics,Publishing Assistant,27-3041.00,Editors,gemini,0.8
FACULTY OF LANGUAGES AND LINGUISTICS,BACHELOR OF TAMIL LANGUAGE AND LINGUISTICS,bachelor-of-tamil-language-and-linguistics,Language Consultant,,,unmapped,0.7
FACULTY OF LANGUAGES AND LINGUISTICS,BACHELOR OF TAMIL LANGUAGE AND LINGUISTICS,bachelor-of-tamil-language-and-linguistics,Lexicographer,27-3043.00,Writers and Authors,gemini,0.85
FACULTY OF LANGUAGES AND LINGUISTICS,BACHELOR OF TAMIL LANGUAGE AND LINGUISTICS,bachelor-of-tamil-language-and-linguistics,Subtitle Translator,27-3091.00,Interpreters and Translators,gemini,0.95
FACULTY OF LANGUAGES AND LINGUISTICS,BACHELOR OF TAMIL LANGUAGE AND LINGUISTICS,bachelor-of-tamil-language-and-linguistics,Social Media Manager,11-2021.00,Marketing Managers,gemini,0.85
FACULTY OF LANGUAGES AND LINGUISTICS,BACHELOR OF TAMIL LANGUAGE AND LINGUISTICS,bachelor-of-tamil-language-and-linguistics,Cultural Advisor,19-3099.00,"Social Scientists and Related Workers, All Other",gemini,0.8
FACULTY OF LANGUAGES AND LINGUISTICS,BACHELOR OF TAMIL LANGUAGE AND LINGUISTICS,bachelor-of-tamil-language-and-linguistics,Tourism Officer,13-1199.00,"Business Operations Specialists, All Other",gemini,0.7
FACULTY OF LANGUAGES AND LINGUISTICS,BACHELOR OF TAMIL LANGUAGE AND LINGUISTICS,bachelor-of-tamil-language-and-linguistics,Embassy Staff,,,unmapped,0.85
FACULTY OF LANGUAGES AND LINGUISTICS,BACHELOR OF TAMIL LANGUAGE AND LINGUISTICS,bachelor-of-tamil-language-and-linguistics,Voice-Over Artist,27-2011.00,Actors,curated,
FACULTY OF LANGUAGES AND LINGUISTICS,BACHELOR OF TAMIL LANGUAGE AND LINGUISTICS,bachelor-of-tamil-language-and-linguistics,Transcriptionist,31-9094.00,Medical Transcriptionists,curated,
FACULTY OF LANGUAGES AND LINGUISTICS,BACHELOR OF TAMIL LANGUAGE AND LINGUISTICS,bachelor-of-tamil-language-and-linguistics,Education Officer,25-9031.00,Instructional Coordinators,gemini,0.85
FACULTY OF LANGUAGES AND LINGUISTICS,BACHELOR OF TAMIL LANGUAGE AND LINGUISTICS,bachelor-of-tamil-language-and-linguistics,Corporate Trainer,13-1151.00,Training and Development Specialists,curated,
FACULTY OF LANGUAGES AND LINGUISTICS,BACHELOR OF TAMIL LANGUAGE AND LINGUISTICS,bachelor-of-tamil-language-and-linguistics,Policy Writer,27-3043.00,Writers and Authors,gemini,0.8
FACULTY OF LANGUAGES AND LINGUISTICS,BACHELOR OF JAPANESE LANGUAGE AND LINGUISTICS,bachelor-of-japanese-language-and-linguistic,Japanese Language Teacher,25-1124.00,"Foreign Language and Literature Teachers, Postsecondary",gemini,0.95
FACULTY OF LANGUAGES AND LINGUISTICS,BACHELOR OF JAPANESE LANGUAGE AND LINGUISTICS,bachelor-of-japanese-language-and-linguistic,Translator,27-3091.00,Interpreters and Translators,curated,
FACULTY OF LANGUAGES AND LINGUISTICS,BACHELOR OF JAPANESE LANGUAGE AND LINGUISTICS,bachelor-of-japanese-language-and-linguistic,Interpreter,27-3091.00,Interpreters and Translators,curated,
FACULTY OF LANGUAGES AND LINGUISTICS,BACHELOR OF JAPANESE LANGUAGE AND LINGUISTICS,bachelor-of-japanese-language-and-linguistic,Content Writer,27-3043.00,Writers and Authors,gemini,0.95
FACULTY OF LANGUAGES AND LINGUISTICS,BACHELOR OF JAPANESE LANGUAGE AND LINGUISTICS,bachelor-of-japanese-language-and-linguistic,Copywriter,27-3043.00,Writers and Authors,curated,
FACULTY OF LANGUAGES AND LINGUISTICS,BACHELOR OF JAPANESE LANGUAGE AND LINGUISTICS,bachelor-of-japanese-language-and-linguistic,Editor,27-3041.00,Editors,gemini,0.95
FACULTY OF LANGUAGES AND LINGUISTICS,BACHELOR OF JAPANESE LANGUAGE AND LINGUISTICS,bachelor-of-japanese-language-and-linguistic,Proofreader,43-9081.00,Proofreaders and Copy Markers,curated,
FACULTY OF LANGUAGES AND LINGUISTICS,BACHELOR OF JAPANESE LANGUAGE AND LINGUISTICS,bachelor-of-japanese-language-and-linguistic,Subtitle Translator,27-3091.00,Interpreters and Translators,gemini,0.95
FACULTY OF LANGUAGES AND LINGUISTICS,BACHELOR OF JAPANESE LANGUAGE AND LINGUISTICS,bachelor-of-japanese-language-and-linguistic,Academic Researcher,25-1199.00,"Postsecondary Teachers, All Other",gemini,0.75
FACULTY OF LANGUAGES AND LINGUISTICS,BACHELOR OF JAPANESE LANGUAGE AND LINGUISTICS,bachelor-of-japanese-language-and-linguistic,Curriculum Developer,25-9031.00,Instructional Coordinators,gemini,0.95
FACULTY OF LANGUAGES AND LINGUISTICS,BACHELOR OF JAPANESE LANGUAGE AND LINGUISTICS,bachelor-of-japanese-language-and-linguistic,Publishing Assistant,27-3041.00,Editors,gemini,0.8
FACULTY OF LANGUAGES AND LINGUISTICS,BACHELOR OF JAPANESE LANGUAGE AND LINGUISTICS,bachelor-of-japanese-language-and-linguistic,Language Consultant,,,unmapped,0.7
FACULTY OF LANGUAGES AND LINGUISTICS,BACHELOR OF JAPANESE LANGUAGE AND LINGUISTICS,bachelor-of-japanese-language-and-linguistic,Lexicographer,27-3043.00,Writers and Authors,gemini,0.85
FACULTY OF LANGUAGES AND LINGUISTICS,BACHELOR OF JAPANESE LANGUAGE AND LINGUISTICS,bachelor-of-japanese-language-and-linguistic,Cultural Advisor,19-3099.00,"Social Scientists and Related Workers, All Other",gemini,0.8
FACULTY OF LANGUAGES AND LINGUISTICS,BACHELOR OF JAPANESE LANGUAGE AND LINGUISTICS,bachelor-of-japanese-language-and-linguistic,Communication Officer,27-3031.00,Public Relations Specialists,gemini,0.95
FACULTY OF LANGUAGES AND LINGUISTICS,BACHELOR OF JAPANESE LANGUAGE AND LINGUISTICS,bachelor-of-japanese-language-and-linguistic,Public Relations Executive,27-3031.00,Public Relations Specialists,gemini,0.95
FACULTY OF LANGUAGES AND LINGUISTICS,BACHELOR OF JAPANESE LANGUAGE AND LINGUISTICS,bachelor-of-japanese-language-and-linguistic,Corporate Trainer,13-1151.00,Training and Development Specialists,curated,
FACULTY OF LANGUAGES AND LINGUISTICS,BACHELOR OF JAPANESE LANGUAGE AND LINGUISTICS,bachelor-of-japanese-language-and-linguistic,International Relations Officer,19-3094.00,Political Scientists,gemini,0.85
FACULTY OF LANGUAGES AND LINGUISTICS,BACHELOR OF JAPANESE LANGUAGE AND LINGUISTICS,bachelor-of-japanese-language-and-linguistic,Tourism Officer,13-1199.00,"Business Operations Specialists, All Other",gemini,0.7
FACULTY OF LANGUAGES AND LINGUISTICS,BACHELOR OF JAPANESE LANGUAGE AND LINGUISTICS,bachelor-of-japanese-language-and-linguistic,Embassy Staff,,,unmapped,0.85
FACULTY OF LANGUAGES AND LINGUISTICS,BACHELOR OF JAPANESE LANGUAGE AND LINGUISTICS,bachelor-of-japanese-language-and-linguistic,Customer Service Executive,43-4051.00,Customer Service Representatives,gemini,0.95
FACULTY OF LANGUAGES AND LINGUISTICS,BACHELOR OF JAPANESE LANGUAGE AND LINGUISTICS,bachelor-of-japanese-language-and-linguistic,Media Analyst,13-1161.00,Market Research Analysts and Marketing Specialists,gemini,0.75
FACULTY OF LANGUAGES AND LINGUISTICS,BACHELOR OF JAPANESE LANGUAGE AND LINGUISTICS,bachelor-of-japanese-language-and-linguistic,Journalist,27-3023.00,"News Analysts, Reporters, and Journalists",curated,
FACULTY OF LANGUAGES AND LINGUISTICS,BACHELOR OF JAPANESE LANGUAGE AND LINGUISTICS,bachelor-of-japanese-language-and-linguistic,Scriptwriter,27-3043.05,"Poets, Lyricists and Creative Writers",gemini,0.95
FACULTY OF LANGUAGES AND LINGUISTICS,BACHELOR OF JAPANESE LANGUAGE AND LINGUISTICS,bachelor-of-japanese-language-and-linguistic,Voice-Over Artist,27-2011.00,Actors,curated,
FACULTY OF LANGUAGES AND LINGUISTICS,BACHELOR OF JAPANESE LANGUAGE AND LINGUISTICS,bachelor-of-japanese-language-and-linguistic,Transcriptionist,31-9094.00,Medical Transcriptionists,curated,
FACULTY OF LANGUAGES AND LINGUISTICS,BACHELOR OF JAPANESE LANGUAGE AND LINGUISTICS,bachelor-of-japanese-language-and-linguistic,Education Officer,25-9031.00,Instructional Coordinators,gemini,0.85
FACULTY OF LANGUAGES AND LINGUISTICS,BACHELOR OF JAPANESE LANGUAGE AND LINGUISTICS,bachelor-of-japanese-language-and-linguistic,Localization Specialist,27-3091.00,Interpreters and Translators,gemini,0.85
FACULTY OF LANGUAGES AND LINGUISTICS,BACHELOR OF FRENCH LANGUAGE AND LINGUISTICS,bachelor-of-french-language-and-linguistics,French Language Teacher,25-1124.00,"Foreign Language and Literature Teachers, Postsecondary",gemini,0.85
FACULTY OF LANGUAGES AND LINGUISTICS,BACHELOR OF FRENCH LANGUAGE AND LINGUISTICS,bachelor-of-french-language-and-linguistics,Translator,27-3091.00,Interpreters and Translators,curated,
FACULTY OF LANGUAGES AND LINGUISTICS,BACHELOR OF FRENCH LANGUAGE AND LINGUISTICS,bachelor-of-french-language-and-linguistics,Interpreter,27-3091.00,Interpreters and Translators,curated,
FACULTY OF LANGUAGES AND LINGUISTICS,BACHELOR OF FRENCH LANGUAGE AND LINGUISTICS,bachelor-of-french-language-and-linguistics,Editor,27-3041.00,Editors,gemini,0.95
FACULTY OF LANGUAGES AND LINGUISTICS,BACHELOR OF FRENCH LANGUAGE AND LINGUISTICS,bachelor-of-french-language-and-linguistics,Proofreader,43-9081.00,Proofreaders and Copy Markers,curated,
FACULTY OF LANGUAGES AND LINGUISTICS,BACHELOR OF FRENCH LANGUAGE AND LINGUISTICS,bachelor-of-french-language-and-linguistics,Content Writer,27-3043.00,Writers and Authors,gemini,0.95
FACULTY OF LANGUAGES AND LINGUISTICS,BACHELOR OF FRENCH LANGUAGE AND LINGUISTICS,bachelor-of-french-language-and-linguistics,Copywriter,27-3043.00,Writers and Authors,curated,
FACULTY OF LANGUAGES AND LINGUISTICS,BACHELOR OF FRENCH LANGUAGE AND LINGUISTICS,bachelor-of-french-language-and-linguistics,Journalist,27-3023.00,"News Analysts, Reporters, and Journalists",curated,
FACULTY OF LANGUAGES AND LINGUISTICS,BACHELOR OF FRENCH LANGUAGE AND LINGUISTICS,bachelor-of-french-language-and-linguistics,Subtitle Translator,27-3091.00,Interpreters and Translators,gemini,0.95
FACULTY OF LANGUAGES AND LINGUISTICS,BACHELOR OF FRENCH LANGUAGE AND LINGUISTICS,bachelor-of-french-language-and-linguistics,Communication Officer,27-3031.00,Public Relations Specialists,gemini,0.95
FACULTY OF LANGUAGES AND LINGUISTICS,BACHELOR OF FRENCH LANGUAGE AND LINGUISTICS,bachelor-of-french-language-and-linguistics,Public Relations Executive,27-3031.00,Public Relations Specialists,gemini,0.95
FACULTY OF LANGUAGES AND LINGUISTICS,BACHELOR OF FRENCH LANGUAGE AND LINGUISTICS,bachelor-of-french-language-and-linguistics,Media Analyst,13-1161.00,Market Research Analysts and Marketing Specialists,gemini,0.75
FACULTY OF LANGUAGES AND LINGUISTICS,BACHELOR OF FRENCH LANGUAGE AND LINGUISTICS,bachelor-of-french-language-and-linguistics,Academic Researcher,25-1199.00,"Postsecondary Teachers, All Other",gemini,0.75
FACULTY OF LANGUAGES AND LINGUISTICS,BACHELOR OF FRENCH LANGUAGE AND LINGUISTICS,bachelor-of-french-language-and-linguistics,Curriculum Developer,25-9031.00,Instructional Coordinators,gemini,0.95
FACULTY OF LANGUAGES AND LINGUISTICS,BACHELOR OF FRENCH LANGUAGE AND LINGUISTICS,bachelor-of-french-language-and-linguistics,Language Consultant,,,unmapped,0.7
FACULTY OF LANGUAGES AND LINGUISTICS,BACHELOR OF FRENCH LANGUAGE AND LINGUISTICS,bachelor-of-french-language-and-linguistics,Lexicographer,27-3043.00,Writers and Authors,gemini,0.85
FACULTY OF LANGUAGES AND LINGUISTICS,BACHELOR OF FRENCH LANGUAGE AND LINGUISTICS,bachelor-of-french-language-and-linguistics,Publishing Assistant,27-3041.00,Editors,gemini,0.8
FACULTY OF LANGUAGES AND LINGUISTICS,BACHELOR OF FRENCH LANGUAGE AND LINGUISTICS,bachelor-of-french-language-and-linguistics,Cultural Advisor,19-3099.00,"Social Scientists and Related Workers, All Other",gemini,0.8
FACULTY OF LANGUAGES AND LINGUISTICS,BACHELOR OF FRENCH LANGUAGE AND LINGUISTICS,bachelor-of-french-language-and-linguistics,International Relations Officer,19-3094.00,Political Scientists,gemini,0.85
FACULTY OF LANGUAGES AND LINGUISTICS,BACHELOR OF FRENCH LANGUAGE AND LINGUISTICS,bachelor-of-french-language-and-linguistics,Embassy Staff,,,unmapped,0.85
FACULTY OF LANGUAGES AND LINGUISTICS,BACHELOR OF FRENCH LANGUAGE AND LINGUISTICS,bachelor-of-french-language-and-linguistics,Tourism Officer,13-1199.00,"Business Operations Specialists, All Other",gemini,0.7
FACULTY OF LANGUAGES AND LINGUISTICS,BACHELOR OF FRENCH LANGUAGE AND LINGUISTICS,bachelor-of-french-language-and-linguistics,Corporate Trainer,13-1151.00,Training and Development Specialists,curated,
FACULTY OF LANGUAGES AND LINGUISTICS,BACHELOR OF FRENCH LANGUAGE AND LINGUISTICS,bachelor-of-french-language-and-linguistics,Education Officer,25-9031.00,Instructional Coordinators,gemini,0.85
FACULTY OF LANGUAGES AND LINGUISTICS,BACHELOR OF FRENCH LANGUAGE AND LINGUISTICS,bachelor-of-french-language-and-linguistics,Voice-Over Artist,27-2011.00,Actors,curated,
FACULTY OF LANGUAGES AND LINGUISTICS,BACHELOR OF FRENCH LANGUAGE AND LINGUISTICS,bachelor-of-french-language-and-linguistics,Transcriptionist,31-9094.00,Medical Transcriptionists,curated,
FACULTY OF LANGUAGES AND LINGUISTICS,BACHELOR OF FRENCH LANGUAGE AND LINGUISTICS,bachelor-of-french-language-and-linguistics,Localization Specialist,27-3091.00,Interpreters and Translators,gemini,0.85
FACULTY OF LANGUAGES AND LINGUISTICS,BACHELOR OF FRENCH LANGUAGE AND LINGUISTICS,bachelor-of-french-language-and-linguistics,Customer Service Executive,43-4051.00,Customer Service Representatives,gemini,0.95
FACULTY OF LANGUAGES AND LINGUISTICS,BACHELOR OF FRENCH LANGUAGE AND LINGUISTICS,bachelor-of-french-language-and-linguistics,Scriptwriter,27-3043.05,"Poets, Lyricists and Creative Writers",gemini,0.95
FACULTY OF LANGUAGES AND LINGUISTICS,BACHELOR OF GERMAN LANGUAGE AND LINGUISTICS,bachelor-of-german-language-and-linguistics,German Language Teacher,25-1124.00,"Foreign Language and Literature Teachers, Postsecondary",gemini,0.85
FACULTY OF LANGUAGES AND LINGUISTICS,BACHELOR OF GERMAN LANGUAGE AND LINGUISTICS,bachelor-of-german-language-and-linguistics,Translator,27-3091.00,Interpreters and Translators,curated,
FACULTY OF LANGUAGES AND LINGUISTICS,BACHELOR OF GERMAN LANGUAGE AND LINGUISTICS,bachelor-of-german-language-and-linguistics,Interpreter,27-3091.00,Interpreters and Translators,curated,
FACULTY OF LANGUAGES AND LINGUISTICS,BACHELOR OF GERMAN LANGUAGE AND LINGUISTICS,bachelor-of-german-language-and-linguistics,Editor,27-3041.00,Editors,gemini,0.95
FACULTY OF LANGUAGES AND LINGUISTICS,BACHELOR OF GERMAN LANGUAGE AND LINGUISTICS,bachelor-of-german-language-and-linguistics,Proofreader,43-9081.00,Proofreaders and Copy Markers,curated,
FACULTY OF LANGUAGES AND LINGUISTICS,BACHELOR OF GERMAN LANGUAGE AND LINGUISTICS,bachelor-of-german-language-and-linguistics,Content Writer,27-3043.00,Writers and Authors,gemini,0.95
FACULTY OF LANGUAGES AND LINGUISTICS,BACHELOR OF GERMAN LANGUAGE AND LINGUISTICS,bachelor-of-german-language-and-linguistics,Copywriter,27-3043.00,Writers and Authors,curated,
FACULTY OF LANGUAGES AND LINGUISTICS,BACHELOR OF GERMAN LANGUAGE AND LINGUISTICS,bachelor-of-german-language-and-linguistics,Journalist,27-3023.00,"News Analysts, Reporters, and Journalists",curated,
FACULTY OF LANGUAGES AND LINGUISTICS,BACHELOR OF GERMAN LANGUAGE AND LINGUISTICS,bachelor-of-german-language-and-linguistics,Subtitle Translator,27-3091.00,Interpreters and Translators,gemini,0.95
FACULTY OF LANGUAGES AND LINGUISTICS,BACHELOR OF GERMAN LANGUAGE AND LINGUISTICS,bachelor-of-german-language-and-linguistics,Communication Officer,27-3031.00,Public Relations Specialists,gemini,0.95
FACULTY OF LANGUAGES AND LINGUISTICS,BACHELOR OF GERMAN LANGUAGE AND LINGUISTICS,bachelor-of-german-language-and-linguistics,Public Relations Executive,27-3031.00,Public Relations Specialists,gemini,0.95
FACULTY OF LANGUAGES AND LINGUISTICS,BACHELOR OF GERMAN LANGUAGE AND LINGUISTICS,bachelor-of-german-language-and-linguistics,Media Analyst,13-1161.00,Market Research Analysts and Marketing Specialists,gemini,0.75
FACULTY OF LANGUAGES AND LINGUISTICS,BACHELOR OF GERMAN LANGUAGE AND LINGUISTICS,bachelor-of-german-language-and-linguistics,Academic Researcher,25-1199.00,"Postsecondary Teachers, All Other",gemini,0.75
FACULTY OF LANGUAGES AND LINGUISTICS,BACHELOR OF GERMAN LANGUAGE AND LINGUISTICS,bachelor-of-german-language-and-linguistics,Curriculum Developer,25-9031.00,Instructional Coordinators,gemini,0.95
FACULTY OF LANGUAGES AND LINGUISTICS,BACHELOR OF GERMAN LANGUAGE AND LINGUISTICS,bachelor-of-german-language-and-linguistics,Language Consultant,,,unmapped,0.7
FACULTY OF LANGUAGES AND LINGUISTICS,BACHELOR OF GERMAN LANGUAGE AND LINGUISTICS,bachelor-of-german-language-and-linguistics,Lexicographer,27-3043.00,Writers and Authors,gemini,0.85
FACULTY OF LANGUAGES AND LINGUISTICS,BACHELOR OF GERMAN LANGUAGE AND LINGUISTICS,bachelor-of-german-language-and-linguistics,Publishing Assistant,27-3041.00,Editors,gemini,0.8
FACULTY OF LANGUAGES AND LINGUISTICS,BACHELOR OF GERMAN LANGUAGE AND LINGUISTICS,bachelor-of-german-language-and-linguistics,Cultural Advisor,19-3099.00,"Social Scientists and Related Workers, All Other",gemini,0.8
FACULTY OF LANGUAGES AND LINGUISTICS,BACHELOR OF GERMAN LANGUAGE AND LINGUISTICS,bachelor-of-german-language-and-linguistics,International Relations Officer,19-3094.00,Political Scientists,gemini,0.85
FACULTY OF LANGUAGES AND LINGUISTICS,BACHELOR OF GERMAN LANGUAGE AND LINGUISTICS,bachelor-of-german-language-and-linguistics,Embassy Staff,,,unmapped,0.85
FACULTY OF LANGUAGES AND LINGUISTICS,BACHELOR OF GERMAN LANGUAGE AND LINGUISTICS,bachelor-of-german-language-and-linguistics,Tourism Officer,13-1199.00,"Business Operations Specialists, All Other",gemini,0.7
FACULTY OF LANGUAGES AND LINGUISTICS,BACHELOR OF GERMAN LANGUAGE AND LINGUISTICS,bachelor-of-german-language-and-linguistics,Corporate Trainer,13-1151.00,Training and Development Specialists,curated,
FACULTY OF LANGUAGES AND LINGUISTICS,BACHELOR OF GERMAN LANGUAGE AND LINGUISTICS,bachelor-of-german-language-and-linguistics,Education Officer,25-9031.00,Instructional Coordinators,gemini,0.85
FACULTY OF LANGUAGES AND LINGUISTICS,BACHELOR OF GERMAN LANGUAGE AND LINGUISTICS,bachelor-of-german-language-and-linguistics,Voice-Over Artist,27-2011.00,Actors,curated,
FACULTY OF LANGUAGES AND LINGUISTICS,BACHELOR OF GERMAN LANGUAGE AND LINGUISTICS,bachelor-of-german-language-and-linguistics,Transcriptionist,31-9094.00,Medical Transcriptionists,curated,
FACULTY OF LANGUAGES AND LINGUISTICS,BACHELOR OF GERMAN LANGUAGE AND LINGUISTICS,bachelor-of-german-language-and-linguistics,Localization Specialist,27-3091.00,Interpreters and Translators,gemini,0.85
FACULTY OF LANGUAGES AND LINGUISTICS,BACHELOR OF GERMAN LANGUAGE AND LINGUISTICS,bachelor-of-german-language-and-linguistics,Customer Service Executive,43-4051.00,Customer Service Representatives,gemini,0.95
FACULTY OF LANGUAGES AND LINGUISTICS,BACHELOR OF GERMAN LANGUAGE AND LINGUISTICS,bachelor-of-german-language-and-linguistics,Scriptwriter,27-3043.05,"Poets, Lyricists and Creative Writers",gemini,0.95
FACULTY OF LANGUAGES AND LINGUISTICS,BACHELOR OF SPANISH LANGUAGE AND LINGUISTICS,bachelor-of-spanish-language-and-linguistics,Spanish Language Teacher,25-1124.00,"Foreign Language and Literature Teachers, Postsecondary",gemini,0.85
FACULTY OF LANGUAGES AND LINGUISTICS,BACHELOR OF SPANISH LANGUAGE AND LINGUISTICS,bachelor-of-spanish-language-and-linguistics,Translator,27-3091.00,Interpreters and Translators,curated,
FACULTY OF LANGUAGES AND LINGUISTICS,BACHELOR OF SPANISH LANGUAGE AND LINGUISTICS,bachelor-of-spanish-language-and-linguistics,Interpreter,27-3091.00,Interpreters and Translators,curated,
FACULTY OF LANGUAGES AND LINGUISTICS,BACHELOR OF SPANISH LANGUAGE AND LINGUISTICS,bachelor-of-spanish-language-and-linguistics,Editor,27-3041.00,Editors,gemini,0.95
FACULTY OF LANGUAGES AND LINGUISTICS,BACHELOR OF SPANISH LANGUAGE AND LINGUISTICS,bachelor-of-spanish-language-and-linguistics,Proofreader,43-9081.00,Proofreaders and Copy Markers,curated,
FACULTY OF LANGUAGES AND LINGUISTICS,BACHELOR OF SPANISH LANGUAGE AND LINGUISTICS,bachelor-of-spanish-language-and-linguistics,Content Writer,27-3043.00,Writers and Authors,gemini,0.95
FACULTY OF LANGUAGES AND LINGUISTICS,BACHELOR OF SPANISH LANGUAGE AND LINGUISTICS,bachelor-of-spanish-language-and-linguistics,Copywriter,27-3043.00,Writers and Authors,curated,
FACULTY OF LANGUAGES AND LINGUISTICS,BACHELOR OF SPANISH LANGUAGE AND LINGUISTICS,bachelor-of-spanish-language-and-linguistics,Journalist,27-3023.00,"News Analysts, Reporters, and Journalists",curated,
FACULTY OF LANGUAGES AND LINGUISTICS,BACHELOR OF SPANISH LANGUAGE AND LINGUISTICS,bachelor-of-spanish-language-and-linguistics,Subtitle Translator,27-3091.00,Interpreters and Translators,gemini,0.95
FACULTY OF LANGUAGES AND LINGUISTICS,BACHELOR OF SPANISH LANGUAGE AND LINGUISTICS,bachelor-of-spanish-language-and-linguistics,Scriptwriter,27-3043.05,"Poets, Lyricists and Creative Writers",gemini,0.95
FACULTY OF LANGUAGES AND LINGUISTICS,BACHELOR OF SPANISH LANGUAGE AND LINGUISTICS,bachelor-of-spanish-language-and-linguistics,Communication Officer,27-3031.00,Public Relations Specialists,gemini,0.95
FACULTY OF LANGUAGES AND LINGUISTICS,BACHELOR OF SPANISH LANGUAGE AND LINGUISTICS,bachelor-of-spanish-language-and-linguistics,Public Relations Executive,27-3031.00,Public Relations Specialists,gemini,0.95
FACULTY OF LANGUAGES AND LINGUISTICS,BACHELOR OF SPANISH LANGUAGE AND LINGUISTICS,bachelor-of-spanish-language-and-linguistics,Media Analyst,13-1161.00,Market Research Analysts and Marketing Specialists,gemini,0.75
FACULTY OF LANGUAGES AND LINGUISTICS,BACHELOR OF SPANISH LANGUAGE AND LINGUISTICS,bachelor-of-spanish-language-and-linguistics,Academic Researcher,25-1199.00,"Postsecondary Teachers, All Other",gemini,0.75
FACULTY OF LANGUAGES AND LINGUISTICS,BACHELOR OF SPANISH LANGUAGE AND LINGUISTICS,bachelor-of-spanish-language-and-linguistics,Curriculum Developer,25-9031.00,Instructional Coordinators,gemini,0.95
FACULTY OF LANGUAGES AND LINGUISTICS,BACHELOR OF SPANISH LANGUAGE AND LINGUISTICS,bachelor-of-spanish-language-and-linguistics,Language Consultant,,,unmapped,0.7
FACULTY OF LANGUAGES AND LINGUISTICS,BACHELOR OF SPANISH LANGUAGE AND LINGUISTICS,bachelor-of-spanish-language-and-linguistics,Lexicographer,27-3043.00,Writers and Authors,gemini,0.85
FACULTY OF LANGUAGES AND LINGUISTICS,BACHELOR OF SPANISH LANGUAGE AND LINGUISTICS,bachelor-of-spanish-language-and-linguistics,Publishing Assistant,27-3041.00,Editors,gemini,0.8
FACULTY OF LANGUAGES AND LINGUISTICS,BACHELOR OF SPANISH LANGUAGE AND LINGUISTICS,bachelor-of-spanish-language-and-linguistics,Cultural Advisor,19-3099.00,"Social Scientists and Related Workers, All Other",gemini,0.8
FACULTY OF LANGUAGES AND LINGUISTICS,BACHELOR OF SPANISH LANGUAGE AND LINGUISTICS,bachelor-of-spanish-language-and-linguistics,International Relations Officer,19-3094.00,Political Scientists,gemini,0.85
FACULTY OF LANGUAGES AND LINGUISTICS,BACHELOR OF SPANISH LANGUAGE AND LINGUISTICS,bachelor-of-spanish-language-and-linguistics,Embassy Staff,,,unmapped,0.85
FACULTY OF LANGUAGES AND LINGUISTICS,BACHELOR OF SPANISH LANGUAGE AND LINGUISTICS,bachelor-of-spanish-language-and-linguistics,Tourism Officer,13-1199.00,"Business Operations Specialists, All Other",gemini,0.7
FACULTY OF LANGUAGES AND LINGUISTICS,BACHELOR OF SPANISH LANGUAGE AND LINGUISTICS,bachelor-of-spanish-language-and-linguistics,Education Officer,25-9031.00,Instructional Coordinators,gemini,0.85
FACULTY OF LANGUAGES AND LINGUISTICS,BACHELOR OF SPANISH LANGUAGE AND LINGUISTICS,bachelor-of-spanish-language-and-linguistics,Corporate Trainer,13-1151.00,Training and Development Specialists,curated,
FACULTY OF LANGUAGES AND LINGUISTICS,BACHELOR OF SPANISH LANGUAGE AND LINGUISTICS,bachelor-of-spanish-language-and-linguistics,Customer Service Executive,43-4051.00,Customer Service Representatives,gemini,0.95
FACULTY OF LANGUAGES AND LINGUISTICS,BACHELOR OF SPANISH LANGUAGE AND LINGUISTICS,bachelor-of-spanish-language-and-linguistics,Voice-Over Artist,27-2011.00,Actors,curated,
FACULTY OF LANGUAGES AND LINGUISTICS,BACHELOR OF SPANISH LANGUAGE AND LINGUISTICS,bachelor-of-spanish-language-and-linguistics,Transcriptionist,31-9094.00,Medical Transcriptionists,curated,
FACULTY OF LANGUAGES AND LINGUISTICS,BACHELOR OF SPANISH LANGUAGE AND LINGUISTICS,bachelor-of-spanish-language-and-linguistics,Localization Specialist,27-3091.00,Interpreters and Translators,gemini,0.85
FACULTY OF LANGUAGES AND LINGUISTICS,BACHELOR OF ITALIAN LANGUAGE AND LINGUISTICS,bachelor-of-italian-language-and-linguistics,Italian Language Teacher,25-1124.00,"Foreign Language and Literature Teachers, Postsecondary",gemini,0.95
FACULTY OF LANGUAGES AND LINGUISTICS,BACHELOR OF ITALIAN LANGUAGE AND LINGUISTICS,bachelor-of-italian-language-and-linguistics,Translator,27-3091.00,Interpreters and Translators,curated,
FACULTY OF LANGUAGES AND LINGUISTICS,BACHELOR OF ITALIAN LANGUAGE AND LINGUISTICS,bachelor-of-italian-language-and-linguistics,Interpreter,27-3091.00,Interpreters and Translators,curated,
FACULTY OF LANGUAGES AND LINGUISTICS,BACHELOR OF ITALIAN LANGUAGE AND LINGUISTICS,bachelor-of-italian-language-and-linguistics,Editor,27-3041.00,Editors,gemini,0.95
FACULTY OF LANGUAGES AND LINGUISTICS,BACHELOR OF ITALIAN LANGUAGE AND LINGUISTICS,bachelor-of-italian-language-and-linguistics,Proofreader,43-9081.00,Proofreaders and Copy Markers,curated,
FACULTY OF LANGUAGES AND LINGUISTICS,BACHELOR OF ITALIAN LANGUAGE AND LINGUISTICS,bachelor-of-italian-language-and-linguistics,Content Writer,27-3043.00,Writers and Authors,gemini,0.95
FACULTY OF LANGUAGES AND LINGUISTICS,BACHELOR OF ITALIAN LANGUAGE AND LINGUISTICS,bachelor-of-italian-language-and-linguistics,Copywriter,27-3043.00,Writers and Authors,curated,
FACULTY OF LANGUAGES AND LINGUISTICS,BACHELOR OF ITALIAN LANGUAGE AND LINGUISTICS,bachelor-of-italian-language-and-linguistics,Journalist,27-3023.00,"News Analysts, Reporters, and Journalists",curated,
FACULTY OF LANGUAGES AND LINGUISTICS,BACHELOR OF ITALIAN LANGUAGE AND LINGUISTICS,bachelor-of-italian-language-and-linguistics,Subtitle Translator,27-3091.00,Interpreters and Translators,gemini,0.95
FACULTY OF LANGUAGES AND LINGUISTICS,BACHELOR OF ITALIAN LANGUAGE AND LINGUISTICS,bachelor-of-italian-language-and-linguistics,Scriptwriter,27-3043.05,"Poets, Lyricists and Creative Writers",gemini,0.95
FACULTY OF LANGUAGES AND LINGUISTICS,BACHELOR OF ITALIAN LANGUAGE AND LINGUISTICS,bachelor-of-italian-language-and-linguistics,Communication Officer,27-3031.00,Public Relations Specialists,gemini,0.95
FACULTY OF LANGUAGES AND LINGUISTICS,BACHELOR OF ITALIAN LANGUAGE AND LINGUISTICS,bachelor-of-italian-language-and-linguistics,Public Relations Executive,27-3031.00,Public Relations Specialists,gemini,0.95
FACULTY OF LANGUAGES AND LINGUISTICS,BACHELOR OF ITALIAN LANGUAGE AND LINGUISTICS,bachelor-of-italian-language-and-linguistics,Media Analyst,13-1161.00,Market Research Analysts and Marketing Specialists,gemini,0.75
FACULTY OF LANGUAGES AND LINGUISTICS,BACHELOR OF ITALIAN LANGUAGE AND LINGUISTICS,bachelor-of-italian-language-and-linguistics,Academic Researcher,25-1199.00,"Postsecondary Teachers, All Other",gemini,0.75
FACULTY OF LANGUAGES AND LINGUISTICS,BACHELOR OF ITALIAN LANGUAGE AND LINGUISTICS,bachelor-of-italian-language-and-linguistics,Curriculum Developer,25-9031.00,Instructional Coordinators,gemini,0.95
FACULTY OF LANGUAGES AND LINGUISTICS,BACHELOR OF ITALIAN LANGUAGE AND LINGUISTICS,bachelor-of-italian-language-and-linguistics,Language Consultant,,,unmapped,0.7
FACULTY OF LANGUAGES AND LINGUISTICS,BACHELOR OF ITALIAN LANGUAGE AND LINGUISTICS,bachelor-of-italian-language-and-linguistics,Lexicographer,27-3043.00,Writers and Authors,gemini,0.85
FACULTY OF LANGUAGES AND LINGUISTICS,BACHELOR OF ITALIAN LANGUAGE AND LINGUISTICS,bachelor-of-italian-language-and-linguistics,Publishing Assistant,27-3041.00,Editors,gemini,0.8
FACULTY OF LANGUAGES AND LINGUISTICS,BACHELOR OF ITALIAN LANGUAGE AND LINGUISTICS,bachelor-of-italian-language-and-linguistics,Cultural Advisor,19-3099.00,"Social Scientists and Related Workers, All Other",gemini,0.8
FACULTY OF LANGUAGES AND LINGUISTICS,BACHELOR OF ITALIAN LANGUAGE AND LINGUISTICS,bachelor-of-italian-language-and-linguistics,International Relations Officer,19-3094.00,Political Scientists,gemini,0.85
FACULTY OF LANGUAGES AND LINGUISTICS,BACHELOR OF ITALIAN LANGUAGE AND LINGUISTICS,bachelor-of-italian-language-and-linguistics,Embassy Staff,,,unmapped,0.85
FACULTY OF LANGUAGES AND LINGUISTICS,BACHELOR OF ITALIAN LANGUAGE AND LINGUISTICS,bachelor-of-italian-language-and-linguistics,Tourism Officer,13-1199.00,"Business Operations Specialists, All Other",gemini,0.7
FACULTY OF LANGUAGES AND LINGUISTICS,BACHELOR OF ITALIAN LANGUAGE AND LINGUISTICS,bachelor-of-italian-language-and-linguistics,Education Officer,25-9031.00,Instructional Coordinators,gemini,0.85
FACULTY OF LANGUAGES AND LINGUISTICS,BACHELOR OF ITALIAN LANGUAGE AND LINGUISTICS,bachelor-of-italian-language-and-linguistics,Corporate Trainer,13-1151.00,Training and Development Specialists,curated,
FACULTY OF LANGUAGES AND LINGUISTICS,BACHELOR OF ITALIAN LANGUAGE AND LINGUISTICS,bachelor-of-italian-language-and-linguistics,Customer Service Executive,43-4051.00,Customer Service Representatives,gemini,0.95
FACULTY OF LANGUAGES AND LINGUISTICS,BACHELOR OF ITALIAN LANGUAGE AND LINGUISTICS,bachelor-of-italian-language-and-linguistics,Voice-Over Artist,27-2011.00,Actors,curated,
FACULTY OF LANGUAGES AND LINGUISTICS,BACHELOR OF ITALIAN LANGUAGE AND LINGUISTICS,bachelor-of-italian-language-and-linguistics,Transcriptionist,31-9094.00,Medical Transcriptionists,curated,
FACULTY OF LANGUAGES AND LINGUISTICS,BACHELOR OF ITALIAN LANGUAGE AND LINGUISTICS,bachelor-of-italian-language-and-linguistics,Localization Specialist,27-3091.00,Interpreters and Translators,gemini,0.85
FACULTY OF LAW,BACHELOR OF LAWS,Bachelor-of-laws,Advocate and Solicitor,23-1011.00,Lawyers,gemini,0.98
FACULTY OF LAW,BACHELOR OF LAWS,Bachelor-of-laws,Legal Consultant,23-1011.00,Lawyers,gemini,0.95
FACULTY OF LAW,BACHELOR OF LAWS,Bachelor-of-laws,Corporate Lawyer,23-1011.00,Lawyers,gemini,0.95
FACULTY OF LAW,BACHELOR OF LAWS,Bachelor-of-laws,Criminal Lawyer,23-1011.00,Lawyers,gemini,0.95
FACULTY OF LAW,BACHELOR OF LAWS,Bachelor-of-laws,Family Lawyer,23-1011.00,Lawyers,gemini,0.95
FACULTY OF LAW,BACHELOR OF LAWS,Bachelor-of-laws,Employment Lawyer,23-1011.00,Lawyers,gemini,0.95
FACULTY OF LAW,BACHELOR OF LAWS,Bachelor-of-laws,Intellectual Property Lawyer,23-1011.00,Lawyers,gemini,0.98
FACULTY OF LAW,BACHELOR OF LAWS,Bachelor-of-laws,Real Estate Lawyer,23-1011.00,Lawyers,gemini,0.95
FACULTY OF LAW,BACHELOR OF LAWS,Bachelor-of-laws,Environmental Lawyer,23-1011.00,Lawyers,gemini,0.95
FACULTY OF LAW,BACHELOR OF LAWS,Bachelor-of-laws,International Lawyer,23-1011.00,Lawyers,gemini,0.98
FACULTY OF LAW,BACHELOR OF LAWS,Bachelor-of-laws,Academic/Legal Educator,25-1112.00,"Law Teachers, Postsecondary",gemini,0.9
FACULTY OF LAW,BACHELOR OF LAWS,Bachelor-of-laws,Government Legal Advisor,23-1011.00,Lawyers,gemini,0.95
FACULTY OF LAW,BACHELOR OF LAWS,Bachelor-of-laws,Compliance Officer,13-1041.00,Compliance Officers,curated,
FACULTY OF LAW,BACHELOR OF LAWS,Bachelor-of-laws,Legal Analyst,23-2011.00,Paralegals and Legal Assistants,curated,
FACULTY OF LAW,BACHELOR OF LAWS,Bachelor-of-laws,Mediator/Arbitrator,23-1022.00,"Arbitrators, Mediators, and Conciliators",curated,
FACULTY OF LAW,BACHELOR OF LAWS,Bachelor-of-laws,Human Rights Advocate,21-1099.00,"Community and Social Service Specialists, All Other",gemini,0.8
FACULTY OF LAW,BACHELOR OF LAWS,Bachelor-of-laws,Public Policy Advisor,19-3094.00,Political Scientists,gemini,0.9
FACULTY OF LAW,BACHELOR OF LAWS,Bachelor-of-laws,Researcher in Law,23-2099.00,"Legal Support Workers, All Other",gemini,0.85
FACULTY OF LAW,BACHELOR OF LAWS,Bachelor-of-laws,In-house Counsel,23-1011.00,Lawyers,gemini,0.95
FACULTY OF LAW,BACHELOR OF LAWS,Bachelor-of-laws,Regulatory Affairs Specialist,13-1041.07,Regulatory Affairs Specialists,curated,
FACULTY OF LAW,BACHELOR OF LAWS,Bachelor-of-laws,Legal Editor/Writer,27-3041.00,Editors,curated,
FACULTY OF LAW,BACHELOR OF LAWS,Bachelor-of-laws,Non-Governmental Organization (NGO) Legal Advisor,23-1011.00,Lawyers,gemini,0.95
FACULTY OF LAW,BACHELOR OF LAWS,Bachelor-of-laws,Insurance Claims Adjuster,13-1031.00,"Claims Adjusters, Examiners, and Investigators",gemini,0.98
FACULTY OF LAW,BACHELOR OF LAWS,Bachelor-of-laws,Land and Property Surveyor,17-1022.00,Surveyors,gemini,0.95
FACULTY OF LAW,BACHELOR OF LAWS,Bachelor-of-laws,Tax Consultant,13-2082.00,Tax Preparers,curated,
FACULTY OF LAW,BACHELOR OF LAWS,Bachelor-of-laws,Contract Manager,11-9199.00,"Managers, All Other",gemini,0.8
FACULTY OF LAW,BACHELOR OF LAWS,Bachelor-of-laws,Law Clerk,23-1012.00,Judicial Law Clerks,curated,
FACULTY OF LAW,BACHELOR OF LAWS,Bachelor-of-laws,Judicial Officer,23-1023.00,"Judges, Magistrate Judges, and Magistrates",gemini,0.9
FACULTY OF LAW,BACHELOR OF LAWS,Bachelor-of-laws,Community Legal Services Provider,23-2011.00,Paralegals and Legal Assistants,gemini,0.75
FACULTY OF LAW,BACHELOR OF JURISPRUDENCE,bachelor-of-jurisprudence,Lawyer,23-1011.00,Lawyers,curated,
FACULTY OF LAW,BACHELOR OF JURISPRUDENCE,bachelor-of-jurisprudence,Legal Advisor,23-1011.00,Lawyers,gemini,0.95
FACULTY OF LAW,BACHELOR OF JURISPRUDENCE,bachelor-of-jurisprudence,Corporate Counsel,23-1011.00,Lawyers,gemini,0.95
FACULTY OF LAW,BACHELOR OF JURISPRUDENCE,bachelor-of-jurisprudence,Judge,23-1023.00,"Judges, Magistrate Judges, and Magistrates",curated,
FACULTY OF LAW,BACHELOR OF JURISPRUDENCE,bachelor-of-jurisprudence,Prosecutor,23-1011.00,Lawyers,curated,
FACULTY OF LAW,BACHELOR OF JURISPRUDENCE,bachelor-of-jurisprudence,Legal Executive,23-2011.00,Paralegals and Legal Assistants,gemini,0.9
FACULTY OF LAW,BACHELOR OF JURISPRUDENCE,bachelor-of-jurisprudence,Legal Officer,23-1011.00,Lawyers,gemini,0.9
FACULTY OF LAW,BACHELOR OF JURISPRUDENCE,bachelor-of-jurisprudence,Legal Researcher,23-2011.00,Paralegals and Legal Assistants,gemini,0.85
FACULTY OF LAW,BACHELOR OF JURISPRUDENCE,bachelor-of-jurisprudence,Notary Public,23-2099.00,"Legal Support Workers, All Other",gemini,0.7
FACULTY OF LAW,BACHELOR OF JURISPRUDENCE,bachelor-of-jurisprudence,Contract Specialist,13-1023.00,"Purchasing Agents, Except Wholesale, Retail, and Farm Products",gemini,0.9
FACULTY OF LAW,BACHELOR OF JURISPRUDENCE,bachelor-of-jurisprudence,Human Rights Advocate,21-1099.00,"Community and Social Service Specialists, All Other",gemini,0.8
FACULTY OF LAW,BACHELOR OF JURISPRUDENCE,bachelor-of-jurisprudence,Compliance Officer,13-1041.00,Compliance Officers,curated,
FACULTY OF LAW,BACHELOR OF JURISPRUDENCE,bachelor-of-jurisprudence,Legal Consultant,23-1011.00,Lawyers,gemini,0.95
FACULTY OF LAW,BACHELOR OF JURISPRUDENCE,bachelor-of-jurisprudence,Policy Advisor,19-3094.00,Political Scientists,gemini,0.8
FACULTY OF LAW,BACHELOR OF JURISPRUDENCE,bachelor-of-jurisprudence,Arbitrator,23-1022.00,"Arbitrators, Mediators, and Conciliators",curated,
FACULTY OF LAW,BACHELOR OF JURISPRUDENCE,bachelor-of-jurisprudence,Mediator,23-1022.00,"Arbitrators, Mediators, and Conciliators",curated,
FACULTY OF LAW,BACHELOR OF JURISPRUDENCE,bachelor-of-jurisprudence,Legislative Drafter,23-1011.00,Lawyers,gemini,0.9
FACULTY OF LAW,BACHELOR OF JURISPRUDENCE,bachelor-of-jurisprudence,Diplomat,,,unmapped,0.85
FACULTY OF MEDICINE,BACHELOR OF MEDICINE AND BACHELOR OF SURGERY,Bachelor-of-Medicine-and-Bachelor-of-Surgery,General Practitioner,29-1215.00,Family Medicine Physicians,gemini,0.9
FACULTY OF MEDICINE,BACHELOR OF MEDICINE AND BACHELOR OF SURGERY,Bachelor-of-Medicine-and-Bachelor-of-Surgery,Surgeon,29-1249.00,"Surgeons, All Other",gemini,0.95
FACULTY OF MEDICINE,BACHELOR OF MEDICINE AND BACHELOR OF SURGERY,Bachelor-of-Medicine-and-Bachelor-of-Surgery,Pediatrician,29-1221.00,"Pediatricians, General",gemini,1.0
FACULTY OF MEDICINE,BACHELOR OF MEDICINE AND BACHELOR OF SURGERY,Bachelor-of-Medicine-and-Bachelor-of-Surgery,Obstetrician and Gynecologist,29-1218.00,Obstetricians and Gynecologists,gemini,1.0
FACULTY OF MEDICINE,BACHELOR OF MEDICINE AND BACHELOR OF SURGERY,Bachelor-of-Medicine-and-Bachelor-of-Surgery,Psychiatrist,29-1223.00,Psychiatrists,curated,
FACULTY OF MEDICINE,BACHELOR OF MEDICINE AND BACHELOR OF SURGERY,Bachelor-of-Medicine-and-Bachelor-of-Surgery,Medical Officer,29-1229.00,"Physicians, All Other",gemini,0.85
FACULTY OF MEDICINE,BACHELOR OF MEDICINE AND BACHELOR OF SURGERY,Bachelor-of-Medicine-and-Bachelor-of-Surgery,Anesthesiologist,29-1211.00,Anesthesiologists,curated,
FACULTY OF MEDICINE,BACHELOR OF MEDICINE AND BACHELOR OF SURGERY,Bachelor-of-Medicine-and-Bachelor-of-Surgery,Emergency Medicine Doctor,29-1214.00,Emergency Medicine Physicians,gemini,0.95
FACULTY OF MEDICINE,BACHELOR OF MEDICINE AND BACHELOR OF SURGERY,Bachelor-of-Medicine-and-Bachelor-of-Surgery,Public Health Specialist,21-1091.00,Health Education Specialists,gemini,0.85
FACULTY OF MEDICINE,BACHELOR OF MEDICINE AND BACHELOR OF SURGERY,Bachelor-of-Medicine-and-Bachelor-of-Surgery,Medical Lecturer,25-1071.00,"Health Specialties Teachers, Postsecondary",gemini,0.95
FACULTY OF MEDICINE,BACHELOR OF MEDICINE AND BACHELOR OF SURGERY,Bachelor-of-Medicine-and-Bachelor-of-Surgery,Pathologist,29-1222.00,"Physicians, Pathologists",curated,
FACULTY OF MEDICINE,BACHELOR OF MEDICINE AND BACHELOR OF SURGERY,Bachelor-of-Medicine-and-Bachelor-of-Surgery,Radiologist,29-1224.00,Radiologists,curated,
FACULTY OF MEDICINE,BACHELOR OF MEDICINE AND BACHELOR OF SURGERY,Bachelor-of-Medicine-and-Bachelor-of-Surgery,Family Medicine Specialist,29-1215.00,Family Medicine Physicians,gemini,0.95
FACULTY OF MEDICINE,BACHELOR OF MEDICINE AND BACHELOR OF SURGERY,Bachelor-of-Medicine-and-Bachelor-of-Surgery,Medical Researcher,19-1042.00,"Medical Scientists, Except Epidemiologists",curated,
FACULTY OF MEDICINE,BACHELOR OF MEDICINE AND BACHELOR OF SURGERY,Bachelor-of-Medicine-and-Bachelor-of-Surgery,Hospital Administrator,11-9111.00,Medical and Health Services Managers,gemini,0.95
FACULTY OF MEDICINE,BACHELOR OF MEDICINE AND BACHELOR OF SURGERY,Bachelor-of-Medicine-and-Bachelor-of-Surgery,Occupational Health Doctor,29-1229.05,Preventive Medicine Physicians,gemini,0.9
FACULTY OF MEDICINE,BACHELOR OF MEDICINE AND BACHELOR OF SURGERY,Bachelor-of-Medicine-and-Bachelor-of-Surgery,Forensic Medical Officer,29-1222.00,"Physicians, Pathologists",gemini,0.9
FACULTY OF MEDICINE,BACHELOR OF MEDICINE AND BACHELOR OF SURGERY,Bachelor-of-Medicine-and-Bachelor-of-Surgery,Medical Consultant,29-1229.00,"Physicians, All Other",gemini,0.85
FACULTY OF MEDICINE,BACHELOR OF MEDICINE AND BACHELOR OF SURGERY,Bachelor-of-Medicine-and-Bachelor-of-Surgery,Clinical Epidemiologist,19-1041.00,Epidemiologists,gemini,0.95
FACULTY OF MEDICINE,BACHELOR OF BIOMEDICAL SCIENCE,Bachelor-of-Biomedical-Science,Biomedical Scientist,19-1042.00,"Medical Scientists, Except Epidemiologists",gemini,0.95
FACULTY OF MEDICINE,BACHELOR OF BIOMEDICAL SCIENCE,Bachelor-of-Biomedical-Science,Laboratory Technologist,29-2011.00,Medical and Clinical Laboratory Technologists,gemini,0.8
FACULTY OF MEDICINE,BACHELOR OF BIOMEDICAL SCIENCE,Bachelor-of-Biomedical-Science,Clinical Research Associate,11-9121.01,Clinical Research Coordinators,gemini,0.95
FACULTY OF MEDICINE,BACHELOR OF BIOMEDICAL SCIENCE,Bachelor-of-Biomedical-Science,Medical Laboratory Scientist,29-2011.00,Medical and Clinical Laboratory Technologists,gemini,0.95
FACULTY OF MEDICINE,BACHELOR OF BIOMEDICAL SCIENCE,Bachelor-of-Biomedical-Science,Research Assistant,19-4061.00,Social Science Research Assistants,gemini,0.7
FACULTY OF MEDICINE,BACHELOR OF BIOMEDICAL SCIENCE,Bachelor-of-Biomedical-Science,Medical Sales Representative,41-4011.00,"Sales Representatives, Wholesale and Manufacturing, Technical and Scientific Products",gemini,0.95
FACULTY OF MEDICINE,BACHELOR OF BIOMEDICAL SCIENCE,Bachelor-of-Biomedical-Science,Forensic Scientist,19-4092.00,Forensic Science Technicians,curated,
FACULTY OF MEDICINE,BACHELOR OF BIOMEDICAL SCIENCE,Bachelor-of-Biomedical-Science,Pharmaceutical Scientist,19-1042.00,"Medical Scientists, Except Epidemiologists",gemini,0.9
FACULTY OF MEDICINE,BACHELOR OF BIOMEDICAL SCIENCE,Bachelor-of-Biomedical-Science,Toxicologist,19-1042.00,"Medical Scientists, Except Epidemiologists",curated,
FACULTY OF MEDICINE,BACHELOR OF BIOMEDICAL SCIENCE,Bachelor-of-Biomedical-Science,Microbiologist,19-1022.00,Microbiologists,curated,
FACULTY OF MEDICINE,BACHELOR OF BIOMEDICAL SCIENCE,Bachelor-of-Biomedical-Science,Genetic Technologist,29-2011.01,Cytogenetic Technologists,gemini,0.9
FACULTY OF MEDICINE,BACHELOR OF BIOMEDICAL SCIENCE,Bachelor-of-Biomedical-Science,Quality Control Analyst,19-4099.01,Quality Control Analysts,curated,
FACULTY OF MEDICINE,BACHELOR OF BIOMEDICAL SCIENCE,Bachelor-of-Biomedical-Science,Biotech Product Specialist,41-4011.00,"Sales Representatives, Wholesale and Manufacturing, Technical and Scientific Products",gemini,0.85
FACULTY OF MEDICINE,BACHELOR OF BIOMEDICAL SCIENCE,Bachelor-of-Biomedical-Science,Academic Researcher,25-1199.00,"Postsecondary Teachers, All Other",gemini,0.75
FACULTY OF MEDICINE,BACHELOR OF BIOMEDICAL SCIENCE,Bachelor-of-Biomedical-Science,Public Health Officer,29-1229.05,Preventive Medicine Physicians,curated,
FACULTY OF MEDICINE,BACHELOR OF BIOMEDICAL SCIENCE,Bachelor-of-Biomedical-Science,Medical Science Liaison,29-9092.00,Genetic Counselors,curated,
FACULTY OF MEDICINE,BACHELOR OF BIOMEDICAL SCIENCE,Bachelor-of-Biomedical-Science,Science Communicator,27-3042.00,Technical Writers,gemini,0.8
FACULTY OF MEDICINE,BACHELOR OF BIOMEDICAL SCIENCE,Bachelor-of-Biomedical-Science,Regulatory Affairs Officer,13-1041.07,Regulatory Affairs Specialists,gemini,0.95
FACULTY OF NURSING,BACHELOR OF NURSING SCIENCE,Bachelor-of-Nursing-Science,Registered Nurse,29-1141.00,Registered Nurses,curated,
FACULTY OF NURSING,BACHELOR OF NURSING SCIENCE,Bachelor-of-Nursing-Science,Nurse Educator,25-1072.00,"Nursing Instructors and Teachers, Postsecondary",curated,
FACULTY OF NURSING,BACHELOR OF NURSING SCIENCE,Bachelor-of-Nursing-Science,Clinical Nurse Specialist,29-1141.04,Clinical Nurse Specialists,curated,
FACULTY OF NURSING,BACHELOR OF NURSING SCIENCE,Bachelor-of-Nursing-Science,Public Health Nurse,29-1141.00,Registered Nurses,gemini,0.95
FACULTY OF NURSING,BACHELOR OF NURSING SCIENCE,Bachelor-of-Nursing-Science,Nurse Researcher,19-1042.00,"Medical Scientists, Except Epidemiologists",gemini,0.9
FACULTY OF NURSING,BACHELOR OF NURSING SCIENCE,Bachelor-of-Nursing-Science,Nurse Manager,11-9111.00,Medical and Health Services Managers,curated,
FACULTY OF NURSING,BACHELOR OF NURSING SCIENCE,Bachelor-of-Nursing-Science,Critical Care Nurse,29-1141.03,Critical Care Nurses,curated,
FACULTY OF NURSING,BACHELOR OF NURSING SCIENCE,Bachelor-of-Nursing-Science,Pediatric Nurse,29-1141.00,Registered Nurses,gemini,0.9
FACULTY OF NURSING,BACHELOR OF NURSING SCIENCE,Bachelor-of-Nursing-Science,Geriatric Nurse,29-1141.00,Registered Nurses,gemini,0.9
FACULTY OF NURSING,BACHELOR OF NURSING SCIENCE,Bachelor-of-Nursing-Science,Occupational Health Nurse,29-1141.00,Registered Nurses,gemini,0.9
FACULTY OF NURSING,BACHELOR OF NURSING SCIENCE,Bachelor-of-Nursing-Science,Community Health Nurse,29-1141.00,Registered Nurses,gemini,0.9
FACULTY OF NURSING,BACHELOR OF NURSING SCIENCE,Bachelor-of-Nursing-Science,Psychiatric Nurse,29-1141.02,Advanced Practice Psychiatric Nurses,gemini,0.95
FACULTY OF NURSING,BACHELOR OF NURSING SCIENCE,Bachelor-of-Nursing-Science,Midwife,29-9099.01,Midwives,gemini,0.95
FACULTY OF NURSING,BACHELOR OF NURSING SCIENCE,Bachelor-of-Nursing-Science,Infection Control Nurse,29-1141.00,Registered Nurses,gemini,0.95
FACULTY OF NURSING,BACHELOR OF NURSING SCIENCE,Bachelor-of-Nursing-Science,Nurse Case Manager,29-1141.00,Registered Nurses,gemini,0.9
FACULTY OF NURSING,BACHELOR OF NURSING SCIENCE,Bachelor-of-Nursing-Science,Palliative Care Nurse,29-1141.00,Registered Nurses,gemini,0.9
FACULTY OF NURSING,BACHELOR OF NURSING SCIENCE,Bachelor-of-Nursing-Science,Operating Room Nurse,29-1141.01,Acute Care Nurses,gemini,0.85
FACULTY OF NURSING,BACHELOR OF NURSING SCIENCE,Bachelor-of-Nursing-Science,School Health Nurse,29-1141.00,Registered Nurses,gemini,0.95
FACULTY OF PHARMACY,BACHELOR OF PHARMACY WITH HONOURS,bachelor-of-pharmacy-with-honours,Community Pharmacist,29-1051.00,Pharmacists,curated,
FACULTY OF PHARMACY,BACHELOR OF PHARMACY WITH HONOURS,bachelor-of-pharmacy-with-honours,Hospital Pharmacist,29-1051.00,Pharmacists,curated,
FACULTY OF PHARMACY,BACHELOR OF PHARMACY WITH HONOURS,bachelor-of-pharmacy-with-honours,Clinical Pharmacist,29-1051.00,Pharmacists,curated,
FACULTY OF PHARMACY,BACHELOR OF PHARMACY WITH HONOURS,bachelor-of-pharmacy-with-honours,Industrial Pharmacist,29-1051.00,Pharmacists,gemini,0.9
FACULTY OF PHARMACY,BACHELOR OF PHARMACY WITH HONOURS,bachelor-of-pharmacy-with-honours,Regulatory Affairs Officer,13-1041.07,Regulatory Affairs Specialists,gemini,0.95
FACULTY OF PHARMACY,BACHELOR OF PHARMACY WITH HONOURS,bachelor-of-pharmacy-with-honours,Pharmaceutical Sales Representative,41-4011.00,"Sales Representatives, Wholesale and Manufacturing, Technical and Scientific Products",gemini,0.95
FACULTY OF PHARMACY,BACHELOR OF PHARMACY WITH HONOURS,bachelor-of-pharmacy-with-honours,Research Scientist,,,unmapped,0.8
FACULTY OF PHARMACY,BACHELOR OF PHARMACY WITH HONOURS,bachelor-of-pharmacy-with-honours,Quality Control Analyst,19-4099.01,Quality Control Analysts,curated,
FACULTY OF PHARMACY,BACHELOR OF PHARMACY WITH HONOURS,bachelor-of-pharmacy-with-honours,Drug Safety Associate,13-1041.07,Regulatory Affairs Specialists,gemini,0.85
FACULTY OF PHARMACY,BACHELOR OF PHARMACY WITH HONOURS,bachelor-of-pharmacy-with-honours,Pharmacovigilance Officer,13-1041.07,Regulatory Affairs Specialists,gemini,0.9
FACULTY OF PHARMACY,BACHELOR OF PHARMACY WITH HONOURS,bachelor-of-pharmacy-with-honours,Academic Lecturer,25-1199.00,"Postsecondary Teachers, All Other",gemini,0.9
FACULTY OF PHARMACY,BACHELOR OF PHARMACY WITH HONOURS,bachelor-of-pharmacy-with-honours,Medical Science Liaison,29-9092.00,Genetic Counselors,curated,
FACULTY OF PHARMACY,BACHELOR OF PHARMACY WITH HONOURS,bachelor-of-pharmacy-with-honours,Formulation Scientist,19-2031.00,Chemists,gemini,0.85
FACULTY OF PHARMACY,BACHELOR OF PHARMACY WITH HONOURS,bachelor-of-pharmacy-with-honours,Production Pharmacist,29-1051.00,Pharmacists,gemini,0.9
FACULTY OF PHARMACY,BACHELOR OF PHARMACY WITH HONOURS,bachelor-of-pharmacy-with-honours,Compounding Pharmacist,29-1051.00,Pharmacists,gemini,0.95
FACULTY OF PHARMACY,BACHELOR OF PHARMACY WITH HONOURS,bachelor-of-pharmacy-with-honours,Public Health Pharmacist,29-1051.00,Pharmacists,gemini,0.95
FACULTY OF PHARMACY,BACHELOR OF PHARMACY WITH HONOURS,bachelor-of-pharmacy-with-honours,Clinical Trials Coordinator,11-9121.01,Clinical Research Coordinators,gemini,0.95
FACULTY OF PHARMACY,BACHELOR OF PHARMACY WITH HONOURS,bachelor-of-pharmacy-with-honours,Healthcare Consultant,13-1111.00,Management Analysts,gemini,0.85
FACULTY OF PHARMACY,BACHELOR OF PHARMACY WITH HONOURS,bachelor-of-pharmacy-with-honours,Toxicologist,19-1042.00,"Medical Scientists, Except Epidemiologists",curated,
FACULTY OF PHARMACY,BACHELOR OF PHARMACY WITH HONOURS,bachelor-of-pharmacy-with-honours,Pharmacy Benefits Analyst,13-1199.00,"Business Operations Specialists, All Other",gemini,0.7
FACULTY OF SCIENCE,BACHELOR OF SCIENCE IN CHEMISTRY,bachelor-of-science-in-chemistry,Community Pharmacist,29-1051.00,Pharmacists,curated,
FACULTY OF SCIENCE,BACHELOR OF SCIENCE IN CHEMISTRY,bachelor-of-science-in-chemistry,Hospital Pharmacist,29-1051.00,Pharmacists,curated,
FACULTY OF SCIENCE,BACHELOR OF SCIENCE IN CHEMISTRY,bachelor-of-science-in-chemistry,Clinical Pharmacist,29-1051.00,Pharmacists,curated,
FACULTY OF SCIENCE,BACHELOR OF SCIENCE IN CHEMISTRY,bachelor-of-science-in-chemistry,Industrial Pharmacist,29-1051.00,Pharmacists,gemini,0.9
FACULTY OF SCIENCE,BACHELOR OF SCIENCE IN CHEMISTRY,bachelor-of-science-in-chemistry,Regulatory Affairs Officer,13-1041.07,Regulatory Affairs Specialists,gemini,0.95
FACULTY OF SCIENCE,BACHELOR OF SCIENCE IN CHEMISTRY,bachelor-of-science-in-chemistry,Pharmaceutical Sales Representative,41-4011.00,"Sales Representatives, Wholesale and Manufacturing, Technical and Scientific Products",gemini,0.95
FACULTY OF SCIENCE,BACHELOR OF SCIENCE IN CHEMISTRY,bachelor-of-science-in-chemistry,Research Scientist,,,unmapped,0.8
FACULTY OF SCIENCE,BACHELOR OF SCIENCE IN CHEMISTRY,bachelor-of-science-in-chemistry,Quality Control Analyst,19-4099.01,Quality Control Analysts,curated,
FACULTY OF SCIENCE,BACHELOR OF SCIENCE IN CHEMISTRY,bachelor-of-science-in-chemistry,Drug Safety Associate,13-1041.07,Regulatory Affairs Specialists,gemini,0.85
FACULTY OF SCIENCE,BACHELOR OF SCIENCE IN CHEMISTRY,bachelor-of-science-in-chemistry,Pharmacovigilance Officer,13-1041.07,Regulatory Affairs Specialists,gemini,0.9
FACULTY OF SCIENCE,BACHELOR OF SCIENCE IN CHEMISTRY,bachelor-of-science-in-chemistry,Academic Lecturer,25-1199.00,"Postsecondary Teachers, All Other",gemini,0.9
FACULTY OF SCIENCE,BACHELOR OF SCIENCE IN CHEMISTRY,bachelor-of-science-in-chemistry,Medical Science Liaison,29-9092.00,Genetic Counselors,curated,
FACULTY OF SCIENCE,BACHELOR OF SCIENCE IN CHEMISTRY,bachelor-of-science-in-chemistry,Formulation Scientist,19-2031.00,Chemists,gemini,0.85
FACULTY OF SCIENCE,BACHELOR OF SCIENCE IN CHEMISTRY,bachelor-of-science-in-chemistry,Production Pharmacist,29-1051.00,Pharmacists,gemini,0.9
FACULTY OF SCIENCE,BACHELOR OF SCIENCE IN CHEMISTRY,bachelor-of-science-in-chemistry,Compounding Pharmacist,29-1051.00,Pharmacists,gemini,0.95
FACULTY OF SCIENCE,BACHELOR OF SCIENCE IN CHEMISTRY,bachelor-of-science-in-chemistry,Public Health Pharmacist,29-1051.00,Pharmacists,gemini,0.95
FACULTY OF SCIENCE,BACHELOR OF SCIENCE IN CHEMISTRY,bachelor-of-science-in-chemistry,Clinical Trials Coordinator,11-9121.01,Clinical Research Coordinators,gemini,0.95
FACULTY OF SCIENCE,BACHELOR OF SCIENCE IN CHEMISTRY,bachelor-of-science-in-chemistry,Healthcare Consultant,13-1111.00,Management Analysts,gemini,0.85
FACULTY OF SCIENCE,BACHELOR OF SCIENCE IN CHEMISTRY,bachelor-of-science-in-chemistry,Toxicologist,19-1042.00,"Medical Scientists, Except Epidemiologists",curated,
FACULTY OF SCIENCE,BACHELOR OF SCIENCE IN CHEMISTRY,bachelor-of-science-in-chemistry,Pharmacy Benefits Analyst,13-1199.00,"Business Operations Specialists, All Other",gemini,0.7
FACULTY OF SCIENCE,BACHELOR OF SCIENCE IN ECOLOGY AND BIODIVERSITY,bachelor-of-science-in-ecology,Ecologist,19-2041.03,Industrial Ecologists,curated,
FACULTY OF SCIENCE,BACHELOR OF SCIENCE IN ECOLOGY AND BIODIVERSITY,bachelor-of-science-in-ecology,Conservation Biologist,19-1023.00,Zoologists and Wildlife Biologists,curated,
FACULTY OF SCIENCE,BACHELOR OF SCIENCE IN ECOLOGY AND BIODIVERSITY,bachelor-of-science-in-ecology,Environmental Consultant,19-2041.00,"Environmental Scientists and Specialists, Including Health",gemini,0.9
FACULTY OF SCIENCE,BACHELOR OF SCIENCE IN ECOLOGY AND BIODIVERSITY,bachelor-of-science-in-ecology,Wildlife Biologist,19-1023.00,Zoologists and Wildlife Biologists,curated,
FACULTY OF SCIENCE,BACHELOR OF SCIENCE IN ECOLOGY AND BIODIVERSITY,bachelor-of-science-in-ecology,Park Ranger,19-1031.03,Park Naturalists,curated,
FACULTY OF SCIENCE,BACHELOR OF SCIENCE IN ECOLOGY AND BIODIVERSITY,bachelor-of-science-in-ecology,Natural Resource Manager,19-1031.02,Range Managers,curated,
FACULTY OF SCIENCE,BACHELOR OF SCIENCE IN ECOLOGY AND BIODIVERSITY,bachelor-of-science-in-ecology,Environmental Educator,19-1031.03,Park Naturalists,curated,
FACULTY OF SCIENCE,BACHELOR OF SCIENCE IN ECOLOGY AND BIODIVERSITY,bachelor-of-science-in-ecology,Biodiversity Researcher,19-1029.04,Biologists,gemini,0.85
FACULTY OF SCIENCE,BACHELOR OF SCIENCE IN ECOLOGY AND BIODIVERSITY,bachelor-of-science-in-ecology,Marine Biologist,19-1029.04,Biologists,curated,
FACULTY OF SCIENCE,BACHELOR OF SCIENCE IN ECOLOGY AND BIODIVERSITY,bachelor-of-science-in-ecology,Field Technician,17-3029.00,"Engineering Technologists and Technicians, Except Drafters, All Other",gemini,0.75
FACULTY OF SCIENCE,BACHELOR OF SCIENCE IN ECOLOGY AND BIODIVERSITY,bachelor-of-science-in-ecology,Environmental Policy Analyst,19-2041.01,Climate Change Policy Analysts,curated,
FACULTY OF SCIENCE,BACHELOR OF SCIENCE IN ECOLOGY AND BIODIVERSITY,bachelor-of-science-in-ecology,Ecotourism Guide,39-7011.00,Tour Guides and Escorts,gemini,0.9
FACULTY OF SCIENCE,BACHELOR OF SCIENCE IN ECOLOGY AND BIODIVERSITY,bachelor-of-science-in-ecology,Habitat Restoration Specialist,19-2041.02,Environmental Restoration Planners,curated,
FACULTY OF SCIENCE,BACHELOR OF SCIENCE IN ECOLOGY AND BIODIVERSITY,bachelor-of-science-in-ecology,Forestry Officer,19-1032.00,Foresters,gemini,0.95
FACULTY OF SCIENCE,BACHELOR OF SCIENCE IN ECOLOGY AND BIODIVERSITY,bachelor-of-science-in-ecology,Zoologist,19-1023.00,Zoologists and Wildlife Biologists,curated,
FACULTY OF SCIENCE,BACHELOR OF SCIENCE IN ECOLOGY AND BIODIVERSITY,bachelor-of-science-in-ecology,Environmental Impact Assessor,19-2041.00,"Environmental Scientists and Specialists, Including Health",gemini,0.85
FACULTY OF SCIENCE,BACHELOR OF SCIENCE IN ECOLOGY AND BIODIVERSITY,bachelor-of-science-in-ecology,Sustainability Officer,13-1199.05,Sustainability Specialists,gemini,0.9
FACULTY OF SCIENCE,BACHELOR OF SCIENCE IN ECOLOGY AND BIODIVERSITY,bachelor-of-science-in-ecology,GIS Analyst,15-1299.02,Geographic Information Systems Technologists and Technicians,gemini,0.95
FACULTY OF SCIENCE,BACHELOR OF SCIENCE IN ECOLOGY AND BIODIVERSITY,bachelor-of-science-in-ecology,Climate Change Analyst,19-2041.01,Climate Change Policy Analysts,gemini,0.95
FACULTY OF SCIENCE,BACHELOR OF SCIENCE IN ECOLOGY AND BIODIVERSITY,bachelor-of-science-in-ecology,Academic Researcher,25-1199.00,"Postsecondary Teachers, All Other",gemini,0.75
FACULTY OF SCIENCE,BACHELOR OF SCIENCE IN PHYSICS,bachelor-of-science-in-physics,Physicist,19-2012.00,Physicists,curated,
FACULTY OF SCIENCE,BACHELOR OF SCIENCE IN PHYSICS,bachelor-of-science-in-physics,Research Scientist,,,unmapped,0.8
FACULTY OF SCIENCE,BACHELOR OF SCIENCE IN PHYSICS,bachelor-of-science-in-physics,Data Analyst,19-3022.00,Survey Researchers,curated,
FACULTY OF SCIENCE,BACHELOR OF SCIENCE IN PHYSICS,bachelor-of-science-in-physics,Laboratory Technician,19-4099.00,"Life, Physical, and Social Science Technicians, All Other",gemini,0.75
FACULTY OF SCIENCE,BACHELOR OF SCIENCE IN PHYSICS,bachelor-of-science-in-physics,Radiation Safety Officer,29-2033.00,Nuclear Medicine Technologists,curated,
FACULTY OF SCIENCE,BACHELOR OF SCIENCE IN PHYSICS,bachelor-of-science-in-physics,Medical Physicist,19-2012.00,Physicists,gemini,0.9
FACULTY OF SCIENCE,BACHELOR OF SCIENCE IN PHYSICS,bachelor-of-science-in-physics,Physics Lecturer,25-1054.00,"Physics Teachers, Postsecondary",curated,
FACULTY OF SCIENCE,BACHELOR OF SCIENCE IN PHYSICS,bachelor-of-science-in-physics,Instrumentation Engineer,17-2072.00,"Electronics Engineers, Except Computer",gemini,0.88
FACULTY OF SCIENCE,BACHELOR OF SCIENCE IN PHYSICS,bachelor-of-science-in-physics,Aerospace Technician,17-3021.00,Aerospace Engineering and Operations Technologists and Technicians,gemini,0.98
FACULTY OF SCIENCE,BACHELOR OF SCIENCE IN PHYSICS,bachelor-of-science-in-physics,Systems Analyst,15-1211.00,Computer Systems Analysts,gemini,0.95
FACULTY OF SCIENCE,BACHELOR OF SCIENCE IN PHYSICS,bachelor-of-science-in-physics,Renewable Energy Specialist,13-1199.05,Sustainability Specialists,gemini,0.85
FACULTY OF SCIENCE,BACHELOR OF SCIENCE IN PHYSICS,bachelor-of-science-in-physics,Quality Control Analyst,19-4099.01,Quality Control Analysts,curated,
FACULTY OF SCIENCE,BACHELOR OF SCIENCE IN PHYSICS,bachelor-of-science-in-physics,Meteorologist,19-2021.00,Atmospheric and Space Scientists,curated,
FACULTY OF SCIENCE,BACHELOR OF SCIENCE IN PHYSICS,bachelor-of-science-in-physics,Software Developer,15-1252.00,Software Developers,curated,
FACULTY OF SCIENCE,BACHELOR OF SCIENCE IN PHYSICS,bachelor-of-science-in-physics,Geophysicist,19-2042.00,"Geoscientists, Except Hydrologists and Geographers",gemini,0.95
FACULTY OF SCIENCE,BACHELOR OF SCIENCE IN PHYSICS,bachelor-of-science-in-physics,Nanotechnology Researcher,17-2199.09,Nanosystems Engineers,gemini,0.85
FACULTY OF SCIENCE,BACHELOR OF SCIENCE IN PHYSICS,bachelor-of-science-in-physics,Optical Engineer,17-2199.07,Photonics Engineers,curated,
FACULTY OF SCIENCE,BACHELOR OF SCIENCE IN PHYSICS,bachelor-of-science-in-physics,Materials Scientist,19-2032.00,Materials Scientists,curated,
FACULTY OF SCIENCE,BACHELOR OF SCIENCE IN PHYSICS,bachelor-of-science-in-physics,Technical Consultant,15-1211.00,Computer Systems Analysts,gemini,0.85
FACULTY OF SCIENCE,BACHELOR OF SCIENCE IN PHYSICS,bachelor-of-science-in-physics,Scientific Writer,27-3042.00,Technical Writers,gemini,0.9
FACULTY OF SCIENCE,BACHELOR OF SCIENCE IN ENVIRONMENTAL MANAGEMENT,bachelor-of-science-in-environment,Environmental Consultant,19-2041.00,"Environmental Scientists and Specialists, Including Health",gemini,0.9
FACULTY OF SCIENCE,BACHELOR OF SCIENCE IN ENVIRONMENTAL MANAGEMENT,bachelor-of-science-in-environment,Sustainability Officer,13-1199.05,Sustainability Specialists,gemini,0.9
FACULTY OF SCIENCE,BACHELOR OF SCIENCE IN ENVIRONMENTAL MANAGEMENT,bachelor-of-science-in-environment,Environmental Scientist,19-2041.00,"Environmental Scientists and Specialists, Including Health",curated,
FACULTY OF SCIENCE,BACHELOR OF SCIENCE IN ENVIRONMENTAL MANAGEMENT,bachelor-of-science-in-environment,Conservation Officer,19-1031.00,Conservation Scientists,gemini,0.85
FACULTY OF SCIENCE,BACHELOR OF SCIENCE IN ENVIRONMENTAL MANAGEMENT,bachelor-of-science-in-environment,Waste Management Specialist,13-1041.01,Environmental Compliance Inspectors,curated,
FACULTY OF SCIENCE,BACHELOR OF SCIENCE IN ENVIRONMENTAL MANAGEMENT,bachelor-of-science-in-environment,Environmental Health and Safety Officer,19-5011.00,Occupational Health and Safety Specialists,gemini,0.9
FACULTY OF SCIENCE,BACHELOR OF SCIENCE IN ENVIRONMENTAL MANAGEMENT,bachelor-of-science-in-environment,Climate Change Analyst,19-2041.01,Climate Change Policy Analysts,gemini,0.95
FACULTY OF SCIENCE,BACHELOR OF SCIENCE IN ENVIRONMENTAL MANAGEMENT,bachelor-of-science-in-environment,Environmental Compliance Inspector,13-1041.01,Environmental Compliance Inspectors,curated,
FACULTY OF SCIENCE,BACHELOR OF SCIENCE IN ENVIRONMENTAL MANAGEMENT,bachelor-of-science-in-environment,Natural Resource Manager,19-1031.02,Range Managers,curated,
FACULTY OF SCIENCE,BACHELOR OF SCIENCE IN ENVIRONMENTAL MANAGEMENT,bachelor-of-science-in-environment,Environmental Policy Analyst,19-2041.01,Climate Change Policy Analysts,curated,
FACULTY OF SCIENCE,BACHELOR OF SCIENCE IN ENVIRONMENTAL MANAGEMENT,bachelor-of-science-in-environment,Renewable Energy Consultant,13-1199.05,Sustainability Specialists,gemini,0.8
FACULTY OF SCIENCE,BACHELOR OF SCIENCE IN ENVIRONMENTAL MANAGEMENT,bachelor-of-science-in-environment,Environmental Educator,19-1031.03,Park Naturalists,curated,
FACULTY OF SCIENCE,BACHELOR OF SCIENCE IN ENVIRONMENTAL MANAGEMENT,bachelor-of-science-in-environment,Ecologist,19-2041.03,Industrial Ecologists,curated,
FACULTY OF SCIENCE,BACHELOR OF SCIENCE IN ENVIRONMENTAL MANAGEMENT,bachelor-of-science-in-environment,Water Resource Specialist,11-9121.02,Water Resource Specialists,curated,
FACULTY OF SCIENCE,BACHELOR OF SCIENCE IN ENVIRONMENTAL MANAGEMENT,bachelor-of-science-in-environment,Air Quality Analyst,19-2041.00,"Environmental Scientists and Specialists, Including Health",gemini,0.9
FACULTY OF SCIENCE,BACHELOR OF SCIENCE IN ENVIRONMENTAL MANAGEMENT,bachelor-of-science-in-environment,Environmental Impact Assessor,19-2041.00,"Environmental Scientists and Specialists, Including Health",gemini,0.85
FACULTY OF SCIENCE,BACHELOR OF SCIENCE IN ENVIRONMENTAL MANAGEMENT,bachelor-of-science-in-environment,Corporate Social Responsibility (CSR) Manager,11-2032.00,Public Relations Managers,gemini,0.8
FACULTY OF SCIENCE,BACHELOR OF SCIENCE IN ENVIRONMENTAL MANAGEMENT,bachelor-of-science-in-environment,Green Building Consultant,13-1199.05,Sustainability Specialists,gemini,0.85
FACULTY OF SCIENCE,BACHELOR OF SCIENCE IN ENVIRONMENTAL MANAGEMENT,bachelor-of-science-in-environment,Environmental Auditor,13-1041.01,Environmental Compliance Inspectors,gemini,0.85
FACULTY OF SCIENCE,BACHELOR OF SCIENCE IN ENVIRONMENTAL MANAGEMENT,bachelor-of-science-in-environment,GIS Analyst (Environmental Applications),15-1299.02,Geographic Information Systems Technologists and Technicians,gemini,0.95
FACULTY OF SCIENCE,BACHELOR OF SCIENCE IN APPLIED GEOLOGY,bachelor-of-science-in-applied-geology,Geologist,19-2042.00,"Geoscientists, Except Hydrologists and Geographers",curated,
FACULTY OF SCIENCE,BACHELOR OF SCIENCE IN APPLIED GEOLOGY,bachelor-of-science-in-applied-geology,Hydrogeologist,19-2043.00,Hydrologists,curated,
FACULTY OF SCIENCE,BACHELOR OF SCIENCE IN APPLIED GEOLOGY,bachelor-of-science-in-applied-geology,Engineering Geologist,19-2042.00,"Geoscientists, Except Hydrologists and Geographers",curated,
FACULTY OF SCIENCE,BACHELOR OF SCIENCE IN APPLIED GEOLOGY,bachelor-of-science-in-applied-geology,Environmental Geologist,19-2042.00,"Geoscientists, Except Hydrologists and Geographers",gemini,0.9
FACULTY OF SCIENCE,BACHELOR OF SCIENCE IN APPLIED GEOLOGY,bachelor-of-science-in-applied-geology,Petroleum Geologist,19-2042.00,"Geoscientists, Except Hydrologists and Geographers",curated,
FACULTY OF SCIENCE,BACHELOR OF SCIENCE IN APPLIED GEOLOGY,bachelor-of-science-in-applied-geology,Mining Geologist,19-2042.00,"Geoscientists, Except Hydrologists and Geographers",gemini,0.9
FACULTY OF SCIENCE,BACHELOR OF SCIENCE IN APPLIED GEOLOGY,bachelor-of-science-in-applied-geology,Geophysicist,19-2042.00,"Geoscientists, Except Hydrologists and Geographers",gemini,0.95
FACULTY OF SCIENCE,BACHELOR OF SCIENCE IN APPLIED GEOLOGY,bachelor-of-science-in-applied-geology,Geological Consultant,19-2042.00,"Geoscientists, Except Hydrologists and Geographers",gemini,0.9
FACULTY OF SCIENCE,BACHELOR OF SCIENCE IN APPLIED GEOLOGY,bachelor-of-science-in-applied-geology,Seismologist,19-2042.00,"Geoscientists, Except Hydrologists and Geographers",gemini,0.95
FACULTY OF SCIENCE,BACHELOR OF SCIENCE IN APPLIED GEOLOGY,bachelor-of-science-in-applied-geology,Exploration Geologist,19-2042.00,"Geoscientists, Except Hydrologists and Geographers",curated,
FACULTY OF SCIENCE,BACHELOR OF SCIENCE IN APPLIED GEOLOGY,bachelor-of-science-in-applied-geology,Geotechnical Engineer,17-2051.00,Civil Engineers,curated,
FACULTY OF SCIENCE,BACHELOR OF SCIENCE IN APPLIED GEOLOGY,bachelor-of-science-in-applied-geology,Soil Scientist,19-1013.00,Soil and Plant Scientists,gemini,0.95
FACULTY OF SCIENCE,BACHELOR OF SCIENCE IN APPLIED GEOLOGY,bachelor-of-science-in-applied-geology,Remote Sensing Specialist,19-2099.01,Remote Sensing Scientists and Technologists,gemini,0.95
FACULTY OF SCIENCE,BACHELOR OF SCIENCE IN APPLIED GEOLOGY,bachelor-of-science-in-applied-geology,GIS Analyst,15-1299.02,Geographic Information Systems Technologists and Technicians,gemini,0.95
FACULTY OF SCIENCE,BACHELOR OF SCIENCE IN APPLIED GEOLOGY,bachelor-of-science-in-applied-geology,Natural Resource Manager,19-1031.02,Range Managers,curated,
FACULTY OF SCIENCE,BACHELOR OF SCIENCE IN APPLIED GEOLOGY,bachelor-of-science-in-applied-geology,Groundwater Consultant,19-2043.00,Hydrologists,curated,
FACULTY OF SCIENCE,BACHELOR OF SCIENCE IN APPLIED GEOLOGY,bachelor-of-science-in-applied-geology,Environmental Consultant,19-2041.00,"Environmental Scientists and Specialists, Including Health",gemini,0.9
FACULTY OF SCIENCE,BACHELOR OF SCIENCE IN APPLIED GEOLOGY,bachelor-of-science-in-applied-geology,Drilling Engineer,17-2171.00,Petroleum Engineers,curated,
FACULTY OF SCIENCE,BACHELOR OF SCIENCE IN APPLIED GEOLOGY,bachelor-of-science-in-applied-geology,Geological Surveyor,19-2042.00,"Geoscientists, Except Hydrologists and Geographers",gemini,0.85
FACULTY OF SCIENCE,BACHELOR OF SCIENCE IN APPLIED GEOLOGY,bachelor-of-science-in-applied-geology,Earth Science Educator,25-1051.00,"Atmospheric, Earth, Marine, and Space Sciences Teachers, Postsecondary",gemini,0.9
FACULTY OF SCIENCE,BACHELOR OF SCIENCE IN BIOCHEMISTRY,bachelor-of-science-in-biochemistry,Biochemist,19-1021.00,Biochemists and Biophysicists,curated,
FACULTY OF SCIENCE,BACHELOR OF SCIENCE IN BIOCHEMISTRY,bachelor-of-science-in-biochemistry,Biomedical Scientist,19-1042.00,"Medical Scientists, Except Epidemiologists",gemini,0.95
FACULTY OF SCIENCE,BACHELOR OF SCIENCE IN BIOCHEMISTRY,bachelor-of-science-in-biochemistry,Clinical Research Associate,11-9121.01,Clinical Research Coordinators,gemini,0.95
FACULTY OF SCIENCE,BACHELOR OF SCIENCE IN BIOCHEMISTRY,bachelor-of-science-in-biochemistry,Laboratory Technician,19-4099.00,"Life, Physical, and Social Science Technicians, All Other",gemini,0.75
FACULTY OF SCIENCE,BACHELOR OF SCIENCE IN BIOCHEMISTRY,bachelor-of-science-in-biochemistry,Pharmaceutical Scientist,19-1042.00,"Medical Scientists, Except Epidemiologists",gemini,0.9
FACULTY OF SCIENCE,BACHELOR OF SCIENCE IN BIOCHEMISTRY,bachelor-of-science-in-biochemistry,Toxicologist,19-1042.00,"Medical Scientists, Except Epidemiologists",curated,
FACULTY OF SCIENCE,BACHELOR OF SCIENCE IN BIOCHEMISTRY,bachelor-of-science-in-biochemistry,Geneticist,19-1029.03,Geneticists,curated,
FACULTY OF SCIENCE,BACHELOR OF SCIENCE IN BIOCHEMISTRY,bachelor-of-science-in-biochemistry,Research Scientist,,,unmapped,0.8
FACULTY OF SCIENCE,BACHELOR OF SCIENCE IN BIOCHEMISTRY,bachelor-of-science-in-biochemistry,Biotechnology Consultant,13-1199.00,"Business Operations Specialists, All Other",gemini,0.75
FACULTY OF SCIENCE,BACHELOR OF SCIENCE IN BIOCHEMISTRY,bachelor-of-science-in-biochemistry,Forensic Scientist,19-4092.00,Forensic Science Technicians,curated,
FACULTY OF SCIENCE,BACHELOR OF SCIENCE IN BIOCHEMISTRY,bachelor-of-science-in-biochemistry,Quality Control Analyst,19-4099.01,Quality Control Analysts,curated,
FACULTY OF SCIENCE,BACHELOR OF SCIENCE IN BIOCHEMISTRY,bachelor-of-science-in-biochemistry,Food Safety Analyst,19-4099.01,Quality Control Analysts,gemini,0.85
FACULTY OF SCIENCE,BACHELOR OF SCIENCE IN BIOCHEMISTRY,bachelor-of-science-in-biochemistry,Molecular Biologist,19-1029.02,Molecular and Cellular Biologists,curated,
FACULTY OF SCIENCE,BACHELOR OF SCIENCE IN BIOCHEMISTRY,bachelor-of-science-in-biochemistry,Microbiologist,19-1022.00,Microbiologists,curated,
FACULTY OF SCIENCE,BACHELOR OF SCIENCE IN BIOCHEMISTRY,bachelor-of-science-in-biochemistry,Environmental Scientist,19-2041.00,"Environmental Scientists and Specialists, Including Health",curated,
FACULTY OF SCIENCE,BACHELOR OF SCIENCE IN BIOCHEMISTRY,bachelor-of-science-in-biochemistry,Medical Science Liaison,29-9092.00,Genetic Counselors,curated,
FACULTY OF SCIENCE,BACHELOR OF SCIENCE IN BIOCHEMISTRY,bachelor-of-science-in-biochemistry,Health and Safety Officer,19-5011.00,Occupational Health and Safety Specialists,gemini,0.95
FACULTY OF SCIENCE,BACHELOR OF SCIENCE IN BIOCHEMISTRY,bachelor-of-science-in-biochemistry,Science Communicator,27-3042.00,Technical Writers,gemini,0.8
FACULTY OF SCIENCE,BACHELOR OF SCIENCE IN BIOCHEMISTRY,bachelor-of-science-in-biochemistry,Regulatory Affairs Specialist,13-1041.07,Regulatory Affairs Specialists,curated,
FACULTY OF SCIENCE,BACHELOR OF SCIENCE IN BIOCHEMISTRY,bachelor-of-science-in-biochemistry,Academic Researcher,25-1199.00,"Postsecondary Teachers, All Other",gemini,0.75
FACULTY OF SCIENCE,BACHELOR OF SCIENCE IN MATHEMATICS,bachelor-of-science-of-mathematics,Data Analyst,19-3022.00,Survey Researchers,curated,
FACULTY OF SCIENCE,BACHELOR OF SCIENCE IN MATHEMATICS,bachelor-of-science-of-mathematics,Statistician,15-2041.00,Statisticians,curated,
FACULTY OF SCIENCE,BACHELOR OF SCIENCE IN MATHEMATICS,bachelor-of-science-of-mathematics,Actuary,15-2011.00,Actuaries,curated,
FACULTY OF SCIENCE,BACHELOR OF SCIENCE IN MATHEMATICS,bachelor-of-science-of-mathematics,Financial Analyst,13-2051.00,Financial and Investment Analysts,curated,
FACULTY OF SCIENCE,BACHELOR OF SCIENCE IN MATHEMATICS,bachelor-of-science-of-mathematics,Operations Research Analyst,15-2031.00,Operations Research Analysts,curated,
FACULTY OF SCIENCE,BACHELOR OF SCIENCE IN MATHEMATICS,bachelor-of-science-of-mathematics,Mathematician,15-2021.00,Mathematicians,curated,
FACULTY OF SCIENCE,BACHELOR OF SCIENCE IN MATHEMATICS,bachelor-of-science-of-mathematics,Risk Analyst,13-2054.00,Financial Risk Specialists,curated,
FACULTY OF SCIENCE,BACHELOR OF SCIENCE IN MATHEMATICS,bachelor-of-science-of-mathematics,Quantitative Analyst,13-2099.01,Financial Quantitative Analysts,curated,
FACULTY OF SCIENCE,BACHELOR OF SCIENCE IN MATHEMATICS,bachelor-of-science-of-mathematics,Data Scientist,15-2051.00,Data Scientists,curated,
FACULTY OF SCIENCE,BACHELOR OF SCIENCE IN MATHEMATICS,bachelor-of-science-of-mathematics,Market Research Analyst,13-1161.00,Market Research Analysts and Marketing Specialists,curated,
FACULTY OF SCIENCE,BACHELOR OF SCIENCE IN MATHEMATICS,bachelor-of-science-of-mathematics,Software Developer,15-1252.00,Software Developers,curated,
FACULTY OF SCIENCE,BACHELOR OF SCIENCE IN MATHEMATICS,bachelor-of-science-of-mathematics,Cryptographer,15-2021.00,Mathematicians,curated,
FACULTY OF SCIENCE,BACHELOR OF SCIENCE IN MATHEMATICS,bachelor-of-science-of-mathematics,Investment Analyst,13-2051.00,Financial and Investment Analysts,curated,
FACULTY OF SCIENCE,BACHELOR OF SCIENCE IN MATHEMATICS,bachelor-of-science-of-mathematics,Business Analyst,13-1111.00,Management Analysts,gemini,0.9
FACULTY OF SCIENCE,BACHELOR OF SCIENCE IN MATHEMATICS,bachelor-of-science-of-mathematics,Research Scientist,,,unmapped,0.8
FACULTY OF SCIENCE,BACHELOR OF SCIENCE IN MATHEMATICS,bachelor-of-science-of-mathematics,Machine Learning Engineer,15-2051.00,Data Scientists,gemini,0.85
FACULTY OF SCIENCE,BACHELOR OF SCIENCE IN MATHEMATICS,bachelor-of-science-of-mathematics,Economist,19-3011.00,Economists,curated,
FACULTY OF SCIENCE,BACHELOR OF SCIENCE IN MATHEMATICS,bachelor-of-science-of-mathematics,Systems Analyst,15-1211.00,Computer Systems Analysts,gemini,0.95
FACULTY OF SCIENCE,BACHELOR OF SCIENCE IN MATHEMATICS,bachelor-of-science-of-mathematics,Academic Lecturer,25-1199.00,"Postsecondary Teachers, All Other",gemini,0.9
FACULTY OF SCIENCE,BACHELOR OF SCIENCE IN MATHEMATICS,bachelor-of-science-of-mathematics,Algorithm Developer,17-2199.07,Photonics Engineers,curated,
FACULTY OF SCIENCE,BACHELOR OF SCIENCE IN BIOTECHNOLOGY,bachelor-of-science-in-biotechnology,Biotechnologist,19-1029.00,"Biological Scientists, All Other",gemini,0.9
FACULTY OF SCIENCE,BACHELOR OF SCIENCE IN BIOTECHNOLOGY,bachelor-of-science-in-biotechnology,Research Scientist,,,unmapped,0.8
FACULTY OF SCIENCE,BACHELOR OF SCIENCE IN BIOTECHNOLOGY,bachelor-of-science-in-biotechnology,Biomedical Scientist,19-1042.00,"Medical Scientists, Except Epidemiologists",gemini,0.95
FACULTY OF SCIENCE,BACHELOR OF SCIENCE IN BIOTECHNOLOGY,bachelor-of-science-in-biotechnology,Genetic Counselor,29-9092.00,Genetic Counselors,curated,
FACULTY OF SCIENCE,BACHELOR OF SCIENCE IN BIOTECHNOLOGY,bachelor-of-science-in-biotechnology,Pharmaceutical Scientist,19-1042.00,"Medical Scientists, Except Epidemiologists",gemini,0.9
FACULTY OF SCIENCE,BACHELOR OF SCIENCE IN BIOTECHNOLOGY,bachelor-of-science-in-biotechnology,Quality Control Analyst,19-4099.01,Quality Control Analysts,curated,
FACULTY OF SCIENCE,BACHELOR OF SCIENCE IN BIOTECHNOLOGY,bachelor-of-science-in-biotechnology,Bioprocess Engineer,17-2031.00,Bioengineers and Biomedical Engineers,gemini,0.85
FACULTY OF SCIENCE,BACHELOR OF SCIENCE IN BIOTECHNOLOGY,bachelor-of-science-in-biotechnology,Clinical Research Coordinator,11-9121.01,Clinical Research Coordinators,curated,
FACULTY OF SCIENCE,BACHELOR OF SCIENCE IN BIOTECHNOLOGY,bachelor-of-science-in-biotechnology,Environmental Biotechnologist,19-2041.00,"Environmental Scientists and Specialists, Including Health",gemini,0.8
FACULTY OF SCIENCE,BACHELOR OF SCIENCE IN BIOTECHNOLOGY,bachelor-of-science-in-biotechnology,Molecular Biologist,19-1029.02,Molecular and Cellular Biologists,curated,
FACULTY OF SCIENCE,BACHELOR OF SCIENCE IN BIOTECHNOLOGY,bachelor-of-science-in-biotechnology,Food Technologist,19-1012.00,Food Scientists and Technologists,curated,
FACULTY OF SCIENCE,BACHELOR OF SCIENCE IN BIOTECHNOLOGY,bachelor-of-science-in-biotechnology,Bioinformatics Specialist,15-2099.01,Bioinformatics Technicians,curated,
FACULTY OF SCIENCE,BACHELOR OF SCIENCE IN BIOTECHNOLOGY,bachelor-of-science-in-biotechnology,Regulatory Affairs Specialist,13-1041.07,Regulatory Affairs Specialists,curated,
FACULTY OF SCIENCE,BACHELOR OF SCIENCE IN BIOTECHNOLOGY,bachelor-of-science-in-biotechnology,Laboratory Technician,19-4099.00,"Life, Physical, and Social Science Technicians, All Other",gemini,0.75
FACULTY OF SCIENCE,BACHELOR OF SCIENCE IN BIOTECHNOLOGY,bachelor-of-science-in-biotechnology,Biomanufacturing Specialist,19-1029.00,"Biological Scientists, All Other",gemini,0.8
FACULTY OF SCIENCE,BACHELOR OF SCIENCE IN BIOTECHNOLOGY,bachelor-of-science-in-biotechnology,Agricultural Biotechnologist,19-1029.00,"Biological Scientists, All Other",gemini,0.85
FACULTY OF SCIENCE,BACHELOR OF SCIENCE IN BIOTECHNOLOGY,bachelor-of-science-in-biotechnology,Forensic Scientist,19-4092.00,Forensic Science Technicians,curated,
FACULTY OF SCIENCE,BACHELOR OF SCIENCE IN BIOTECHNOLOGY,bachelor-of-science-in-biotechnology,Medical Scientist,19-1042.00,"Medical Scientists, Except Epidemiologists",gemini,0.95
FACULTY OF SCIENCE,BACHELOR OF SCIENCE IN BIOTECHNOLOGY,bachelor-of-science-in-biotechnology,Science Communicator,27-3042.00,Technical Writers,gemini,0.8
FACULTY OF SCIENCE,BACHELOR OF SCIENCE IN BIOTECHNOLOGY,bachelor-of-science-in-biotechnology,Biotech Sales Specialist,41-4011.00,"Sales Representatives, Wholesale and Manufacturing, Technical and Scientific Products",gemini,0.95
FACULTY OF SCIENCE,BACHELOR OF SCIENCE WITH EDUCATION,bachelor-of-science-with-education,Science Teacher,25-2031.00,"Secondary School Teachers, Except Special and Career/Technical Education",gemini,0.9
FACULTY OF SCIENCE,BACHELOR OF SCIENCE WITH EDUCATION,bachelor-of-science-with-education,Lecturer,25-1199.00,"Postsecondary Teachers, All Other",gemini,0.9
FACULTY OF SCIENCE,BACHELOR OF SCIENCE WITH EDUCATION,bachelor-of-science-with-education,Curriculum Developer,25-9031.00,Instructional Coordinators,gemini,0.95
FACULTY OF SCIENCE,BACHELOR OF SCIENCE WITH EDUCATION,bachelor-of-science-with-education,Educational Consultant,25-9031.00,Instructional Coordinators,gemini,0.9
FACULTY OF SCIENCE,BACHELOR OF SCIENCE WITH EDUCATION,bachelor-of-science-with-education,Science Communicator,27-3042.00,Technical Writers,gemini,0.8
FACULTY OF SCIENCE,BACHELOR OF SCIENCE WITH EDUCATION,bachelor-of-science-with-education,Research Assistant,19-4061.00,Social Science Research Assistants,gemini,0.7
FACULTY OF SCIENCE,BACHELOR OF SCIENCE WITH EDUCATION,bachelor-of-science-with-education,Laboratory Technician,19-4099.00,"Life, Physical, and Social Science Technicians, All Other",gemini,0.75
FACULTY OF SCIENCE,BACHELOR OF SCIENCE WITH EDUCATION,bachelor-of-science-with-education,Education Policy Analyst,25-9031.00,Instructional Coordinators,gemini,0.8
FACULTY OF SCIENCE,BACHELOR OF SCIENCE WITH EDUCATION,bachelor-of-science-with-education,Science Writer,27-3042.00,Technical Writers,gemini,0.9
FACULTY OF SCIENCE,BACHELOR OF SCIENCE WITH EDUCATION,bachelor-of-science-with-education,Educational Technology Specialist,25-9031.00,Instructional Coordinators,gemini,0.95
FACULTY OF SCIENCE,BACHELOR OF SCIENCE WITH EDUCATION,bachelor-of-science-with-education,Tutor,25-3041.00,Tutors,curated,
FACULTY OF SCIENCE,BACHELOR OF SCIENCE WITH EDUCATION,bachelor-of-science-with-education,STEM Program Coordinator,25-9031.00,Instructional Coordinators,gemini,0.85
FACULTY OF SCIENCE,BACHELOR OF SCIENCE WITH EDUCATION,bachelor-of-science-with-education,Academic Advisor,21-1012.00,"Educational, Guidance, and Career Counselors and Advisors",curated,
FACULTY OF SCIENCE,BACHELOR OF SCIENCE WITH EDUCATION,bachelor-of-science-with-education,Environmental Educator,19-1031.03,Park Naturalists,curated,
FACULTY OF SCIENCE,BACHELOR OF SCIENCE WITH EDUCATION,bachelor-of-science-with-education,Science Outreach Officer,27-3031.00,Public Relations Specialists,gemini,0.8
FACULTY OF SCIENCE,BACHELOR OF SCIENCE WITH EDUCATION,bachelor-of-science-with-education,Content Developer,27-3043.00,Writers and Authors,gemini,0.8
FACULTY OF SCIENCE,BACHELOR OF SCIENCE WITH EDUCATION,bachelor-of-science-with-education,Educational Publisher,27-3041.00,Editors,gemini,0.75
FACULTY OF SCIENCE,BACHELOR OF SCIENCE WITH EDUCATION,bachelor-of-science-with-education,Training Specialist,13-1151.00,Training and Development Specialists,curated,
FACULTY OF SCIENCE,BACHELOR OF SCIENCE WITH EDUCATION,bachelor-of-science-with-education,Examination Officer,11-9033.00,"Education Administrators, Postsecondary",gemini,0.85
FACULTY OF SCIENCE,BACHELOR OF SCIENCE WITH EDUCATION,bachelor-of-science-with-education,Education Administrator,11-9039.00,"Education Administrators, All Other",gemini,0.9
FACULTY OF SCIENCE,BACHELOR OF ACTUARIAL SCIENCE,bachelor-of-actuarial-science,Actuary,15-2011.00,Actuaries,curated,
FACULTY OF SCIENCE,BACHELOR OF ACTUARIAL SCIENCE,bachelor-of-actuarial-science,Risk Analyst,13-2054.00,Financial Risk Specialists,curated,
FACULTY OF SCIENCE,BACHELOR OF ACTUARIAL SCIENCE,bachelor-of-actuarial-science,Insurance Underwriter,13-2053.00,Insurance Underwriters,curated,
FACULTY OF SCIENCE,BACHELOR OF ACTUARIAL SCIENCE,bachelor-of-actuarial-science,Pension Consultant,13-2052.00,Personal Financial Advisors,gemini,0.75
FACULTY OF SCIENCE,BACHELOR OF ACTUARIAL SCIENCE,bachelor-of-actuarial-science,Investment Analyst,13-2051.00,Financial and Investment Analysts,curated,
FACULTY OF SCIENCE,BACHELOR OF ACTUARIAL SCIENCE,bachelor-of-actuarial-science,Data Analyst,19-3022.00,Survey Researchers,curated,
FACULTY OF SCIENCE,BACHELOR OF ACTUARIAL SCIENCE,bachelor-of-actuarial-science,Financial Risk Manager,13-2054.00,Financial Risk Specialists,gemini,0.95
FACULTY OF SCIENCE,BACHELOR OF ACTUARIAL SCIENCE,bachelor-of-actuarial-science,Actuarial Consultant,15-2011.00,Actuaries,curated,
FACULTY OF SCIENCE,BACHELOR OF ACTUARIAL SCIENCE,bachelor-of-actuarial-science,Insurance Broker,41-3021.00,Insurance Sales Agents,curated,
FACULTY OF SCIENCE,BACHELOR OF ACTUARIAL SCIENCE,bachelor-of-actuarial-science,Risk Manager,11-3031.00,Financial Managers,gemini,0.85
FACULTY OF SCIENCE,BACHELOR OF ACTUARIAL SCIENCE,bachelor-of-actuarial-science,Pricing Analyst,13-1161.00,Market Research Analysts and Marketing Specialists,gemini,0.85
FACULTY OF SCIENCE,BACHELOR OF ACTUARIAL SCIENCE,bachelor-of-actuarial-science,Claims Analyst,13-1031.00,"Claims Adjusters, Examiners, and Investigators",gemini,0.95
FACULTY OF SCIENCE,BACHELOR OF ACTUARIAL SCIENCE,bachelor-of-actuarial-science,Quantitative Analyst,13-2099.01,Financial Quantitative Analysts,curated,
FACULTY OF SCIENCE,BACHELOR OF ACTUARIAL SCIENCE,bachelor-of-actuarial-science,Corporate Finance Analyst,13-2051.00,Financial and Investment Analysts,gemini,0.95
FACULTY OF SCIENCE,BACHELOR OF ACTUARIAL SCIENCE,bachelor-of-actuarial-science,Reinsurance Analyst,13-2054.00,Financial Risk Specialists,gemini,0.85
FACULTY OF SCIENCE,BACHELOR OF SCIENCE IN MICROBIOLOGY AND MOLECULAR GENETICS,bachelor-of-science-in-microbiology-and-molecular-genetics,Microbiologist,19-1022.00,Microbiologists,curated,
FACULTY OF SCIENCE,BACHELOR OF SCIENCE IN MICROBIOLOGY AND MOLECULAR GENETICS,bachelor-of-science-in-microbiology-and-molecular-genetics,Molecular Geneticist,19-1029.03,Geneticists,gemini,0.95
FACULTY OF SCIENCE,BACHELOR OF SCIENCE IN MICROBIOLOGY AND MOLECULAR GENETICS,bachelor-of-science-in-microbiology-and-molecular-genetics,Biomedical Scientist,19-1042.00,"Medical Scientists, Except Epidemiologists",gemini,0.95
FACULTY OF SCIENCE,BACHELOR OF SCIENCE IN MICROBIOLOGY AND MOLECULAR GENETICS,bachelor-of-science-in-microbiology-and-molecular-genetics,Clinical Laboratory Technologist,29-2011.00,Medical and Clinical Laboratory Technologists,curated,
FACULTY OF SCIENCE,BACHELOR OF SCIENCE IN MICROBIOLOGY AND MOLECULAR GENETICS,bachelor-of-science-in-microbiology-and-molecular-genetics,Research Scientist,,,unmapped,0.8
FACULTY OF SCIENCE,BACHELOR OF SCIENCE IN MICROBIOLOGY AND MOLECULAR GENETICS,bachelor-of-science-in-microbiology-and-molecular-genetics,Biotechnologist,19-1029.00,"Biological Scientists, All Other",gemini,0.9
FACULTY OF SCIENCE,BACHELOR OF SCIENCE IN MICROBIOLOGY AND MOLECULAR GENETICS,bachelor-of-science-in-microbiology-and-molecular-genetics,Quality Control Analyst,19-4099.01,Quality Control Analysts,curated,
FACULTY OF SCIENCE,BACHELOR OF SCIENCE IN MICROBIOLOGY AND MOLECULAR GENETICS,bachelor-of-science-in-microbiology-and-molecular-genetics,Pharmaceutical Sales Representative,41-4011.00,"Sales Representatives, Wholesale and Manufacturing, Technical and Scientific Products",gemini,0.95
FACULTY OF SCIENCE,BACHELOR OF SCIENCE IN MICROBIOLOGY AND MOLECULAR GENETICS,bachelor-of-science-in-microbiology-and-molecular-genetics,Environmental Microbiologist,19-1022.00,Microbiologists,gemini,0.95
FACULTY OF SCIENCE,BACHELOR OF SCIENCE IN MICROBIOLOGY AND MOLECULAR GENETICS,bachelor-of-science-in-microbiology-and-molecular-genetics,Public Health Microbiologist,19-1022.00,Microbiologists,curated,
FACULTY OF SCIENCE,BACHELOR OF SCIENCE IN MICROBIOLOGY AND MOLECULAR GENETICS,bachelor-of-science-in-microbiology-and-molecular-genetics,Food Safety Specialist,19-1012.00,Food Scientists and Technologists,gemini,0.85
FACULTY OF SCIENCE,BACHELOR OF SCIENCE IN MICROBIOLOGY AND MOLECULAR GENETICS,bachelor-of-science-in-microbiology-and-molecular-genetics,Forensic Scientist,19-4092.00,Forensic Science Technicians,curated,
FACULTY OF SCIENCE,BACHELOR OF SCIENCE IN MICROBIOLOGY AND MOLECULAR GENETICS,bachelor-of-science-in-microbiology-and-molecular-genetics,Laboratory Manager,11-9121.00,Natural Sciences Managers,gemini,0.85
FACULTY OF SCIENCE,BACHELOR OF SCIENCE IN MICROBIOLOGY AND MOLECULAR GENETICS,bachelor-of-science-in-microbiology-and-molecular-genetics,Genetic Counselor (with further study),29-9092.00,Genetic Counselors,curated,
FACULTY OF SCIENCE,BACHELOR OF SCIENCE IN MICROBIOLOGY AND MOLECULAR GENETICS,bachelor-of-science-in-microbiology-and-molecular-genetics,Vaccine Development Specialist,19-1042.00,"Medical Scientists, Except Epidemiologists",gemini,0.9
FACULTY OF SCIENCE,BACHELOR OF SCIENCE IN MICROBIOLOGY AND MOLECULAR GENETICS,bachelor-of-science-in-microbiology-and-molecular-genetics,Industrial Microbiologist,19-1022.00,Microbiologists,gemini,0.95
FACULTY OF SCIENCE,BACHELOR OF SCIENCE IN MICROBIOLOGY AND MOLECULAR GENETICS,bachelor-of-science-in-microbiology-and-molecular-genetics,Science Communicator,27-3042.00,Technical Writers,gemini,0.8
FACULTY OF SCIENCE,BACHELOR OF SCIENCE IN MICROBIOLOGY AND MOLECULAR GENETICS,bachelor-of-science-in-microbiology-and-molecular-genetics,Regulatory Affairs Associate,13-1041.07,Regulatory Affairs Specialists,gemini,0.95
FACULTY OF SCIENCE,BACHELOR OF SCIENCE IN MICROBIOLOGY AND MOLECULAR GENETICS,bachelor-of-science-in-microbiology-and-molecular-genetics,Academic Research Assistant,19-4099.00,"Life, Physical, and Social Science Technicians, All Other",gemini,0.8
FACULTY OF SCIENCE,BACHELOR OF SCIENCE IN MICROBIOLOGY AND MOLECULAR GENETICS,bachelor-of-science-in-microbiology-and-molecular-genetics,Bioinformatics Analyst,15-2099.01,Bioinformatics Technicians,curated,
FACULTY OF SCIENCE,BACHELOR OF SCIENCE IN STATISTICS,bachelor-of-science-in-statistics,Statistician,15-2041.00,Statisticians,curated,
FACULTY OF SCIENCE,BACHELOR OF SCIENCE IN STATISTICS,bachelor-of-science-in-statistics,Data Analyst,19-3022.00,Survey Researchers,curated,
FACULTY OF SCIENCE,BACHELOR OF SCIENCE IN STATISTICS,bachelor-of-science-in-statistics,Data Scientist,15-2051.00,Data Scientists,curated,
FACULTY OF SCIENCE,BACHELOR OF SCIENCE IN STATISTICS,bachelor-of-science-in-statistics,Biostatistician,15-2041.01,Biostatisticians,curated,
FACULTY OF SCIENCE,BACHELOR OF SCIENCE IN STATISTICS,bachelor-of-science-in-statistics,Actuary,15-2011.00,Actuaries,curated,
FACULTY OF SCIENCE,BACHELOR OF SCIENCE IN STATISTICS,bachelor-of-science-in-statistics,Risk Analyst,13-2054.00,Financial Risk Specialists,curated,
FACULTY OF SCIENCE,BACHELOR OF SCIENCE IN STATISTICS,bachelor-of-science-in-statistics,Market Research Analyst,13-1161.00,Market Research Analysts and Marketing Specialists,curated,
FACULTY OF SCIENCE,BACHELOR OF SCIENCE IN STATISTICS,bachelor-of-science-in-statistics,Financial Analyst,13-2051.00,Financial and Investment Analysts,curated,
FACULTY OF SCIENCE,BACHELOR OF SCIENCE IN STATISTICS,bachelor-of-science-in-statistics,Business Intelligence Analyst,15-2051.01,Business Intelligence Analysts,curated,
FACULTY OF SCIENCE,BACHELOR OF SCIENCE IN STATISTICS,bachelor-of-science-in-statistics,Operations Analyst,15-2031.00,Operations Research Analysts,gemini,0.95
FACULTY OF SCIENCE,BACHELOR OF SCIENCE IN STATISTICS,bachelor-of-science-in-statistics,Policy Analyst,19-3094.00,Political Scientists,gemini,0.85
FACULTY OF SCIENCE,BACHELOR OF SCIENCE IN STATISTICS,bachelor-of-science-in-statistics,Quality Control Analyst,19-4099.01,Quality Control Analysts,curated,
FACULTY OF SCIENCE,BACHELOR OF SCIENCE IN STATISTICS,bachelor-of-science-in-statistics,Research Scientist,,,unmapped,0.8
FACULTY OF SCIENCE,BACHELOR OF SCIENCE IN STATISTICS,bachelor-of-science-in-statistics,Statistical Programmer,15-1251.00,Computer Programmers,gemini,0.9
FACULTY OF SCIENCE,BACHELOR OF SCIENCE IN STATISTICS,bachelor-of-science-in-statistics,Econometrician,19-3011.00,Economists,gemini,0.95
FACULTY OF SCIENCE,BACHELOR OF SCIENCE IN STATISTICS,bachelor-of-science-in-statistics,Epidemiologist,19-1041.00,Epidemiologists,curated,
FACULTY OF SCIENCE,BACHELOR OF SCIENCE IN STATISTICS,bachelor-of-science-in-statistics,Survey Researcher,19-3022.00,Survey Researchers,curated,
FACULTY OF SCIENCE,BACHELOR OF SCIENCE IN STATISTICS,bachelor-of-science-in-statistics,Sports Statistician,15-2041.00,Statisticians,gemini,0.95
FACULTY OF SCIENCE,BACHELOR OF SCIENCE IN STATISTICS,bachelor-of-science-in-statistics,Insurance Underwriter,13-2053.00,Insurance Underwriters,curated,
FACULTY OF SCIENCE,BACHELOR OF SCIENCE IN STATISTICS,bachelor-of-science-in-statistics,Demographer,15-2041.00,Statisticians,gemini,0.85
FACULTY OF SPORTS AND EXERCISE SCIENCE,BACHELOR OF SPORTS MANAGEMENT,bachelor-of-sports-management,Sports Marketing Manager,11-2021.00,Marketing Managers,gemini,0.95
FACULTY OF SPORTS AND EXERCISE SCIENCE,BACHELOR OF SPORTS MANAGEMENT,bachelor-of-sports-management,Event Coordinator,13-1121.00,"Meeting, Convention, and Event Planners",curated,
FACULTY OF SPORTS AND EXERCISE SCIENCE,BACHELOR OF SPORTS MANAGEMENT,bachelor-of-sports-management,Sports Agent,13-1011.00,"Agents and Business Managers of Artists, Performers, and Athletes",gemini,0.95
FACULTY OF SPORTS AND EXERCISE SCIENCE,BACHELOR OF SPORTS MANAGEMENT,bachelor-of-sports-management,Athletic Director,11-9032.00,"Education Administrators, Kindergarten through Secondary",curated,
FACULTY OF SPORTS AND EXERCISE SCIENCE,BACHELOR OF SPORTS MANAGEMENT,bachelor-of-sports-management,Sports Facility Manager,11-9072.00,"Entertainment and Recreation Managers, Except Gambling",gemini,0.85
FACULTY OF SPORTS AND EXERCISE SCIENCE,BACHELOR OF SPORTS MANAGEMENT,bachelor-of-sports-management,Sports Analyst,27-3023.00,"News Analysts, Reporters, and Journalists",gemini,0.85
FACULTY OF SPORTS AND EXERCISE SCIENCE,BACHELOR OF SPORTS MANAGEMENT,bachelor-of-sports-management,Sports Public Relations Specialist,27-3031.00,Public Relations Specialists,gemini,0.95
FACULTY OF SPORTS AND EXERCISE SCIENCE,BACHELOR OF SPORTS MANAGEMENT,bachelor-of-sports-management,Sports Development Officer,11-9072.00,"Entertainment and Recreation Managers, Except Gambling",gemini,0.8
FACULTY OF SPORTS AND EXERCISE SCIENCE,BACHELOR OF SPORTS MANAGEMENT,bachelor-of-sports-management,Fitness Center Manager,11-9179.01,Fitness and Wellness Coordinators,curated,
FACULTY OF SPORTS AND EXERCISE SCIENCE,BACHELOR OF SPORTS MANAGEMENT,bachelor-of-sports-management,Sports Journalist,27-3023.00,"News Analysts, Reporters, and Journalists",gemini,0.95
FACULTY OF SPORTS AND EXERCISE SCIENCE,BACHELOR OF SPORTS MANAGEMENT,bachelor-of-sports-management,Team Operations Manager,11-1021.00,General and Operations Managers,gemini,0.9
FACULTY OF SPORTS AND EXERCISE SCIENCE,BACHELOR OF SPORTS MANAGEMENT,bachelor-of-sports-management,Sponsorship Coordinator,13-1131.00,Fundraisers,gemini,0.8
FACULTY OF SPORTS AND EXERCISE SCIENCE,BACHELOR OF SPORTS MANAGEMENT,bachelor-of-sports-management,Sports Coach,27-2022.00,Coaches and Scouts,gemini,0.95
FACULTY OF SPORTS AND EXERCISE SCIENCE,BACHELOR OF SPORTS MANAGEMENT,bachelor-of-sports-management,Recreation Manager,11-9072.00,"Entertainment and Recreation Managers, Except Gambling",curated,
FACULTY OF SPORTS AND EXERCISE SCIENCE,BACHELOR OF SPORTS MANAGEMENT,bachelor-of-sports-management,Sports Data Analyst,15-2051.00,Data Scientists,gemini,0.9
FACULTY OF SPORTS AND EXERCISE SCIENCE,BACHELOR OF SPORTS MANAGEMENT,bachelor-of-sports-management,Sports Consultant,13-1111.00,Management Analysts,gemini,0.7
FACULTY OF SPORTS AND EXERCISE SCIENCE,BACHELOR OF SPORTS MANAGEMENT,bachelor-of-sports-management,Tournament Director,11-9072.00,"Entertainment and Recreation Managers, Except Gambling",gemini,0.85
FACULTY OF SPORTS AND EXERCISE SCIENCE,BACHELOR OF SPORTS MANAGEMENT,bachelor-of-sports-management,Sports Official,27-2023.00,"Umpires, Referees, and Other Sports Officials",curated,
FACULTY OF SPORTS AND EXERCISE SCIENCE,BACHELOR OF SPORTS MANAGEMENT,bachelor-of-sports-management,Athlete Liaison Officer,13-1011.00,"Agents and Business Managers of Artists, Performers, and Athletes",gemini,0.8
FACULTY OF SPORTS AND EXERCISE SCIENCE,BACHELOR OF SPORTS MANAGEMENT,bachelor-of-sports-management,Sports Product Manager,13-1082.00,Project Management Specialists,gemini,0.8
FACULTY OF SPORTS AND EXERCISE SCIENCE,BACHELOR OF SPORTS SCIENCE (EXERCISE SCIENCE),bachelor-of-sport-sciences,Exercise Physiologist,29-1128.00,Exercise Physiologists,curated,
FACULTY OF SPORTS AND EXERCISE SCIENCE,BACHELOR OF SPORTS SCIENCE (EXERCISE SCIENCE),bachelor-of-sport-sciences,Sports Coach,27-2022.00,Coaches and Scouts,gemini,0.95
FACULTY OF SPORTS AND EXERCISE SCIENCE,BACHELOR OF SPORTS SCIENCE (EXERCISE SCIENCE),bachelor-of-sport-sciences,Fitness Trainer,39-9031.00,Exercise Trainers and Group Fitness Instructors,curated,
FACULTY OF SPORTS AND EXERCISE SCIENCE,BACHELOR OF SPORTS SCIENCE (EXERCISE SCIENCE),bachelor-of-sport-sciences,Rehabilitation Specialist,21-1015.00,Rehabilitation Counselors,curated,
FACULTY OF SPORTS AND EXERCISE SCIENCE,BACHELOR OF SPORTS SCIENCE (EXERCISE SCIENCE),bachelor-of-sport-sciences,Strength and Conditioning Coach,39-9031.00,Exercise Trainers and Group Fitness Instructors,curated,
FACULTY OF SPORTS AND EXERCISE SCIENCE,BACHELOR OF SPORTS SCIENCE (EXERCISE SCIENCE),bachelor-of-sport-sciences,Sports Scientist,29-1128.00,Exercise Physiologists,gemini,0.9
FACULTY OF SPORTS AND EXERCISE SCIENCE,BACHELOR OF SPORTS SCIENCE (EXERCISE SCIENCE),bachelor-of-sport-sciences,Athletic Trainer,29-9091.00,Athletic Trainers,curated,
FACULTY OF SPORTS AND EXERCISE SCIENCE,BACHELOR OF SPORTS SCIENCE (EXERCISE SCIENCE),bachelor-of-sport-sciences,Wellness Consultant,11-9179.01,Fitness and Wellness Coordinators,gemini,0.8
FACULTY OF SPORTS AND EXERCISE SCIENCE,BACHELOR OF SPORTS SCIENCE (EXERCISE SCIENCE),bachelor-of-sport-sciences,Physical Therapy Assistant,31-2021.00,Physical Therapist Assistants,gemini,0.95
FACULTY OF SPORTS AND EXERCISE SCIENCE,BACHELOR OF SPORTS SCIENCE (EXERCISE SCIENCE),bachelor-of-sport-sciences,Sports Nutritionist,29-1031.00,Dietitians and Nutritionists,gemini,0.95
FACULTY OF SPORTS AND EXERCISE SCIENCE,BACHELOR OF SPORTS SCIENCE (EXERCISE SCIENCE),bachelor-of-sport-sciences,Health Promotion Specialist,21-1091.00,Health Education Specialists,curated,
FACULTY OF SPORTS AND EXERCISE SCIENCE,BACHELOR OF SPORTS SCIENCE (EXERCISE SCIENCE),bachelor-of-sport-sciences,Occupational Therapist (with further study),29-1122.00,Occupational Therapists,curated,
FACULTY OF SPORTS AND EXERCISE SCIENCE,BACHELOR OF SPORTS SCIENCE (EXERCISE SCIENCE),bachelor-of-sport-sciences,Exercise Therapist,29-1128.00,Exercise Physiologists,gemini,0.85
FACULTY OF SPORTS AND EXERCISE SCIENCE,BACHELOR OF SPORTS SCIENCE (EXERCISE SCIENCE),bachelor-of-sport-sciences,Corporate Wellness Coordinator,11-9179.01,Fitness and Wellness Coordinators,gemini,0.95
FACULTY OF SPORTS AND EXERCISE SCIENCE,BACHELOR OF SPORTS SCIENCE (EXERCISE SCIENCE),bachelor-of-sport-sciences,Bio-mechanist,17-2031.00,Bioengineers and Biomedical Engineers,gemini,0.8
FACULTY OF SPORTS AND EXERCISE SCIENCE,BACHELOR OF SPORTS SCIENCE (EXERCISE SCIENCE),bachelor-of-sport-sciences,Sports Psychologist Assistant,19-3039.00,"Psychologists, All Other",gemini,0.75
FACULTY OF SPORTS AND EXERCISE SCIENCE,BACHELOR OF SPORTS SCIENCE (EXERCISE SCIENCE),bachelor-of-sport-sciences,Kinesiologist,29-1128.00,Exercise Physiologists,gemini,0.85
FACULTY OF SPORTS AND EXERCISE SCIENCE,BACHELOR OF SPORTS SCIENCE (EXERCISE SCIENCE),bachelor-of-sport-sciences,Sports Medicine Technician,29-9091.00,Athletic Trainers,gemini,0.85
FACULTY OF SPORTS AND EXERCISE SCIENCE,BACHELOR OF SPORTS SCIENCE (EXERCISE SCIENCE),bachelor-of-sport-sciences,Research Assistant in Sports Science,19-4099.00,"Life, Physical, and Social Science Technicians, All Other",gemini,0.85
FACULTY OF SPORTS AND EXERCISE SCIENCE,BACHELOR OF SPORTS SCIENCE (EXERCISE SCIENCE),bachelor-of-sport-sciences,Community Health Worker,21-1094.00,Community Health Workers,curated,
