faculty,programme,programme_slug,career_title
ACADEMY OF ISLAMIC STUDIES,BACHELOR OF ISLAMIC STUDIES AND SCIENCE,bachelor-of-islamic-studies-and-science,Islamic Scholar
ACADEMY OF ISLAMIC STUDIES,BACHELOR OF ISLAMIC STUDIES AND SCIENCE,bachelor-of-islamic-studies-and-science,Religious Teacher
ACADEMY OF ISLAMIC STUDIES,BACHELOR OF ISLAMIC STUDIES AND SCIENCE,bachelor-of-islamic-studies-and-science,Academic Researcher
ACADEMY OF ISLAMIC STUDIES,BACHELOR OF ISLAMIC STUDIES AND SCIENCE,bachelor-of-islamic-studies-and-science,Islamic Finance Advisor
ACADEMY OF ISLAMIC STUDIES,BACHELOR OF ISLAMIC STUDIES AND SCIENCE,bachelor-of-islamic-studies-and-science,Community Development Officer
ACADEMY OF ISLAMIC STUDIES,BACHELOR OF ISLAMIC STUDIES AND SCIENCE,bachelor-of-islamic-studies-and-science,Islamic Education Curriculum Developer
ACADEMY OF ISLAMIC STUDIES,BACHELOR OF ISLAMIC STUDIES AND SCIENCE,bachelor-of-islamic-studies-and-science,Interfaith Dialogue Facilitator
ACADEMY OF ISLAMIC STUDIES,BACHELOR OF ISLAMIC STUDIES AND SCIENCE,bachelor-of-islamic-studies-and-science,Islamic Law Consultant
ACADEMY OF ISLAMIC STUDIES,BACHELOR OF ISLAMIC STUDIES AND SCIENCE,bachelor-of-islamic-studies-and-science,Public Policy Analyst
ACADEMY OF ISLAMIC STUDIES,BACHELOR OF ISLAMIC STUDIES AND SCIENCE,bachelor-of-islamic-studies-and-science,Social Services Coordinator
ACADEMY OF ISLAMIC STUDIES,BACHELOR OF ISLAMIC STUDIES AND SCIENCE,bachelor-of-islamic-studies-and-science,Cultural Heritage Manager
ACADEMY OF ISLAMIC STUDIES,BACHELOR OF ISLAMIC STUDIES AND SCIENCE,bachelor-of-islamic-studies-and-science,NGO Program Officer
ACADEMY OF ISLAMIC STUDIES,BACHELOR OF ISLAMIC STUDIES AND SCIENCE,bachelor-of-islamic-studies-and-science,Religious Counsellor
ACADEMY OF ISLAMIC STUDIES,BACHELOR OF ISLAMIC STUDIES AND SCIENCE,bachelor-of-islamic-studies-and-science,Lecturer
ACADEMY OF ISLAMIC STUDIES,BACHELOR OF ISLAMIC STUDIES AND SCIENCE,bachelor-of-islamic-studies-and-science,Writer Or Author On Islamic Topics
ACADEMY OF ISLAMIC STUDIES,BACHELOR OF ISLAMIC STUDIES AND SCIENCE,bachelor-of-islamic-studies-and-science,Islamic Museum Curator
ACADEMY OF ISLAMIC STUDIES,BACHELOR OF ISLAMIC STUDIES AND SCIENCE,bachelor-of-islamic-studies-and-science,Translator Of Islamic Texts
ACADEMY OF ISLAMIC STUDIES,BACHELOR OF ISLAMIC STUDIES AND SCIENCE,bachelor-of-islamic-studies-and-science,Media And Communications Specialist In Islamic Content
ACADEMY OF ISLAMIC STUDIES,BACHELOR OF ISLAMIC STUDIES AND SCIENCE,bachelor-of-islamic-studies-and-science,Human Rights Advocate
ACADEMY OF ISLAMIC STUDIES,BACHELOR OF ISLAMIC STUDIES AND SCIENCE,bachelor-of-islamic-studies-and-science,Ethics Consultant
ACADEMY OF ISLAMIC STUDIES,BACHELOR OF ISLAMIC STUDIES AND SCIENCE,bachelor-of-islamic-studies-and-science,Educational Administrator
ACADEMY OF ISLAMIC STUDIES,BACHELOR OF MUAMALAT MANAGEMENT,bachelor-of-muamalat-management,Shariah Compliance Officer
ACADEMY OF ISLAMIC STUDIES,BACHELOR OF MUAMALAT MANAGEMENT,bachelor-of-muamalat-management,Islamic Finance Executive
ACADEMY OF ISLAMIC STUDIES,BACHELOR OF MUAMALAT MANAGEMENT,bachelor-of-muamalat-management,Syariah Auditor
ACADEMY OF ISLAMIC STUDIES,BACHELOR OF MUAMALAT MANAGEMENT,bachelor-of-muamalat-management,Halal Industry Executive
ACADEMY OF ISLAMIC STUDIES,BACHELOR OF MUAMALAT MANAGEMENT,bachelor-of-muamalat-management,Takaful (Islamic Insurance) Agent
ACADEMY OF ISLAMIC STUDIES,BACHELOR OF MUAMALAT MANAGEMENT,bachelor-of-muamalat-management,Islamic Banking Officer
ACADEMY OF ISLAMIC STUDIES,BACHELOR OF MUAMALAT MANAGEMENT,bachelor-of-muamalat-management,Investment Analyst (Islamic Funds)
ACADEMY OF ISLAMIC STUDIES,BACHELOR OF MUAMALAT MANAGEMENT,bachelor-of-muamalat-management,Zakat and Waqf Management Officer
ACADEMY OF ISLAMIC STUDIES,BACHELOR OF MUAMALAT MANAGEMENT,bachelor-of-muamalat-management,Financial Planner (Islamic Finance)
ACADEMY OF ISLAMIC STUDIES,BACHELOR OF MUAMALAT MANAGEMENT,bachelor-of-muamalat-management,Islamic Wealth Management Advisor
ACADEMY OF ISLAMIC STUDIES,BACHELOR OF MUAMALAT MANAGEMENT,bachelor-of-muamalat-management,Research Officer (Islamic Economics)
ACADEMY OF ISLAMIC STUDIES,BACHELOR OF MUAMALAT MANAGEMENT,bachelor-of-muamalat-management,Entrepreneur (Halal Business)
ACADEMY OF ISLAMIC STUDIES,BACHELOR OF MUAMALAT MANAGEMENT,bachelor-of-muamalat-management,Corporate Governance Executive (Shariah-compliant firms)
ACADEMY OF ISLAMIC STUDIES,BACHELOR OF MUAMALAT MANAGEMENT,bachelor-of-muamalat-management,Lecturer or Academic Researcher in Islamic Finance
ACADEMY OF ISLAMIC STUDIES,BACHELOR OF MUAMALAT MANAGEMENT,bachelor-of-muamalat-management,Islamic Capital Market Executive
ACADEMY OF ISLAMIC STUDIES,BACHELOR OF AL-QURAN AND AL-HADITH,bachelor-of-al-quran-and-al-hadith,Islamic Scholar
ACADEMY OF ISLAMIC STUDIES,BACHELOR OF AL-QURAN AND AL-HADITH,bachelor-of-al-quran-and-al-hadith,Religious Teacher
ACADEMY OF ISLAMIC STUDIES,BACHELOR OF AL-QURAN AND AL-HADITH,bachelor-of-al-quran-and-al-hadith,Quranic Studies Lecturer
ACADEMY OF ISLAMIC STUDIES,BACHELOR OF AL-QURAN AND AL-HADITH,bachelor-of-al-quran-and-al-hadith,Hadith Researcher
ACADEMY OF ISLAMIC STUDIES,BACHELOR OF AL-QURAN AND AL-HADITH,bachelor-of-al-quran-and-al-hadith,Islamic Counsellor
ACADEMY OF ISLAMIC STUDIES,BACHELOR OF AL-QURAN AND AL-HADITH,bachelor-of-al-quran-and-al-hadith,Islamic Education Coordinator
ACADEMY OF ISLAMIC STUDIES,BACHELOR OF AL-QURAN AND AL-HADITH,bachelor-of-al-quran-and-al-hadith,Mosque Imam
ACADEMY OF ISLAMIC STUDIES,BACHELOR OF AL-QURAN AND AL-HADITH,bachelor-of-al-quran-and-al-hadith,Religious Advisor
ACADEMY OF ISLAMIC STUDIES,BACHELOR OF AL-QURAN AND AL-HADITH,bachelor-of-al-quran-and-al-hadith,Author Of Islamic Literature
ACADEMY OF ISLAMIC STUDIES,BACHELOR OF AL-QURAN AND AL-HADITH,bachelor-of-al-quran-and-al-hadith,Islamic Curriculum Developer
ACADEMY OF ISLAMIC STUDIES,BACHELOR OF AL-QURAN AND AL-HADITH,bachelor-of-al-quran-and-al-hadith,Islamic Content Writer
ACADEMY OF ISLAMIC STUDIES,BACHELOR OF AL-QURAN AND AL-HADITH,bachelor-of-al-quran-and-al-hadith,Translator Of Islamic Texts
ACADEMY OF ISLAMIC STUDIES,BACHELOR OF AL-QURAN AND AL-HADITH,bachelor-of-al-quran-and-al-hadith,Community Outreach Coordinator
ACADEMY OF ISLAMIC STUDIES,BACHELOR OF AL-QURAN AND AL-HADITH,bachelor-of-al-quran-and-al-hadith,Islamic Affairs Officer
ACADEMY OF ISLAMIC STUDIES,BACHELOR OF AL-QURAN AND AL-HADITH,bachelor-of-al-quran-and-al-hadith,Interfaith Dialogue Facilitator
ACADEMY OF ISLAMIC STUDIES,BACHELOR OF AL-QURAN AND AL-HADITH,bachelor-of-al-quran-and-al-hadith,Islamic Historian
ACADEMY OF ISLAMIC STUDIES,BACHELOR OF AL-QURAN AND AL-HADITH,bachelor-of-al-quran-and-al-hadith,Religious Event Organizer
ACADEMY OF ISLAMIC STUDIES,BACHELOR OF AL-QURAN AND AL-HADITH,bachelor-of-al-quran-and-al-hadith,Quran Memorization Coach
ACADEMY OF ISLAMIC STUDIES,BACHELOR OF AL-QURAN AND AL-HADITH,bachelor-of-al-quran-and-al-hadith,Islamic Law Consultant
ACADEMY OF ISLAMIC STUDIES,BACHELOR OF AL-QURAN AND AL-HADITH,bachelor-of-al-quran-and-al-hadith,Lecturer In Islamic Universities
ACADEMY OF ISLAMIC STUDIES,BACHELOR OF SHARIAH AND LAW,bachelor-of-shariah-and-law,Shariah Lawyer
ACADEMY OF ISLAMIC STUDIES,BACHELOR OF SHARIAH AND LAW,bachelor-of-shariah-and-law,Islamic Court Judge
ACADEMY OF ISLAMIC STUDIES,BACHELOR OF SHARIAH AND LAW,bachelor-of-shariah-and-law,Legal Advisor In Islamic Finance
ACADEMY OF ISLAMIC STUDIES,BACHELOR OF SHARIAH AND LAW,bachelor-of-shariah-and-law,Compliance Officer In Islamic Banking
ACADEMY OF ISLAMIC STUDIES,BACHELOR OF SHARIAH AND LAW,bachelor-of-shariah-and-law,Legal Consultant
ACADEMY OF ISLAMIC STUDIES,BACHELOR OF SHARIAH AND LAW,bachelor-of-shariah-and-law,Legal Researcher
ACADEMY OF ISLAMIC STUDIES,BACHELOR OF SHARIAH AND LAW,bachelor-of-shariah-and-law,Mediator In Islamic Disputes
ACADEMY OF ISLAMIC STUDIES,BACHELOR OF SHARIAH AND LAW,bachelor-of-shariah-and-law,Lecturer In Shariah And Law
ACADEMY OF ISLAMIC STUDIES,BACHELOR OF SHARIAH AND LAW,bachelor-of-shariah-and-law,Government Legal Officer
ACADEMY OF ISLAMIC STUDIES,BACHELOR OF SHARIAH AND LAW,bachelor-of-shariah-and-law,Legal Policy Analyst
ACADEMY OF ISLAMIC STUDIES,BACHELOR OF SHARIAH AND LAW,bachelor-of-shariah-and-law,Human Rights Advocate
ACADEMY OF ISLAMIC STUDIES,BACHELOR OF SHARIAH AND LAW,bachelor-of-shariah-and-law,Legal Auditor
ACADEMY OF ISLAMIC STUDIES,BACHELOR OF SHARIAH AND LAW,bachelor-of-shariah-and-law,Corporate Legal Counsel With Shariah Expertise
ACADEMY OF ISLAMIC STUDIES,BACHELOR OF SHARIAH AND LAW,bachelor-of-shariah-and-law,Public Prosecutor In Islamic Courts
ACADEMY OF ISLAMIC STUDIES,BACHELOR OF SHARIAH AND LAW,bachelor-of-shariah-and-law,Legal Affairs Manager
ACADEMY OF ISLAMIC STUDIES,BACHELOR OF SHARIAH AND LAW,bachelor-of-shariah-and-law,NGO Legal Advisor
ACADEMY OF ISLAMIC STUDIES,BACHELOR OF SHARIAH AND LAW,bachelor-of-shariah-and-law,Legal Writer/Journalist
ACADEMY OF ISLAMIC STUDIES,BACHELOR OF SHARIAH AND LAW,bachelor-of-shariah-and-law,Law Enforcement Officer Specializing In Shariah
ACADEMY OF ISLAMIC STUDIES,BACHELOR OF SHARIAH AND LAW,bachelor-of-shariah-and-law,Arbitrator
ACADEMY OF ISLAMIC STUDIES,BACHELOR OF SHARIAH AND LAW,bachelor-of-shariah-and-law,Islamic Legal Trainer
ACADEMY OF ISLAMIC STUDIES,BACHELOR OF SHARIAH,bachelor-of-shariah,Shariah Advisor
ACADEMY OF ISLAMIC STUDIES,BACHELOR OF SHARIAH,bachelor-of-shariah,Islamic Finance Consultant
ACADEMY OF ISLAMIC STUDIES,BACHELOR OF SHARIAH,bachelor-of-shariah,Mosque Imam
ACADEMY OF ISLAMIC STUDIES,BACHELOR OF SHARIAH,bachelor-of-shariah,Islamic Judge (Qadi)
ACADEMY OF ISLAMIC STUDIES,BACHELOR OF SHARIAH,bachelor-of-shariah,Religious Teacher
ACADEMY OF ISLAMIC STUDIES,BACHELOR OF SHARIAH,bachelor-of-shariah,Islamic Legal Researcher
ACADEMY OF ISLAMIC STUDIES,BACHELOR OF SHARIAH,bachelor-of-shariah,Lecturer In Syariah Studies
ACADEMY OF ISLAMIC STUDIES,BACHELOR OF SHARIAH,bachelor-of-shariah,Halal Certification Officer
ACADEMY OF ISLAMIC STUDIES,BACHELOR OF SHARIAH,bachelor-of-shariah,Islamic Banking Officer
ACADEMY OF ISLAMIC STUDIES,BACHELOR OF SHARIAH,bachelor-of-shariah,Islamic Counsellor
ACADEMY OF ISLAMIC STUDIES,BACHELOR OF SHARIAH,bachelor-of-shariah,Legal Consultant In Syariah Law
ACADEMY OF ISLAMIC STUDIES,BACHELOR OF SHARIAH,bachelor-of-shariah,Compliance Officer In Islamic Institutions
ACADEMY OF ISLAMIC STUDIES,BACHELOR OF SHARIAH,bachelor-of-shariah,Community Outreach Coordinator
ACADEMY OF ISLAMIC STUDIES,BACHELOR OF SHARIAH,bachelor-of-shariah,Mediator In Family And Inheritance Matters
ACADEMY OF ISLAMIC STUDIES,BACHELOR OF SHARIAH,bachelor-of-shariah,Islamic Affairs Officer
ACADEMY OF ISLAMIC STUDIES,BACHELOR OF SHARIAH,bachelor-of-shariah,NGO Worker Specializing In Islamic Law
ACADEMY OF ISLAMIC STUDIES,BACHELOR OF SHARIAH,bachelor-of-shariah,Islamic Content Writer
ACADEMY OF ISLAMIC STUDIES,BACHELOR OF SHARIAH,bachelor-of-shariah,Public Speaker On Syariah Issues
ACADEMY OF ISLAMIC STUDIES,BACHELOR OF SHARIAH,bachelor-of-shariah,Islamic Event Organizer
ACADEMY OF ISLAMIC STUDIES,BACHELOR OF SHARIAH,bachelor-of-shariah,Policy Analyst In Islamic Law
ACADEMY OF ISLAMIC STUDIES,BACHELOR OF USULUDDIN,bachelor-of-usuluddin,Religious Teacher
ACADEMY OF ISLAMIC STUDIES,BACHELOR OF USULUDDIN,bachelor-of-usuluddin,Islamic Studies Lecturer
ACADEMY OF ISLAMIC STUDIES,BACHELOR OF USULUDDIN,bachelor-of-usuluddin,Imam
ACADEMY OF ISLAMIC STUDIES,BACHELOR OF USULUDDIN,bachelor-of-usuluddin,Mosque Administrator
ACADEMY OF ISLAMIC STUDIES,BACHELOR OF USULUDDIN,bachelor-of-usuluddin,Islamic Counsellor
ACADEMY OF ISLAMIC STUDIES,BACHELOR OF USULUDDIN,bachelor-of-usuluddin,Researcher in Islamic Theology
ACADEMY OF ISLAMIC STUDIES,BACHELOR OF USULUDDIN,bachelor-of-usuluddin,Shariah Advisor
ACADEMY OF ISLAMIC STUDIES,BACHELOR OF USULUDDIN,bachelor-of-usuluddin,Islamic NGO Officer
ACADEMY OF ISLAMIC STUDIES,BACHELOR OF USULUDDIN,bachelor-of-usuluddin,Islamic Content Writer
ACADEMY OF ISLAMIC STUDIES,BACHELOR OF USULUDDIN,bachelor-of-usuluddin,Religious Affairs Officer
ACADEMY OF ISLAMIC STUDIES,BACHELOR OF USULUDDIN,bachelor-of-usuluddin,Interfaith Dialogue Coordinator
ACADEMY OF ISLAMIC STUDIES,BACHELOR OF USULUDDIN,bachelor-of-usuluddin,Islamic Education Curriculum Developer
ACADEMY OF ISLAMIC STUDIES,BACHELOR OF USULUDDIN,bachelor-of-usuluddin,Da’wah Officer
ACADEMY OF ISLAMIC STUDIES,BACHELOR OF USULUDDIN,bachelor-of-usuluddin,Chaplain
ACADEMY OF ISLAMIC STUDIES,BACHELOR OF USULUDDIN,bachelor-of-usuluddin,Islamic Ethics Consultant
ACADEMY OF ISLAMIC STUDIES,BACHELOR OF USULUDDIN,bachelor-of-usuluddin,Quranic Studies Specialist
ACADEMY OF ISLAMIC STUDIES,BACHELOR OF USULUDDIN,bachelor-of-usuluddin,Islamic Youth Mentor
ACADEMY OF ISLAMIC STUDIES,BACHELOR OF USULUDDIN,bachelor-of-usuluddin,Religious Broadcaster
ACADEMY OF ISLAMIC STUDIES,BACHELOR OF USULUDDIN,bachelor-of-usuluddin,Islamic Heritage Researcher
ACADEMY OF ISLAMIC STUDIES,BACHELOR OF ISLAMIC EDUCATION,bachelor-of-islamic-education,Islamic Education Teacher
ACADEMY OF ISLAMIC STUDIES,BACHELOR OF ISLAMIC EDUCATION,bachelor-of-islamic-education,Islamic Studies Lecturer
ACADEMY OF ISLAMIC STUDIES,BACHELOR OF ISLAMIC EDUCATION,bachelor-of-islamic-education,Curriculum Developer For Islamic Education
ACADEMY OF ISLAMIC STUDIES,BACHELOR OF ISLAMIC EDUCATION,bachelor-of-islamic-education,Tahfiz School Teacher
ACADEMY OF ISLAMIC STUDIES,BACHELOR OF ISLAMIC EDUCATION,bachelor-of-islamic-education,Religious School Administrator
ACADEMY OF ISLAMIC STUDIES,BACHELOR OF ISLAMIC EDUCATION,bachelor-of-islamic-education,Educational Consultant
ACADEMY OF ISLAMIC STUDIES,BACHELOR OF ISLAMIC EDUCATION,bachelor-of-islamic-education,Islamic Education Researcher
ACADEMY OF ISLAMIC STUDIES,BACHELOR OF ISLAMIC EDUCATION,bachelor-of-islamic-education,Textbook Writer For Islamic Subjects
ACADEMY OF ISLAMIC STUDIES,BACHELOR OF ISLAMIC EDUCATION,bachelor-of-islamic-education,Da’wah Officer
ACADEMY OF ISLAMIC STUDIES,BACHELOR OF ISLAMIC EDUCATION,bachelor-of-islamic-education,Islamic Education Inspector
ACADEMY OF ISLAMIC STUDIES,BACHELOR OF ISLAMIC EDUCATION,bachelor-of-islamic-education,Islamic NGO Education Officer
ACADEMY OF ISLAMIC STUDIES,BACHELOR OF ISLAMIC EDUCATION,bachelor-of-islamic-education,Religious Counsellor
ACADEMY OF ISLAMIC STUDIES,BACHELOR OF ISLAMIC EDUCATION,bachelor-of-islamic-education,Education Policy Advisor (Islamic Education)
ACADEMY OF ISLAMIC STUDIES,BACHELOR OF ISLAMIC EDUCATION,bachelor-of-islamic-education,Islamic Education Trainer
ACADEMY OF ISLAMIC STUDIES,BACHELOR OF ISLAMIC EDUCATION,bachelor-of-islamic-education,Islamic Youth Educator
ACADEMY OF ISLAMIC STUDIES,BACHELOR OF ISLAMIC EDUCATION,bachelor-of-islamic-education,Education Officer In Religious Institutions
ACADEMY OF ISLAMIC STUDIES,BACHELOR OF ISLAMIC EDUCATION,bachelor-of-islamic-education,Islamic E-Learning Content Developer
ACADEMY OF ISLAMIC STUDIES,BACHELOR OF ISLAMIC EDUCATION,bachelor-of-islamic-education,Moral And Civic Education Teacher (Islamic Perspective)
ACADEMY OF ISLAMIC STUDIES,BACHELOR OF ISLAMIC EDUCATION,bachelor-of-islamic-education,Islamic Education Broadcaster
ACADEMY OF ISLAMIC STUDIES,BACHELOR OF ISLAMIC EDUCATION,bachelor-of-islamic-education,Religious Education Coordinator
ACADEMY OF MALAY STUDIES,BACHELOR OF PROFESSIONAL MALAY LANGUAGE,bachelor-of-proffesional-malay-language,Malay Language Editor
ACADEMY OF MALAY STUDIES,BACHELOR OF PROFESSIONAL MALAY LANGUAGE,bachelor-of-proffesional-malay-language,Content Writer
ACADEMY OF MALAY STUDIES,BACHELOR OF PROFESSIONAL MALAY LANGUAGE,bachelor-of-proffesional-malay-language,Copywriter
ACADEMY OF MALAY STUDIES,BACHELOR OF PROFESSIONAL MALAY LANGUAGE,bachelor-of-proffesional-malay-language,Translator
ACADEMY OF MALAY STUDIES,BACHELOR OF PROFESSIONAL MALAY LANGUAGE,bachelor-of-proffesional-malay-language,Language Researcher
ACADEMY OF MALAY STUDIES,BACHELOR OF PROFESSIONAL MALAY LANGUAGE,bachelor-of-proffesional-malay-language,Proofreader
ACADEMY OF MALAY STUDIES,BACHELOR OF PROFESSIONAL MALAY LANGUAGE,bachelor-of-proffesional-malay-language,Lexicographer
ACADEMY OF MALAY STUDIES,BACHELOR OF PROFESSIONAL MALAY LANGUAGE,bachelor-of-proffesional-malay-language,Language Policy Officer
ACADEMY OF MALAY STUDIES,BACHELOR OF PROFESSIONAL MALAY LANGUAGE,bachelor-of-proffesional-malay-language,Scriptwriter
ACADEMY OF MALAY STUDIES,BACHELOR OF PROFESSIONAL MALAY LANGUAGE,bachelor-of-proffesional-malay-language,Subtitler
ACADEMY OF MALAY STUDIES,BACHELOR OF PROFESSIONAL MALAY LANGUAGE,bachelor-of-proffesional-malay-language,Public Relations Officer
ACADEMY OF MALAY STUDIES,BACHELOR OF PROFESSIONAL MALAY LANGUAGE,bachelor-of-proffesional-malay-language,Corporate Communications Executive
ACADEMY OF MALAY STUDIES,BACHELOR OF PROFESSIONAL MALAY LANGUAGE,bachelor-of-proffesional-malay-language,Speechwriter
ACADEMY OF MALAY STUDIES,BACHELOR OF PROFESSIONAL MALAY LANGUAGE,bachelor-of-proffesional-malay-language,Language Trainer
ACADEMY OF MALAY STUDIES,BACHELOR OF PROFESSIONAL MALAY LANGUAGE,bachelor-of-proffesional-malay-language,Malay Language Teacher
ACADEMY OF MALAY STUDIES,BACHELOR OF PROFESSIONAL MALAY LANGUAGE,bachelor-of-proffesional-malay-language,Media Analyst
ACADEMY OF MALAY STUDIES,BACHELOR OF PROFESSIONAL MALAY LANGUAGE,bachelor-of-proffesional-malay-language,Broadcast Journalist
ACADEMY OF MALAY STUDIES,BACHELOR OF PROFESSIONAL MALAY LANGUAGE,bachelor-of-proffesional-malay-language,Technical Writer
ACADEMY OF MALAY STUDIES,BACHELOR OF PROFESSIONAL MALAY LANGUAGE,bachelor-of-proffesional-malay-language,Cultural Officer
ACADEMY OF MALAY STUDIES,BACHELOR OF MALAY LINGUISTICS,bachelor-of-malay-linguistic,Linguist
ACADEMY OF MALAY STUDIES,BACHELOR OF MALAY LINGUISTICS,bachelor-of-malay-linguistic,Language Researcher
ACADEMY OF MALAY STUDIES,BACHELOR OF MALAY LINGUISTICS,bachelor-of-malay-linguistic,Translator
ACADEMY OF MALAY STUDIES,BACHELOR OF MALAY LINGUISTICS,bachelor-of-malay-linguistic,Interpreter
ACADEMY OF MALAY STUDIES,BACHELOR OF MALAY LINGUISTICS,bachelor-of-malay-linguistic,Editor
ACADEMY OF MALAY STUDIES,BACHELOR OF MALAY LINGUISTICS,bachelor-of-malay-linguistic,Lexicographer
ACADEMY OF MALAY STUDIES,BACHELOR OF MALAY LINGUISTICS,bachelor-of-malay-linguistic,Proofreader
ACADEMY OF MALAY STUDIES,BACHELOR OF MALAY LINGUISTICS,bachelor-of-malay-linguistic,Language Planner
ACADEMY OF MALAY STUDIES,BACHELOR OF MALAY LINGUISTICS,bachelor-of-malay-linguistic,Copywriter
ACADEMY OF MALAY STUDIES,BACHELOR OF MALAY LINGUISTICS,bachelor-of-malay-linguistic,Scriptwriter
ACADEMY OF MALAY STUDIES,BACHELOR OF MALAY LINGUISTICS,bachelor-of-malay-linguistic,Speech Analyst
ACADEMY OF MALAY STUDIES,BACHELOR OF MALAY LINGUISTICS,bachelor-of-malay-linguistic,Content Developer
ACADEMY OF MALAY STUDIES,BACHELOR OF MALAY LINGUISTICS,bachelor-of-malay-linguistic,Language Teacher
ACADEMY OF MALAY STUDIES,BACHELOR OF MALAY LINGUISTICS,bachelor-of-malay-linguistic,Communication Officer
ACADEMY OF MALAY STUDIES,BACHELOR OF MALAY LINGUISTICS,bachelor-of-malay-linguistic,Academic Researcher
ACADEMY OF MALAY STUDIES,BACHELOR OF MALAY LINGUISTICS,bachelor-of-malay-linguistic,Lecturer
ACADEMY OF MALAY STUDIES,BACHELOR OF MALAY LINGUISTICS,bachelor-of-malay-linguistic,Curriculum Developer
ACADEMY OF MALAY STUDIES,BACHELOR OF MALAY LINGUISTICS,bachelor-of-malay-linguistic,Language Consultant
ACADEMY OF MALAY STUDIES,BACHELOR OF MALAY LINGUISTICS,bachelor-of-malay-linguistic,Media Analyst
ACADEMY OF MALAY STUDIES,BACHELOR OF MALAY LINGUISTICS,bachelor-of-malay-linguistic,Public Relations Officer
ACADEMY OF MALAY STUDIES,BACHELOR OF MALAY LINGUISTICS,bachelor-of-malay-linguistic,Text Analyst
ACADEMY OF MALAY STUDIES,BACHELOR OF MALAY LINGUISTICS,bachelor-of-malay-linguistic,Subtitling Specialist
ACADEMY OF MALAY STUDIES,BACHELOR OF MALAY LINGUISTICS,bachelor-of-malay-linguistic,Technical Writer
ACADEMY OF MALAY STUDIES,BACHELOR OF MALAY LITERATURE,bachelor-of-malay-literature,Writer
ACADEMY OF MALAY STUDIES,BACHELOR OF MALAY LITERATURE,bachelor-of-malay-literature,Novelist
ACADEMY OF MALAY STUDIES,BACHELOR OF MALAY LITERATURE,bachelor-of-malay-literature,Poet
ACADEMY OF MALAY STUDIES,BACHELOR OF MALAY LITERATURE,bachelor-of-malay-literature,Editor
ACADEMY OF MALAY STUDIES,BACHELOR OF MALAY LITERATURE,bachelor-of-malay-literature,Scriptwriter
ACADEMY OF MALAY STUDIES,BACHELOR OF MALAY LITERATURE,bachelor-of-malay-literature,Copywriter
ACADEMY OF MALAY STUDIES,BACHELOR OF MALAY LITERATURE,bachelor-of-malay-literature,Content Creator
ACADEMY OF MALAY STUDIES,BACHELOR OF MALAY LITERATURE,bachelor-of-malay-literature,Literature Researcher
ACADEMY OF MALAY STUDIES,BACHELOR OF MALAY LITERATURE,bachelor-of-malay-literature,Lecturer
ACADEMY OF MALAY STUDIES,BACHELOR OF MALAY LITERATURE,bachelor-of-malay-literature,Language Teacher
ACADEMY OF MALAY STUDIES,BACHELOR OF MALAY LITERATURE,bachelor-of-malay-literature,Cultural Officer
ACADEMY OF MALAY STUDIES,BACHELOR OF MALAY LITERATURE,bachelor-of-malay-literature,Museum Curator
ACADEMY OF MALAY STUDIES,BACHELOR OF MALAY LITERATURE,bachelor-of-malay-literature,Publisher
ACADEMY OF MALAY STUDIES,BACHELOR OF MALAY LITERATURE,bachelor-of-malay-literature,Journalist
ACADEMY OF MALAY STUDIES,BACHELOR OF MALAY LITERATURE,bachelor-of-malay-literature,Literary Critic
ACADEMY OF MALAY STUDIES,BACHELOR OF MALAY LITERATURE,bachelor-of-malay-literature,Book Reviewer
ACADEMY OF MALAY STUDIES,BACHELOR OF MALAY LITERATURE,bachelor-of-malay-literature,Public Relations Officer
ACADEMY OF MALAY STUDIES,BACHELOR OF MALAY LITERATURE,bachelor-of-malay-literature,Communication Executive
ACADEMY OF MALAY STUDIES,BACHELOR OF MALAY LITERATURE,bachelor-of-malay-literature,Academic Writer
ACADEMY OF MALAY STUDIES,BACHELOR OF MALAY LITERATURE,bachelor-of-malay-literature,Translator
ACADEMY OF MALAY STUDIES,BACHELOR OF MALAY LITERATURE,bachelor-of-malay-literature,Heritage Officer
ACADEMY OF MALAY STUDIES,BACHELOR OF MALAY LITERATURE,bachelor-of-malay-literature,Creative Director
ACADEMY OF MALAY STUDIES,BACHELOR OF MALAY LITERATURE,bachelor-of-malay-literature,Media Producer
ACADEMY OF MALAY STUDIES,BACHELOR OF MALAY STUDIES,bachelor-of-malay-studies,Language Researcher
ACADEMY OF MALAY STUDIES,BACHELOR OF MALAY STUDIES,bachelor-of-malay-studies,Cultural Officer
ACADEMY OF MALAY STUDIES,BACHELOR OF MALAY STUDIES,bachelor-of-malay-studies,Museum Curator
ACADEMY OF MALAY STUDIES,BACHELOR OF MALAY STUDIES,bachelor-of-malay-studies,Archivist
ACADEMY OF MALAY STUDIES,BACHELOR OF MALAY STUDIES,bachelor-of-malay-studies,Historian
ACADEMY OF MALAY STUDIES,BACHELOR OF MALAY STUDIES,bachelor-of-malay-studies,Lecturer
ACADEMY OF MALAY STUDIES,BACHELOR OF MALAY STUDIES,bachelor-of-malay-studies,Translator
ACADEMY OF MALAY STUDIES,BACHELOR OF MALAY STUDIES,bachelor-of-malay-studies,Editor
ACADEMY OF MALAY STUDIES,BACHELOR OF MALAY STUDIES,bachelor-of-malay-studies,Content Writer
ACADEMY OF MALAY STUDIES,BACHELOR OF MALAY STUDIES,bachelor-of-malay-studies,Scriptwriter
ACADEMY OF MALAY STUDIES,BACHELOR OF MALAY STUDIES,bachelor-of-malay-studies,Copywriter
ACADEMY OF MALAY STUDIES,BACHELOR OF MALAY STUDIES,bachelor-of-malay-studies,Policy Analyst
ACADEMY OF MALAY STUDIES,BACHELOR OF MALAY STUDIES,bachelor-of-malay-studies,Public Relations Officer
ACADEMY OF MALAY STUDIES,BACHELOR OF MALAY STUDIES,bachelor-of-malay-studies,Diplomatic Officer
ACADEMY OF MALAY STUDIES,BACHELOR OF MALAY STUDIES,bachelor-of-malay-studies,Journalist
ACADEMY OF MALAY STUDIES,BACHELOR OF MALAY STUDIES,bachelor-of-malay-studies,Media Executive
ACADEMY OF MALAY STUDIES,BACHELOR OF MALAY STUDIES,bachelor-of-malay-studies,Heritage Conservation Officer
ACADEMY OF MALAY STUDIES,BACHELOR OF MALAY STUDIES,bachelor-of-malay-studies,Education Officer
ACADEMY OF MALAY STUDIES,BACHELOR OF MALAY STUDIES,bachelor-of-malay-studies,Tourism Officer
ACADEMY OF MALAY STUDIES,BACHELOR OF MALAY STUDIES,bachelor-of-malay-studies,Academic Writer
ACADEMY OF MALAY STUDIES,BACHELOR OF MALAY STUDIES,bachelor-of-malay-studies,Lexicographer
ACADEMY OF MALAY STUDIES,BACHELOR OF MALAY STUDIES,bachelor-of-malay-studies,Community Engagement Officer
FACULTY OF ARTS & SOCIAL SCIENCE,BACHELOR OF ARTS ANTHROPOLOGY AND SOCIOLOGY,bachelor-of-arts-anthropology-and-sociology,Academic Researcher/Professor
FACULTY OF ARTS & SOCIAL SCIENCE,BACHELOR OF ARTS ANTHROPOLOGY AND SOCIOLOGY,bachelor-of-arts-anthropology-and-sociology,Arts and Cultural Administrator
FACULTY OF ARTS & SOCIAL SCIENCE,BACHELOR OF ARTS ANTHROPOLOGY AND SOCIOLOGY,bachelor-of-arts-anthropology-and-sociology,Community Development Specialist
FACULTY OF ARTS & SOCIAL SCIENCE,BACHELOR OF ARTS ANTHROPOLOGY AND SOCIOLOGY,bachelor-of-arts-anthropology-and-sociology,Content Creator/Writer
FACULTY OF ARTS & SOCIAL SCIENCE,BACHELOR OF ARTS ANTHROPOLOGY AND SOCIOLOGY,bachelor-of-arts-anthropology-and-sociology,Cultural Arts Manager
FACULTY OF ARTS & SOCIAL SCIENCE,BACHELOR OF ARTS ANTHROPOLOGY AND SOCIOLOGY,bachelor-of-arts-anthropology-and-sociology,Educational Consultant
FACULTY OF ARTS & SOCIAL SCIENCE,BACHELOR OF ARTS ANTHROPOLOGY AND SOCIOLOGY,bachelor-of-arts-anthropology-and-sociology,Entrepreneur in Creative Industries
FACULTY OF ARTS & SOCIAL SCIENCE,BACHELOR OF ARTS ANTHROPOLOGY AND SOCIOLOGY,bachelor-of-arts-anthropology-and-sociology,Language Specialist/Translator
FACULTY OF ARTS & SOCIAL SCIENCE,BACHELOR OF ARTS ANTHROPOLOGY AND SOCIOLOGY,bachelor-of-arts-anthropology-and-sociology,Organizational Consultant
FACULTY OF ARTS & SOCIAL SCIENCE,BACHELOR OF ARTS ANTHROPOLOGY AND SOCIOLOGY,bachelor-of-arts-anthropology-and-sociology,Policy Analyst
FACULTY OF ARTS & SOCIAL SCIENCE,BACHELOR OF ARTS ANTHROPOLOGY AND SOCIOLOGY,bachelor-of-arts-anthropology-and-sociology,Public Relations Specialist
FACULTY OF ARTS & SOCIAL SCIENCE,BACHELOR OF ARTS ANTHROPOLOGY AND SOCIOLOGY,bachelor-of-arts-anthropology-and-sociology,Social Researcher
FACULTY OF ARTS & SOCIAL SCIENCE,BACHELOR OF ARTS ANTHROPOLOGY AND SOCIOLOGY,bachelor-of-arts-anthropology-and-sociology,Sociologist/Anthropologist
FACULTY OF ARTS & SOCIAL SCIENCE,BACHELOR OF ARTS ANTHROPOLOGY AND SOCIOLOGY,bachelor-of-arts-anthropology-and-sociology,Tourism Consultant
FACULTY OF ARTS & SOCIAL SCIENCE,BACHELOR OF GEOGRAPHY,bachelor-of-geography,Climatologist
FACULTY OF ARTS & SOCIAL SCIENCE,BACHELOR OF GEOGRAPHY,bachelor-of-geography,Community Development Specialist
FACULTY OF ARTS & SOCIAL SCIENCE,BACHELOR OF GEOGRAPHY,bachelor-of-geography,Data Analyst
FACULTY OF ARTS & SOCIAL SCIENCE,BACHELOR OF GEOGRAPHY,bachelor-of-geography,Demographer
FACULTY OF ARTS & SOCIAL SCIENCE,BACHELOR OF GEOGRAPHY,bachelor-of-geography,Economic Geographer
FACULTY OF ARTS & SOCIAL SCIENCE,BACHELOR OF GEOGRAPHY,bachelor-of-geography,Environmental Consultant
FACULTY OF ARTS & SOCIAL SCIENCE,BACHELOR OF GEOGRAPHY,bachelor-of-geography,Environmental Scientist
FACULTY OF ARTS & SOCIAL SCIENCE,BACHELOR OF GEOGRAPHY,bachelor-of-geography,Geographic Information Systems (GIS) Specialist
FACULTY OF ARTS & SOCIAL SCIENCE,BACHELOR OF GEOGRAPHY,bachelor-of-geography,Policy Advisor
FACULTY OF ARTS & SOCIAL SCIENCE,BACHELOR OF GEOGRAPHY,bachelor-of-geography,Remote Sensing Analyst
FACULTY OF ARTS & SOCIAL SCIENCE,BACHELOR OF GEOGRAPHY,bachelor-of-geography,Research Analyst
FACULTY OF ARTS & SOCIAL SCIENCE,BACHELOR OF GEOGRAPHY,bachelor-of-geography,Spatial Analyst
FACULTY OF ARTS & SOCIAL SCIENCE,BACHELOR OF GEOGRAPHY,bachelor-of-geography,Sustainability Consultant
FACULTY OF ARTS & SOCIAL SCIENCE,BACHELOR OF GEOGRAPHY,bachelor-of-geography,Urban Planner
FACULTY OF ARTS & SOCIAL SCIENCE,BACHELOR OF ENVIRONMENTAL STUDIES,bachelor-of-environmental-studies,Environmental Consultant
FACULTY OF ARTS & SOCIAL SCIENCE,BACHELOR OF ENVIRONMENTAL STUDIES,bachelor-of-environmental-studies,Sustainability Officer
FACULTY OF ARTS & SOCIAL SCIENCE,BACHELOR OF ENVIRONMENTAL STUDIES,bachelor-of-environmental-studies,Environmental Educator
FACULTY OF ARTS & SOCIAL SCIENCE,BACHELOR OF ENVIRONMENTAL STUDIES,bachelor-of-environmental-studies,Conservation Scientist
FACULTY OF ARTS & SOCIAL SCIENCE,BACHELOR OF ENVIRONMENTAL STUDIES,bachelor-of-environmental-studies,Environmental Policy Analyst
FACULTY OF ARTS & SOCIAL SCIENCE,BACHELOR OF ENVIRONMENTAL STUDIES,bachelor-of-environmental-studies,Wildlife Conservationist
FACULTY OF ARTS & SOCIAL SCIENCE,BACHELOR OF ENVIRONMENTAL STUDIES,bachelor-of-environmental-studies,Environmental Health and Safety Officer
FACULTY OF ARTS & SOCIAL SCIENCE,BACHELOR OF ENVIRONMENTAL STUDIES,bachelor-of-environmental-studies,Climate Change Analyst
FACULTY OF ARTS & SOCIAL SCIENCE,BACHELOR OF ENVIRONMENTAL STUDIES,bachelor-of-environmental-studies,Renewable Energy Consultant
FACULTY OF ARTS & SOCIAL SCIENCE,BACHELOR OF ENVIRONMENTAL STUDIES,bachelor-of-environmental-studies,Environmental Researcher
FACULTY OF ARTS & SOCIAL SCIENCE,BACHELOR OF ENVIRONMENTAL STUDIES,bachelor-of-environmental-studies,Waste Management Officer
FACULTY OF ARTS & SOCIAL SCIENCE,BACHELOR OF ENVIRONMENTAL STUDIES,bachelor-of-environmental-studies,Ecotourism Planner
FACULTY OF ARTS & SOCIAL SCIENCE,BACHELOR OF ENVIRONMENTAL STUDIES,bachelor-of-environmental-studies,Environmental Compliance Officer
FACULTY OF ARTS & SOCIAL SCIENCE,BACHELOR OF ENVIRONMENTAL STUDIES,bachelor-of-environmental-studies,Natural Resource Manager
FACULTY OF ARTS & SOCIAL SCIENCE,BACHELOR OF ENVIRONMENTAL STUDIES,bachelor-of-environmental-studies,Urban Sustainability Planner
FACULTY OF ARTS & SOCIAL SCIENCE,BACHELOR OF ENVIRONMENTAL STUDIES,bachelor-of-environmental-studies,Green Building Specialist
FACULTY OF ARTS & SOCIAL SCIENCE,BACHELOR OF ENVIRONMENTAL STUDIES,bachelor-of-environmental-studies,Environmental Outreach Coordinator
FACULTY OF ARTS & SOCIAL SCIENCE,BACHELOR OF ENVIRONMENTAL STUDIES,bachelor-of-environmental-studies,Forest and Land Use Planner
FACULTY OF ARTS & SOCIAL SCIENCE,BACHELOR OF ENVIRONMENTAL STUDIES,bachelor-of-environmental-studies,Water Resource Specialist
FACULTY OF ARTS & SOCIAL SCIENCE,BACHELOR OF ENVIRONMENTAL STUDIES,bachelor-of-environmental-studies,Environmental Impact Assessment Officer
FACULTY OF ARTS & SOCIAL SCIENCE,BACHELOR OF ARTS INTERNATIONAL AND STRATEGIC STUDIES,bachelor-of-arts-international-and-strategic-studies,Academic Researcher in International Studies
FACULTY OF ARTS & SOCIAL SCIENCE,BACHELOR OF ARTS INTERNATIONAL AND STRATEGIC STUDIES,bachelor-of-arts-international-and-strategic-studies,Diplomat
FACULTY OF ARTS & SOCIAL SCIENCE,BACHELOR OF ARTS INTERNATIONAL AND STRATEGIC STUDIES,bachelor-of-arts-international-and-strategic-studies,Foreign Affairs Specialist
FACULTY OF ARTS & SOCIAL SCIENCE,BACHELOR OF ARTS INTERNATIONAL AND STRATEGIC STUDIES,bachelor-of-arts-international-and-strategic-studies,Global Risk Manager
FACULTY OF ARTS & SOCIAL SCIENCE,BACHELOR OF ARTS INTERNATIONAL AND STRATEGIC STUDIES,bachelor-of-arts-international-and-strategic-studies,Intelligence Officer
FACULTY OF ARTS & SOCIAL SCIENCE,BACHELOR OF ARTS INTERNATIONAL AND STRATEGIC STUDIES,bachelor-of-arts-international-and-strategic-studies,International Business Development Manager
FACULTY OF ARTS & SOCIAL SCIENCE,BACHELOR OF ARTS INTERNATIONAL AND STRATEGIC STUDIES,bachelor-of-arts-international-and-strategic-studies,International Development Officer
FACULTY OF ARTS & SOCIAL SCIENCE,BACHELOR OF ARTS INTERNATIONAL AND STRATEGIC STUDIES,bachelor-of-arts-international-and-strategic-studies,International Law Specialist
FACULTY OF ARTS & SOCIAL SCIENCE,BACHELOR OF ARTS INTERNATIONAL AND STRATEGIC STUDIES,bachelor-of-arts-international-and-strategic-studies,International Relations Consultant
FACULTY OF ARTS & SOCIAL SCIENCE,BACHELOR OF ARTS INTERNATIONAL AND STRATEGIC STUDIES,bachelor-of-arts-international-and-strategic-studies,NGO Coordinator
FACULTY OF ARTS & SOCIAL SCIENCE,BACHELOR OF ARTS INTERNATIONAL AND STRATEGIC STUDIES,bachelor-of-arts-international-and-strategic-studies,Policy Advisor
FACULTY OF ARTS & SOCIAL SCIENCE,BACHELOR OF ARTS INTERNATIONAL AND STRATEGIC STUDIES,bachelor-of-arts-international-and-strategic-studies,Political Analyst
FACULTY OF ARTS & SOCIAL SCIENCE,BACHELOR OF ARTS INTERNATIONAL AND STRATEGIC STUDIES,bachelor-of-arts-international-and-strategic-studies,Public Affairs Manager
FACULTY OF ARTS & SOCIAL SCIENCE,BACHELOR OF ARTS INTERNATIONAL AND STRATEGIC STUDIES,bachelor-of-arts-international-and-strategic-studies,Security Analyst
FACULTY OF ARTS & SOCIAL SCIENCE,BACHELOR OF ARTS INTERNATIONAL AND STRATEGIC STUDIES,bachelor-of-arts-international-and-strategic-studies,Strategic Planner
FACULTY OF ARTS & SOCIAL SCIENCE,BACHELOR OF ARTS SOUTHEAST ASIANS STUDIES,bachelor-of-arts-southeast-asians-studies,Academic Researcher
FACULTY OF ARTS & SOCIAL SCIENCE,BACHELOR OF ARTS SOUTHEAST ASIANS STUDIES,bachelor-of-arts-southeast-asians-studies,Business Development Manager
FACULTY OF ARTS & SOCIAL SCIENCE,BACHELOR OF ARTS SOUTHEAST ASIANS STUDIES,bachelor-of-arts-southeast-asians-studies,Cultural Consultant
FACULTY OF ARTS & SOCIAL SCIENCE,BACHELOR OF ARTS SOUTHEAST ASIANS STUDIES,bachelor-of-arts-southeast-asians-studies,Cultural Heritage Manager
FACULTY OF ARTS & SOCIAL SCIENCE,BACHELOR OF ARTS SOUTHEAST ASIANS STUDIES,bachelor-of-arts-southeast-asians-studies,Development Project Manager
FACULTY OF ARTS & SOCIAL SCIENCE,BACHELOR OF ARTS SOUTHEAST ASIANS STUDIES,bachelor-of-arts-southeast-asians-studies,Diplomat or Foreign Service Officer
FACULTY OF ARTS & SOCIAL SCIENCE,BACHELOR OF ARTS SOUTHEAST ASIANS STUDIES,bachelor-of-arts-southeast-asians-studies,Environmental Consultant
FACULTY OF ARTS & SOCIAL SCIENCE,BACHELOR OF ARTS SOUTHEAST ASIANS STUDIES,bachelor-of-arts-southeast-asians-studies,International Trade Specialist
FACULTY OF ARTS & SOCIAL SCIENCE,BACHELOR OF ARTS SOUTHEAST ASIANS STUDIES,bachelor-of-arts-southeast-asians-studies,Language Specialist
FACULTY OF ARTS & SOCIAL SCIENCE,BACHELOR OF ARTS SOUTHEAST ASIANS STUDIES,bachelor-of-arts-southeast-asians-studies,Maritime Policy Analyst
FACULTY OF ARTS & SOCIAL SCIENCE,BACHELOR OF ARTS SOUTHEAST ASIANS STUDIES,bachelor-of-arts-southeast-asians-studies,Non-Governmental Organization (NGO) Specialist
FACULTY OF ARTS & SOCIAL SCIENCE,BACHELOR OF ARTS SOUTHEAST ASIANS STUDIES,bachelor-of-arts-southeast-asians-studies,Policy Advisor
FACULTY OF ARTS & SOCIAL SCIENCE,BACHELOR OF ARTS SOUTHEAST ASIANS STUDIES,bachelor-of-arts-southeast-asians-studies,Social Entrepreneur
FACULTY OF ARTS & SOCIAL SCIENCE,BACHELOR OF ARTS SOUTHEAST ASIANS STUDIES,bachelor-of-arts-southeast-asians-studies,Southeast Asia Regional Analyst
FACULTY OF ARTS & SOCIAL SCIENCE,BACHELOR OF ARTS SOUTHEAST ASIANS STUDIES,bachelor-of-arts-southeast-asians-studies,Tourism Development Officer
FACULTY OF ARTS & SOCIAL SCIENCE,BACHELOR OF EAST ASIAN STUDIES,bachelor-of-east-asian-studies,Academic Researcher
FACULTY OF ARTS & SOCIAL SCIENCE,BACHELOR OF EAST ASIAN STUDIES,bachelor-of-east-asian-studies,Corporate Communication Manager
FACULTY OF ARTS & SOCIAL SCIENCE,BACHELOR OF EAST ASIAN STUDIES,bachelor-of-east-asian-studies,Corporate Strategist in Multinational Companies
FACULTY OF ARTS & SOCIAL SCIENCE,BACHELOR OF EAST ASIAN STUDIES,bachelor-of-east-asian-studies,Cross-Cultural Trainer
FACULTY OF ARTS & SOCIAL SCIENCE,BACHELOR OF EAST ASIAN STUDIES,bachelor-of-east-asian-studies,Cultural Consultant
FACULTY OF ARTS & SOCIAL SCIENCE,BACHELOR OF EAST ASIAN STUDIES,bachelor-of-east-asian-studies,Diplomat
FACULTY OF ARTS & SOCIAL SCIENCE,BACHELOR OF EAST ASIAN STUDIES,bachelor-of-east-asian-studies,East Asian Market Analyst
FACULTY OF ARTS & SOCIAL SCIENCE,BACHELOR OF EAST ASIAN STUDIES,bachelor-of-east-asian-studies,Entrepreneur specializing in East Asian markets
FACULTY OF ARTS & SOCIAL SCIENCE,BACHELOR OF EAST ASIAN STUDIES,bachelor-of-east-asian-studies,Foreign Affairs Analyst
FACULTY OF ARTS & SOCIAL SCIENCE,BACHELOR OF EAST ASIAN STUDIES,bachelor-of-east-asian-studies,Foreign Policy Advisor
FACULTY OF ARTS & SOCIAL SCIENCE,BACHELOR OF EAST ASIAN STUDIES,bachelor-of-east-asian-studies,Government Policy Advisor
FACULTY OF ARTS & SOCIAL SCIENCE,BACHELOR OF EAST ASIAN STUDIES,bachelor-of-east-asian-studies,Intelligence Analyst
FACULTY OF ARTS & SOCIAL SCIENCE,BACHELOR OF EAST ASIAN STUDIES,bachelor-of-east-asian-studies,International Business Consultant
FACULTY OF ARTS & SOCIAL SCIENCE,BACHELOR OF EAST ASIAN STUDIES,bachelor-of-east-asian-studies,International Development Specialist
FACULTY OF ARTS & SOCIAL SCIENCE,BACHELOR OF EAST ASIAN STUDIES,bachelor-of-east-asian-studies,International Relations Specialist
FACULTY OF ARTS & SOCIAL SCIENCE,BACHELOR OF EAST ASIAN STUDIES,bachelor-of-east-asian-studies,Journalist/Foreign Correspondent
FACULTY OF ARTS & SOCIAL SCIENCE,BACHELOR OF EAST ASIAN STUDIES,bachelor-of-east-asian-studies,Language Instructor
FACULTY OF ARTS & SOCIAL SCIENCE,BACHELOR OF EAST ASIAN STUDIES,bachelor-of-east-asian-studies,Maritime Trade Analyst
FACULTY OF ARTS & SOCIAL SCIENCE,BACHELOR OF EAST ASIAN STUDIES,bachelor-of-east-asian-studies,Media Analyst
FACULTY OF ARTS & SOCIAL SCIENCE,BACHELOR OF EAST ASIAN STUDIES,bachelor-of-east-asian-studies,NGO Worker/Coordinator
FACULTY OF ARTS & SOCIAL SCIENCE,BACHELOR OF EAST ASIAN STUDIES,bachelor-of-east-asian-studies,Public Relations Specialist
FACULTY OF ARTS & SOCIAL SCIENCE,BACHELOR OF EAST ASIAN STUDIES,bachelor-of-east-asian-studies,Tourism Consultant
FACULTY OF ARTS & SOCIAL SCIENCE,BACHELOR OF EAST ASIAN STUDIES,bachelor-of-east-asian-studies,Trade and Investment Officer
FACULTY OF ARTS & SOCIAL SCIENCE,BACHELOR OF EAST ASIAN STUDIES,bachelor-of-east-asian-studies,Translator/Interpreter
FACULTY OF ARTS & SOCIAL SCIENCE,BACHELOR OF EAST ASIAN STUDIES,bachelor-of-east-asian-studies,University Lecturer
FACULTY OF ARTS & SOCIAL SCIENCE,BACHELOR OF SOCIAL ADMINISTRATION,bachelor-of-social-administration,Child Welfare Officer
FACULTY OF ARTS & SOCIAL SCIENCE,BACHELOR OF SOCIAL ADMINISTRATION,bachelor-of-social-administration,Community Development Specialist
FACULTY OF ARTS & SOCIAL SCIENCE,BACHELOR OF SOCIAL ADMINISTRATION,bachelor-of-social-administration,Community Outreach Coordinator
FACULTY OF ARTS & SOCIAL SCIENCE,BACHELOR OF SOCIAL ADMINISTRATION,bachelor-of-social-administration,Crime Prevention Specialist
FACULTY OF ARTS & SOCIAL SCIENCE,BACHELOR OF SOCIAL ADMINISTRATION,bachelor-of-social-administration,Criminologist
FACULTY OF ARTS & SOCIAL SCIENCE,BACHELOR OF SOCIAL ADMINISTRATION,bachelor-of-social-administration,Disability Advocate
FACULTY OF ARTS & SOCIAL SCIENCE,BACHELOR OF SOCIAL ADMINISTRATION,bachelor-of-social-administration,Gerontologist
FACULTY OF ARTS & SOCIAL SCIENCE,BACHELOR OF SOCIAL ADMINISTRATION,bachelor-of-social-administration,Medical Social Worker
FACULTY OF ARTS & SOCIAL SCIENCE,BACHELOR OF SOCIAL ADMINISTRATION,bachelor-of-social-administration,Mental Health Counselor
FACULTY OF ARTS & SOCIAL SCIENCE,BACHELOR OF SOCIAL ADMINISTRATION,bachelor-of-social-administration,Nonprofit Program Manager
FACULTY OF ARTS & SOCIAL SCIENCE,BACHELOR OF SOCIAL ADMINISTRATION,bachelor-of-social-administration,Policy Analyst
FACULTY OF ARTS & SOCIAL SCIENCE,BACHELOR OF SOCIAL ADMINISTRATION,bachelor-of-social-administration,Rehabilitation Specialist
FACULTY OF ARTS & SOCIAL SCIENCE,BACHELOR OF SOCIAL ADMINISTRATION,bachelor-of-social-administration,Social Entrepreneur
FACULTY OF ARTS & SOCIAL SCIENCE,BACHELOR OF SOCIAL ADMINISTRATION,bachelor-of-social-administration,Social Planner
FACULTY OF ARTS & SOCIAL SCIENCE,BACHELOR OF SOCIAL ADMINISTRATION,bachelor-of-social-administration,Social Policy Advisor
FACULTY OF ARTS & SOCIAL SCIENCE,BACHELOR OF SOCIAL ADMINISTRATION,bachelor-of-social-administration,Social Researcher
FACULTY OF ARTS & SOCIAL SCIENCE,BACHELOR OF SOCIAL ADMINISTRATION,bachelor-of-social-administration,Social Services Administrator
FACULTY OF ARTS & SOCIAL SCIENCE,BACHELOR OF SOCIAL ADMINISTRATION,bachelor-of-social-administration,Social Worker
FACULTY OF ARTS & SOCIAL SCIENCE,BACHELOR OF ARTS HISTORY,bachelor-of-arts-history,Academic Lecturer
FACULTY OF ARTS & SOCIAL SCIENCE,BACHELOR OF ARTS HISTORY,bachelor-of-arts-history,Archivist
FACULTY OF ARTS & SOCIAL SCIENCE,BACHELOR OF ARTS HISTORY,bachelor-of-arts-history,Cultural Heritage Manager
FACULTY OF ARTS & SOCIAL SCIENCE,BACHELOR OF ARTS HISTORY,bachelor-of-arts-history,Educational Program Developer
FACULTY OF ARTS & SOCIAL SCIENCE,BACHELOR OF ARTS HISTORY,bachelor-of-arts-history,Government Officer
FACULTY OF ARTS & SOCIAL SCIENCE,BACHELOR OF ARTS HISTORY,bachelor-of-arts-history,Heritage Tourism Specialist
FACULTY OF ARTS & SOCIAL SCIENCE,BACHELOR OF ARTS HISTORY,bachelor-of-arts-history,Historical Consultant
FACULTY OF ARTS & SOCIAL SCIENCE,BACHELOR OF ARTS HISTORY,bachelor-of-arts-history,Historian
FACULTY OF ARTS & SOCIAL SCIENCE,BACHELOR OF ARTS HISTORY,bachelor-of-arts-history,Intelligence Analyst
FACULTY OF ARTS & SOCIAL SCIENCE,BACHELOR OF ARTS HISTORY,bachelor-of-arts-history,International Relations Specialist
FACULTY OF ARTS & SOCIAL SCIENCE,BACHELOR OF ARTS HISTORY,bachelor-of-arts-history,Journalist
FACULTY OF ARTS & SOCIAL SCIENCE,BACHELOR OF ARTS HISTORY,bachelor-of-arts-history,Museum Curator
FACULTY OF ARTS & SOCIAL SCIENCE,BACHELOR OF ARTS HISTORY,bachelor-of-arts-history,Nonprofit Organization Specialist
FACULTY OF ARTS & SOCIAL SCIENCE,BACHELOR OF ARTS HISTORY,bachelor-of-arts-history,Policy Analyst
FACULTY OF ARTS & SOCIAL SCIENCE,BACHELOR OF ARTS HISTORY,bachelor-of-arts-history,Researcher
FACULTY OF ARTS & SOCIAL SCIENCE,BACHELOR OF ARTS INDIAN STUDIES,bachelor-of-arts-indian-studies,Academic Researcher
FACULTY OF ARTS & SOCIAL SCIENCE,BACHELOR OF ARTS INDIAN STUDIES,bachelor-of-arts-indian-studies,Archivist
FACULTY OF ARTS & SOCIAL SCIENCE,BACHELOR OF ARTS INDIAN STUDIES,bachelor-of-arts-indian-studies,Community Development Officer
FACULTY OF ARTS & SOCIAL SCIENCE,BACHELOR OF ARTS INDIAN STUDIES,bachelor-of-arts-indian-studies,Content Writer
FACULTY OF ARTS & SOCIAL SCIENCE,BACHELOR OF ARTS INDIAN STUDIES,bachelor-of-arts-indian-studies,Creative Writer
FACULTY OF ARTS & SOCIAL SCIENCE,BACHELOR OF ARTS INDIAN STUDIES,bachelor-of-arts-indian-studies,Cultural Consultant
FACULTY OF ARTS & SOCIAL SCIENCE,BACHELOR OF ARTS INDIAN STUDIES,bachelor-of-arts-indian-studies,Diplomat
FACULTY OF ARTS & SOCIAL SCIENCE,BACHELOR OF ARTS INDIAN STUDIES,bachelor-of-arts-indian-studies,Editor/Publisher
FACULTY OF ARTS & SOCIAL SCIENCE,BACHELOR OF ARTS INDIAN STUDIES,bachelor-of-arts-indian-studies,Ethnographer
FACULTY OF ARTS & SOCIAL SCIENCE,BACHELOR OF ARTS INDIAN STUDIES,bachelor-of-arts-indian-studies,Government Policy Advisor
FACULTY OF ARTS & SOCIAL SCIENCE,BACHELOR OF ARTS INDIAN STUDIES,bachelor-of-arts-indian-studies,Heritage Preservation Officer
FACULTY OF ARTS & SOCIAL SCIENCE,BACHELOR OF ARTS INDIAN STUDIES,bachelor-of-arts-indian-studies,Historian
FACULTY OF ARTS & SOCIAL SCIENCE,BACHELOR OF ARTS INDIAN STUDIES,bachelor-of-arts-indian-studies,International Relations Specialist
FACULTY OF ARTS & SOCIAL SCIENCE,BACHELOR OF ARTS INDIAN STUDIES,bachelor-of-arts-indian-studies,Journalist
FACULTY OF ARTS & SOCIAL SCIENCE,BACHELOR OF ARTS INDIAN STUDIES,bachelor-of-arts-indian-studies,Language Instructor
FACULTY OF ARTS & SOCIAL SCIENCE,BACHELOR OF ARTS INDIAN STUDIES,bachelor-of-arts-indian-studies,Media and Communications Specialist
FACULTY OF ARTS & SOCIAL SCIENCE,BACHELOR OF ARTS INDIAN STUDIES,bachelor-of-arts-indian-studies,Museum Curator
FACULTY OF ARTS & SOCIAL SCIENCE,BACHELOR OF ARTS INDIAN STUDIES,bachelor-of-arts-indian-studies,Non-Governmental Organization (NGO) Worker
FACULTY OF ARTS & SOCIAL SCIENCE,BACHELOR OF ARTS INDIAN STUDIES,bachelor-of-arts-indian-studies,Political Analyst
FACULTY OF ARTS & SOCIAL SCIENCE,BACHELOR OF ARTS INDIAN STUDIES,bachelor-of-arts-indian-studies,Public Relations Specialist
FACULTY OF ARTS & SOCIAL SCIENCE,BACHELOR OF ARTS INDIAN STUDIES,bachelor-of-arts-indian-studies,Religious Studies Scholar
FACULTY OF ARTS & SOCIAL SCIENCE,BACHELOR OF ARTS INDIAN STUDIES,bachelor-of-arts-indian-studies,Social and Cultural Analyst
FACULTY OF ARTS & SOCIAL SCIENCE,BACHELOR OF ARTS INDIAN STUDIES,bachelor-of-arts-indian-studies,Social Worker
FACULTY OF ARTS & SOCIAL SCIENCE,BACHELOR OF ARTS INDIAN STUDIES,bachelor-of-arts-indian-studies,Translator/Interpreter
FACULTY OF ARTS & SOCIAL SCIENCE,BACHELOR OF ARTS INDIAN STUDIES,bachelor-of-arts-indian-studies,University Lecturer
FACULTY OF ARTS & SOCIAL SCIENCE,BACHELOR OF ARTS CHINESE STUDIES,bachelor-of-arts-chinese-studies,Academic Lecturer
FACULTY OF ARTS & SOCIAL SCIENCE,BACHELOR OF ARTS CHINESE STUDIES,bachelor-of-arts-chinese-studies,Content Writer
FACULTY OF ARTS & SOCIAL SCIENCE,BACHELOR OF ARTS CHINESE STUDIES,bachelor-of-arts-chinese-studies,Cultural Consultant
FACULTY OF ARTS & SOCIAL SCIENCE,BACHELOR OF ARTS CHINESE STUDIES,bachelor-of-arts-chinese-studies,Diplomat
FACULTY OF ARTS & SOCIAL SCIENCE,BACHELOR OF ARTS CHINESE STUDIES,bachelor-of-arts-chinese-studies,Editor
FACULTY OF ARTS & SOCIAL SCIENCE,BACHELOR OF ARTS CHINESE STUDIES,bachelor-of-arts-chinese-studies,Foreign Correspondent
FACULTY OF ARTS & SOCIAL SCIENCE,BACHELOR OF ARTS CHINESE STUDIES,bachelor-of-arts-chinese-studies,Government Officer
FACULTY OF ARTS & SOCIAL SCIENCE,BACHELOR OF ARTS CHINESE STUDIES,bachelor-of-arts-chinese-studies,Historian
FACULTY OF ARTS & SOCIAL SCIENCE,BACHELOR OF ARTS CHINESE STUDIES,bachelor-of-arts-chinese-studies,International Relations Officer
FACULTY OF ARTS & SOCIAL SCIENCE,BACHELOR OF ARTS CHINESE STUDIES,bachelor-of-arts-chinese-studies,Interpreter
FACULTY OF ARTS & SOCIAL SCIENCE,BACHELOR OF ARTS CHINESE STUDIES,bachelor-of-arts-chinese-studies,Journalist
FACULTY OF ARTS & SOCIAL SCIENCE,BACHELOR OF ARTS CHINESE STUDIES,bachelor-of-arts-chinese-studies,Language Instructor
FACULTY OF ARTS & SOCIAL SCIENCE,BACHELOR OF ARTS CHINESE STUDIES,bachelor-of-arts-chinese-studies,Market Analyst
FACULTY OF ARTS & SOCIAL SCIENCE,BACHELOR OF ARTS CHINESE STUDIES,bachelor-of-arts-chinese-studies,Museum Curator
FACULTY OF ARTS & SOCIAL SCIENCE,BACHELOR OF ARTS CHINESE STUDIES,bachelor-of-arts-chinese-studies,Policy Advisor
FACULTY OF ARTS & SOCIAL SCIENCE,BACHELOR OF ARTS CHINESE STUDIES,bachelor-of-arts-chinese-studies,Publisher
FACULTY OF ARTS & SOCIAL SCIENCE,BACHELOR OF ARTS CHINESE STUDIES,bachelor-of-arts-chinese-studies,Researcher
FACULTY OF ARTS & SOCIAL SCIENCE,BACHELOR OF ARTS CHINESE STUDIES,bachelor-of-arts-chinese-studies,Scriptwriter
FACULTY OF ARTS & SOCIAL SCIENCE,BACHELOR OF ARTS CHINESE STUDIES,bachelor-of-arts-chinese-studies,Tour Guide
FACULTY OF ARTS & SOCIAL SCIENCE,BACHELOR OF ARTS CHINESE STUDIES,bachelor-of-arts-chinese-studies,Translator
FACULTY OF ARTS & SOCIAL SCIENCE,BACHELOR OF ARTS ENGLISH,bachelor-of-arts-english,Academic Researcher/Professor
FACULTY OF ARTS & SOCIAL SCIENCE,BACHELOR OF ARTS ENGLISH,bachelor-of-arts-english,Communications Consultant
FACULTY OF ARTS & SOCIAL SCIENCE,BACHELOR OF ARTS ENGLISH,bachelor-of-arts-english,Content Creator
FACULTY OF ARTS & SOCIAL SCIENCE,BACHELOR OF ARTS ENGLISH,bachelor-of-arts-english,Cultural Analyst
FACULTY OF ARTS & SOCIAL SCIENCE,BACHELOR OF ARTS ENGLISH,bachelor-of-arts-english,Dramaturg
FACULTY OF ARTS & SOCIAL SCIENCE,BACHELOR OF ARTS ENGLISH,bachelor-of-arts-english,Editor
FACULTY OF ARTS & SOCIAL SCIENCE,BACHELOR OF ARTS ENGLISH,bachelor-of-arts-english,Journalist
FACULTY OF ARTS & SOCIAL SCIENCE,BACHELOR OF ARTS ENGLISH,bachelor-of-arts-english,Literary Agent
FACULTY OF ARTS & SOCIAL SCIENCE,BACHELOR OF ARTS ENGLISH,bachelor-of-arts-english,Literary Critic
FACULTY OF ARTS & SOCIAL SCIENCE,BACHELOR OF ARTS ENGLISH,bachelor-of-arts-english,Media Specialist
FACULTY OF ARTS & SOCIAL SCIENCE,BACHELOR OF ARTS ENGLISH,bachelor-of-arts-english,Public Relations Officer
FACULTY OF ARTS & SOCIAL SCIENCE,BACHELOR OF ARTS ENGLISH,bachelor-of-arts-english,Publishing Professional
FACULTY OF ARTS & SOCIAL SCIENCE,BACHELOR OF ARTS ENGLISH,bachelor-of-arts-english,Scriptwriter
FACULTY OF ARTS & SOCIAL SCIENCE,BACHELOR OF ARTS ENGLISH,bachelor-of-arts-english,Theatre Director
FACULTY OF ARTS & SOCIAL SCIENCE,BACHELOR OF ARTS ENGLISH,bachelor-of-arts-english,Writer/Author
FACULTY OF ARTS & SOCIAL SCIENCE,BACHELOR OF MEDIA STUDIES (INDUSTRIAL MODE),bachelor-of-media-studies,Broadcast Journalist
FACULTY OF ARTS & SOCIAL SCIENCE,BACHELOR OF MEDIA STUDIES (INDUSTRIAL MODE),bachelor-of-media-studies,Communication Manager
FACULTY OF ARTS & SOCIAL SCIENCE,BACHELOR OF MEDIA STUDIES (INDUSTRIAL MODE),bachelor-of-media-studies,Creative Writer
FACULTY OF ARTS & SOCIAL SCIENCE,BACHELOR OF MEDIA STUDIES (INDUSTRIAL MODE),bachelor-of-media-studies,Digital Content Creator
FACULTY OF ARTS & SOCIAL SCIENCE,BACHELOR OF MEDIA STUDIES (INDUSTRIAL MODE),bachelor-of-media-studies,Documentary Producer
FACULTY OF ARTS & SOCIAL SCIENCE,BACHELOR OF MEDIA STUDIES (INDUSTRIAL MODE),bachelor-of-media-studies,Editorial Director
FACULTY OF ARTS & SOCIAL SCIENCE,BACHELOR OF MEDIA STUDIES (INDUSTRIAL MODE),bachelor-of-media-studies,Event Manager
FACULTY OF ARTS & SOCIAL SCIENCE,BACHELOR OF MEDIA STUDIES (INDUSTRIAL MODE),bachelor-of-media-studies,Marketing Communication Specialist
FACULTY OF ARTS & SOCIAL SCIENCE,BACHELOR OF MEDIA STUDIES (INDUSTRIAL MODE),bachelor-of-media-studies,Media Analyst
FACULTY OF ARTS & SOCIAL SCIENCE,BACHELOR OF MEDIA STUDIES (INDUSTRIAL MODE),bachelor-of-media-studies,Media Designer
FACULTY OF ARTS & SOCIAL SCIENCE,BACHELOR OF MEDIA STUDIES (INDUSTRIAL MODE),bachelor-of-media-studies,Media Law Consultant
FACULTY OF ARTS & SOCIAL SCIENCE,BACHELOR OF MEDIA STUDIES (INDUSTRIAL MODE),bachelor-of-media-studies,Media Planner
FACULTY OF ARTS & SOCIAL SCIENCE,BACHELOR OF MEDIA STUDIES (INDUSTRIAL MODE),bachelor-of-media-studies,Media Researcher
FACULTY OF ARTS & SOCIAL SCIENCE,BACHELOR OF MEDIA STUDIES (INDUSTRIAL MODE),bachelor-of-media-studies,Multimedia Producer
FACULTY OF ARTS & SOCIAL SCIENCE,BACHELOR OF MEDIA STUDIES (INDUSTRIAL MODE),bachelor-of-media-studies,Photojournalist
FACULTY OF ARTS & SOCIAL SCIENCE,BACHELOR OF MEDIA STUDIES (INDUSTRIAL MODE),bachelor-of-media-studies,Publishing Manager
FACULTY OF ARTS & SOCIAL SCIENCE,BACHELOR OF MEDIA STUDIES (INDUSTRIAL MODE),bachelor-of-media-studies,Public Relations Specialist
FACULTY OF ARTS & SOCIAL SCIENCE,BACHELOR OF MEDIA STUDIES (INDUSTRIAL MODE),bachelor-of-media-studies,Screenwriter
FACULTY OF ARTS & SOCIAL SCIENCE,BACHELOR OF MEDIA STUDIES (INDUSTRIAL MODE),bachelor-of-media-studies,Strategic Communications Consultant
FACULTY OF ARTS & SOCIAL SCIENCE,BACHELOR OF MEDIA STUDIES (INDUSTRIAL MODE),bachelor-of-media-studies,Citizen Journalist
FACULTY  OF BUILT ENVIRONMENT,BACHELOR OF SCIENCE IN ARCHITECTURE,bachelor-of-science-in-architecture,Architect
FACULTY  OF BUILT ENVIRONMENT,BACHELOR OF SCIENCE IN ARCHITECTURE,bachelor-of-science-in-architecture,Architectural Assistant
FACULTY  OF BUILT ENVIRONMENT,BACHELOR OF SCIENCE IN ARCHITECTURE,bachelor-of-science-in-architecture,Urban Planner
FACULTY  OF BUILT ENVIRONMENT,BACHELOR OF SCIENCE IN ARCHITECTURE,bachelor-of-science-in-architecture,Interior Designer
FACULTY  OF BUILT ENVIRONMENT,BACHELOR OF SCIENCE IN ARCHITECTURE,bachelor-of-science-in-architecture,Landscape Designer
FACULTY  OF BUILT ENVIRONMENT,BACHELOR OF SCIENCE IN ARCHITECTURE,bachelor-of-science-in-architecture,Building Designer
FACULTY  OF BUILT ENVIRONMENT,BACHELOR OF SCIENCE IN ARCHITECTURE,bachelor-of-science-in-architecture,Project Coordinator
FACULTY  OF BUILT ENVIRONMENT,BACHELOR OF SCIENCE IN ARCHITECTURE,bachelor-of-science-in-architecture,Construction Manager
FACULTY  OF BUILT ENVIRONMENT,BACHELOR OF SCIENCE IN ARCHITECTURE,bachelor-of-science-in-architecture,Draftsperson
FACULTY  OF BUILT ENVIRONMENT,BACHELOR OF SCIENCE IN ARCHITECTURE,bachelor-of-science-in-architecture,3D Visualizer
FACULTY  OF BUILT ENVIRONMENT,BACHELOR OF SCIENCE IN ARCHITECTURE,bachelor-of-science-in-architecture,BIM Specialist
FACULTY  OF BUILT ENVIRONMENT,BACHELOR OF SCIENCE IN ARCHITECTURE,bachelor-of-science-in-architecture,Sustainable Design Consultant
FACULTY  OF BUILT ENVIRONMENT,BACHELOR OF SCIENCE IN ARCHITECTURE,bachelor-of-science-in-architecture,Building Information Modeler
FACULTY  OF BUILT ENVIRONMENT,BACHELOR OF SCIENCE IN ARCHITECTURE,bachelor-of-science-in-architecture,Design Consultant
FACULTY  OF BUILT ENVIRONMENT,BACHELOR OF SCIENCE IN ARCHITECTURE,bachelor-of-science-in-architecture,Site Supervisor
FACULTY  OF BUILT ENVIRONMENT,BACHELOR OF SCIENCE IN ARCHITECTURE,bachelor-of-science-in-architecture,Planning Officer
FACULTY  OF BUILT ENVIRONMENT,BACHELOR OF SCIENCE IN ARCHITECTURE,bachelor-of-science-in-architecture,Heritage Conservation Officer
FACULTY  OF BUILT ENVIRONMENT,BACHELOR OF SCIENCE IN ARCHITECTURE,bachelor-of-science-in-architecture,Facilities Planner
FACULTY  OF BUILT ENVIRONMENT,BACHELOR OF BUILDING SURVEYING,bachelor-of-building-surveying,Building Surveyor
FACULTY  OF BUILT ENVIRONMENT,BACHELOR OF BUILDING SURVEYING,bachelor-of-building-surveying,Property Manager
FACULTY  OF BUILT ENVIRONMENT,BACHELOR OF BUILDING SURVEYING,bachelor-of-building-surveying,Facilities Manager
FACULTY  OF BUILT ENVIRONMENT,BACHELOR OF BUILDING SURVEYING,bachelor-of-building-surveying,Construction Project Manager
FACULTY  OF BUILT ENVIRONMENT,BACHELOR OF BUILDING SURVEYING,bachelor-of-building-surveying,Quantity Surveyor
FACULTY  OF BUILT ENVIRONMENT,BACHELOR OF BUILDING SURVEYING,bachelor-of-building-surveying,Site Inspector
FACULTY  OF BUILT ENVIRONMENT,BACHELOR OF BUILDING SURVEYING,bachelor-of-building-surveying,Maintenance Manager
FACULTY  OF BUILT ENVIRONMENT,BACHELOR OF BUILDING SURVEYING,bachelor-of-building-surveying,Building Control Officer
FACULTY  OF BUILT ENVIRONMENT,BACHELOR OF BUILDING SURVEYING,bachelor-of-building-surveying,Health and Safety Officer
FACULTY  OF BUILT ENVIRONMENT,BACHELOR OF BUILDING SURVEYING,bachelor-of-building-surveying,Building Consultant
FACULTY  OF BUILT ENVIRONMENT,BACHELOR OF BUILDING SURVEYING,bachelor-of-building-surveying,Contract Administrator
FACULTY  OF BUILT ENVIRONMENT,BACHELOR OF BUILDING SURVEYING,bachelor-of-building-surveying,Technical Officer
FACULTY  OF BUILT ENVIRONMENT,BACHELOR OF BUILDING SURVEYING,bachelor-of-building-surveying,Real Estate Valuer
FACULTY  OF BUILT ENVIRONMENT,BACHELOR OF BUILDING SURVEYING,bachelor-of-building-surveying,Risk Assessor
FACULTY  OF BUILT ENVIRONMENT,BACHELOR OF BUILDING SURVEYING,bachelor-of-building-surveying,Asset Manager
FACULTY  OF BUILT ENVIRONMENT,BACHELOR OF BUILDING SURVEYING,bachelor-of-building-surveying,Building Compliance Officer
FACULTY  OF BUILT ENVIRONMENT,BACHELOR OF QUANTITY SURVEYING,bachelor-of-quantity-surveying,Quantity Surveyor
FACULTY  OF BUILT ENVIRONMENT,BACHELOR OF QUANTITY SURVEYING,bachelor-of-quantity-surveying,Cost Estimator
FACULTY  OF BUILT ENVIRONMENT,BACHELOR OF QUANTITY SURVEYING,bachelor-of-quantity-surveying,Contract Manager
FACULTY  OF BUILT ENVIRONMENT,BACHELOR OF QUANTITY SURVEYING,bachelor-of-quantity-surveying,Project Manager
FACULTY  OF BUILT ENVIRONMENT,BACHELOR OF QUANTITY SURVEYING,bachelor-of-quantity-surveying,Construction Manager
FACULTY  OF BUILT ENVIRONMENT,BACHELOR OF QUANTITY SURVEYING,bachelor-of-quantity-surveying,Procurement Officer
FACULTY  OF BUILT ENVIRONMENT,BACHELOR OF QUANTITY SURVEYING,bachelor-of-quantity-surveying,Claims Consultant
FACULTY  OF BUILT ENVIRONMENT,BACHELOR OF QUANTITY SURVEYING,bachelor-of-quantity-surveying,Commercial Manager
FACULTY  OF BUILT ENVIRONMENT,BACHELOR OF QUANTITY SURVEYING,bachelor-of-quantity-surveying,Value Engineer
FACULTY  OF BUILT ENVIRONMENT,BACHELOR OF QUANTITY SURVEYING,bachelor-of-quantity-surveying,Risk Manager
FACULTY  OF BUILT ENVIRONMENT,BACHELOR OF QUANTITY SURVEYING,bachelor-of-quantity-surveying,Cost Planner
FACULTY  OF BUILT ENVIRONMENT,BACHELOR OF QUANTITY SURVEYING,bachelor-of-quantity-surveying,Tendering Specialist
FACULTY  OF BUILT ENVIRONMENT,BACHELOR OF QUANTITY SURVEYING,bachelor-of-quantity-surveying,Site Quantity Surveyor
FACULTY  OF BUILT ENVIRONMENT,BACHELOR OF QUANTITY SURVEYING,bachelor-of-quantity-surveying,Construction Economist
FACULTY  OF BUILT ENVIRONMENT,BACHELOR OF QUANTITY SURVEYING,bachelor-of-quantity-surveying,Development Consultant
FACULTY  OF BUILT ENVIRONMENT,BACHELOR OF URBAN AND REGIONAL PLANNING,bachelor-of-urban-and-regional-planning,Urban Planner
FACULTY  OF BUILT ENVIRONMENT,BACHELOR OF URBAN AND REGIONAL PLANNING,bachelor-of-urban-and-regional-planning,Regional Planner
FACULTY  OF BUILT ENVIRONMENT,BACHELOR OF URBAN AND REGIONAL PLANNING,bachelor-of-urban-and-regional-planning,Town Planner
FACULTY  OF BUILT ENVIRONMENT,BACHELOR OF URBAN AND REGIONAL PLANNING,bachelor-of-urban-and-regional-planning,Land Use Planner
FACULTY  OF BUILT ENVIRONMENT,BACHELOR OF URBAN AND REGIONAL PLANNING,bachelor-of-urban-and-regional-planning,Transportation Planner
FACULTY  OF BUILT ENVIRONMENT,BACHELOR OF URBAN AND REGIONAL PLANNING,bachelor-of-urban-and-regional-planning,Environmental Planner
FACULTY  OF BUILT ENVIRONMENT,BACHELOR OF URBAN AND REGIONAL PLANNING,bachelor-of-urban-and-regional-planning,City Planner
FACULTY  OF BUILT ENVIRONMENT,BACHELOR OF URBAN AND REGIONAL PLANNING,bachelor-of-urban-and-regional-planning,Housing Development Officer
FACULTY  OF BUILT ENVIRONMENT,BACHELOR OF URBAN AND REGIONAL PLANNING,bachelor-of-urban-and-regional-planning,Planning Consultant
FACULTY  OF BUILT ENVIRONMENT,BACHELOR OF URBAN AND REGIONAL PLANNING,bachelor-of-urban-and-regional-planning,Urban Designer
FACULTY  OF BUILT ENVIRONMENT,BACHELOR OF URBAN AND REGIONAL PLANNING,bachelor-of-urban-and-regional-planning,Policy Analyst
FACULTY  OF BUILT ENVIRONMENT,BACHELOR OF URBAN AND REGIONAL PLANNING,bachelor-of-urban-and-regional-planning,Community Development Officer
FACULTY  OF BUILT ENVIRONMENT,BACHELOR OF URBAN AND REGIONAL PLANNING,bachelor-of-urban-and-regional-planning,GIS Specialist
FACULTY  OF BUILT ENVIRONMENT,BACHELOR OF URBAN AND REGIONAL PLANNING,bachelor-of-urban-and-regional-planning,Zoning Officer
FACULTY  OF BUILT ENVIRONMENT,BACHELOR OF URBAN AND REGIONAL PLANNING,bachelor-of-urban-and-regional-planning,Infrastructure Planner
FACULTY  OF BUILT ENVIRONMENT,BACHELOR OF URBAN AND REGIONAL PLANNING,bachelor-of-urban-and-regional-planning,Sustainable Development Consultant
FACULTY  OF BUILT ENVIRONMENT,BACHELOR OF URBAN AND REGIONAL PLANNING,bachelor-of-urban-and-regional-planning,Research Officer
FACULTY  OF BUILT ENVIRONMENT,BACHELOR OF URBAN AND REGIONAL PLANNING,bachelor-of-urban-and-regional-planning,Development Control Officer
FACULTY  OF BUILT ENVIRONMENT,BACHELOR OF REAL ESTATE,bachelor-of-real-estate,Real Estate Valuer
FACULTY  OF BUILT ENVIRONMENT,BACHELOR OF REAL ESTATE,bachelor-of-real-estate,Property Manager
FACULTY  OF BUILT ENVIRONMENT,BACHELOR OF REAL ESTATE,bachelor-of-real-estate,Real Estate Agent
FACULTY  OF BUILT ENVIRONMENT,BACHELOR OF REAL ESTATE,bachelor-of-real-estate,Estate Planner
FACULTY  OF BUILT ENVIRONMENT,BACHELOR OF REAL ESTATE,bachelor-of-real-estate,Asset Manager
FACULTY  OF BUILT ENVIRONMENT,BACHELOR OF REAL ESTATE,bachelor-of-real-estate,Investment Analyst
FACULTY  OF BUILT ENVIRONMENT,BACHELOR OF REAL ESTATE,bachelor-of-real-estate,Property Consultant
FACULTY  OF BUILT ENVIRONMENT,BACHELOR OF REAL ESTATE,bachelor-of-real-estate,Leasing Manager
FACULTY  OF BUILT ENVIRONMENT,BACHELOR OF REAL ESTATE,bachelor-of-real-estate,Real Estate Broker
FACULTY  OF BUILT ENVIRONMENT,BACHELOR OF REAL ESTATE,bachelor-of-real-estate,Land Economist
FACULTY  OF BUILT ENVIRONMENT,BACHELOR OF REAL ESTATE,bachelor-of-real-estate,Facilities Manager
FACULTY  OF BUILT ENVIRONMENT,BACHELOR OF REAL ESTATE,bachelor-of-real-estate,Development Manager
FACULTY  OF BUILT ENVIRONMENT,BACHELOR OF REAL ESTATE,bachelor-of-real-estate,Real Estate Appraiser
FACULTY  OF BUILT ENVIRONMENT,BACHELOR OF REAL ESTATE,bachelor-of-real-estate,Property Analyst
FACULTY  OF BUILT ENVIRONMENT,BACHELOR OF REAL ESTATE,bachelor-of-real-estate,Portfolio Manager
FACULTY  OF BUILT ENVIRONMENT,BACHELOR OF REAL ESTATE,bachelor-of-real-estate,Valuation Executive
FACULTY  OF BUILT ENVIRONMENT,BACHELOR OF REAL ESTATE,bachelor-of-real-estate,Real Estate Researcher
FACULTY OF BUSINESS AND ECONOMIC,BACHELOR OF BUSINESS ADMINISTRATION,bachelor-of-business-administration,Business Development Executive
FACULTY OF BUSINESS AND ECONOMIC,BACHELOR OF BUSINESS ADMINISTRATION,bachelor-of-business-administration,Marketing Manager
FACULTY OF BUSINESS AND ECONOMIC,BACHELOR OF BUSINESS ADMINISTRATION,bachelor-of-business-administration,Human Resources Officer
FACULTY OF BUSINESS AND ECONOMIC,BACHELOR OF BUSINESS ADMINISTRATION,bachelor-of-business-administration,Operations Manager
FACULTY OF BUSINESS AND ECONOMIC,BACHELOR OF BUSINESS ADMINISTRATION,bachelor-of-business-administration,Sales Executive
FACULTY OF BUSINESS AND ECONOMIC,BACHELOR OF BUSINESS ADMINISTRATION,bachelor-of-business-administration,Project Manager
FACULTY OF BUSINESS AND ECONOMIC,BACHELOR OF BUSINESS ADMINISTRATION,bachelor-of-business-administration,Management Consultant
FACULTY OF BUSINESS AND ECONOMIC,BACHELOR OF BUSINESS ADMINISTRATION,bachelor-of-business-administration,Customer Relationship Manager
FACULTY OF BUSINESS AND ECONOMIC,BACHELOR OF BUSINESS ADMINISTRATION,bachelor-of-business-administration,Entrepreneur
FACULTY OF BUSINESS AND ECONOMIC,BACHELOR OF BUSINESS ADMINISTRATION,bachelor-of-business-administration,Business Analyst
FACULTY OF BUSINESS AND ECONOMIC,BACHELOR OF BUSINESS ADMINISTRATION,bachelor-of-business-administration,Administrative Manager
FACULTY OF BUSINESS AND ECONOMIC,BACHELOR OF BUSINESS ADMINISTRATION,bachelor-of-business-administration,Product Manager
FACULTY OF BUSINESS AND ECONOMIC,BACHELOR OF BUSINESS ADMINISTRATION,bachelor-of-business-administration,Supply Chain Coordinator
FACULTY OF BUSINESS AND ECONOMIC,BACHELOR OF BUSINESS ADMINISTRATION,bachelor-of-business-administration,Retail Manager
FACULTY OF BUSINESS AND ECONOMIC,BACHELOR OF BUSINESS ADMINISTRATION,bachelor-of-business-administration,Brand Manager
FACULTY OF BUSINESS AND ECONOMIC,BACHELOR OF BUSINESS ADMINISTRATION,bachelor-of-business-administration,Corporate Trainer
FACULTY OF BUSINESS AND ECONOMIC,BACHELOR OF BUSINESS ADMINISTRATION,bachelor-of-business-administration,Public Relations Officer
FACULTY OF BUSINESS AND ECONOMIC,BACHELOR OF BUSINESS ADMINISTRATION,bachelor-of-business-administration,E-Commerce Specialist
FACULTY OF BUSINESS AND ECONOMIC,BACHELOR OF BUSINESS ADMINISTRATION,bachelor-of-business-administration,Procurement Officer
FACULTY OF BUSINESS AND ECONOMIC,BACHELOR OF BUSINESS ADMINISTRATION,bachelor-of-business-administration,Strategic Planning Executive
FACULTY OF BUSINESS AND ECONOMIC,BACHELOR IN ACCOUNTING,bachelor-in-accounting,Accountant
FACULTY OF BUSINESS AND ECONOMIC,BACHELOR IN ACCOUNTING,bachelor-in-accounting,Auditor
FACULTY OF BUSINESS AND ECONOMIC,BACHELOR IN ACCOUNTING,bachelor-in-accounting,Tax Consultant
FACULTY OF BUSINESS AND ECONOMIC,BACHELOR IN ACCOUNTING,bachelor-in-accounting,Financial Analyst
FACULTY OF BUSINESS AND ECONOMIC,BACHELOR IN ACCOUNTING,bachelor-in-accounting,Budget Analyst
FACULTY OF BUSINESS AND ECONOMIC,BACHELOR IN ACCOUNTING,bachelor-in-accounting,Management Accountant
FACULTY OF BUSINESS AND ECONOMIC,BACHELOR IN ACCOUNTING,bachelor-in-accounting,Internal Auditor
FACULTY OF BUSINESS AND ECONOMIC,BACHELOR IN ACCOUNTING,bachelor-in-accounting,External Auditor
FACULTY OF BUSINESS AND ECONOMIC,BACHELOR IN ACCOUNTING,bachelor-in-accounting,Chief Financial Officer
FACULTY OF BUSINESS AND ECONOMIC,BACHELOR IN ACCOUNTING,bachelor-in-accounting,Forensic Accountant
FACULTY OF BUSINESS AND ECONOMIC,BACHELOR IN ACCOUNTING,bachelor-in-accounting,Payroll Specialist
FACULTY OF BUSINESS AND ECONOMIC,BACHELOR IN ACCOUNTING,bachelor-in-accounting,Finance Manager
FACULTY OF BUSINESS AND ECONOMIC,BACHELOR IN ACCOUNTING,bachelor-in-accounting,Credit Analyst
FACULTY OF BUSINESS AND ECONOMIC,BACHELOR IN ACCOUNTING,bachelor-in-accounting,Risk Analyst
FACULTY OF BUSINESS AND ECONOMIC,BACHELOR IN ACCOUNTING,bachelor-in-accounting,Investment Analyst
FACULTY OF BUSINESS AND ECONOMIC,BACHELOR IN ACCOUNTING,bachelor-in-accounting,Compliance Officer
FACULTY OF BUSINESS AND ECONOMIC,BACHELOR IN ACCOUNTING,bachelor-in-accounting,Accounts Executive
FACULTY OF BUSINESS AND ECONOMIC,BACHELOR IN ACCOUNTING,bachelor-in-accounting,Financial Controller
FACULTY OF BUSINESS AND ECONOMIC,BACHELOR OF FINANCE,bachelor-of-finance,Financial Analyst
FACULTY OF BUSINESS AND ECONOMIC,BACHELOR OF FINANCE,bachelor-of-finance,Investment Banker
FACULTY OF BUSINESS AND ECONOMIC,BACHELOR OF FINANCE,bachelor-of-finance,Risk Manager
FACULTY OF BUSINESS AND ECONOMIC,BACHELOR OF FINANCE,bachelor-of-finance,Portfolio Manager
FACULTY OF BUSINESS AND ECONOMIC,BACHELOR OF FINANCE,bachelor-of-finance,Financial Planner
FACULTY OF BUSINESS AND ECONOMIC,BACHELOR OF FINANCE,bachelor-of-finance,Credit Analyst
FACULTY OF BUSINESS AND ECONOMIC,BACHELOR OF FINANCE,bachelor-of-finance,Treasury Analyst
FACULTY OF BUSINESS AND ECONOMIC,BACHELOR OF FINANCE,bachelor-of-finance,Fund Manager
FACULTY OF BUSINESS AND ECONOMIC,BACHELOR OF FINANCE,bachelor-of-finance,Wealth Management Advisor
FACULTY OF BUSINESS AND ECONOMIC,BACHELOR OF FINANCE,bachelor-of-finance,Finance Manager
FACULTY OF BUSINESS AND ECONOMIC,BACHELOR OF FINANCE,bachelor-of-finance,Budget Analyst
FACULTY OF BUSINESS AND ECONOMIC,BACHELOR OF FINANCE,bachelor-of-finance,Corporate Finance Executive
FACULTY OF BUSINESS AND ECONOMIC,BACHELOR OF FINANCE,bachelor-of-finance,Loan Officer
FACULTY OF BUSINESS AND ECONOMIC,BACHELOR OF FINANCE,bachelor-of-finance,Equity Analyst
FACULTY OF BUSINESS AND ECONOMIC,BACHELOR OF FINANCE,bachelor-of-finance,Financial Consultant
FACULTY OF BUSINESS AND ECONOMIC,BACHELOR OF FINANCE,bachelor-of-finance,Asset Manager
FACULTY OF BUSINESS AND ECONOMIC,BACHELOR OF FINANCE,bachelor-of-finance,Banking Executive
FACULTY OF BUSINESS AND ECONOMIC,BACHELOR OF FINANCE,bachelor-of-finance,Mergers and Acquisitions Analyst
FACULTY OF BUSINESS AND ECONOMIC,BACHELOR OF FINANCE,bachelor-of-finance,Compliance Analyst
FACULTY OF BUSINESS AND ECONOMIC,BACHELOR OF FINANCE,bachelor-of-finance,Financial Operations Analyst
FACULTY OF BUSINESS AND ECONOMIC,BACHELOR OF ECONOMICS,bachelor-of-economics,Economist
FACULTY OF BUSINESS AND ECONOMIC,BACHELOR OF ECONOMICS,bachelor-of-economics,Financial Analyst
FACULTY OF BUSINESS AND ECONOMIC,BACHELOR OF ECONOMICS,bachelor-of-economics,Policy Analyst
FACULTY OF BUSINESS AND ECONOMIC,BACHELOR OF ECONOMICS,bachelor-of-economics,Market Research Analyst
FACULTY OF BUSINESS AND ECONOMIC,BACHELOR OF ECONOMICS,bachelor-of-economics,Economic Consultant
FACULTY OF BUSINESS AND ECONOMIC,BACHELOR OF ECONOMICS,bachelor-of-economics,Investment Analyst
FACULTY OF BUSINESS AND ECONOMIC,BACHELOR OF ECONOMICS,bachelor-of-economics,Data Analyst
FACULTY OF BUSINESS AND ECONOMIC,BACHELOR OF ECONOMICS,bachelor-of-economics,Risk Analyst
FACULTY OF BUSINESS AND ECONOMIC,BACHELOR OF ECONOMICS,bachelor-of-economics,Statistician
FACULTY OF BUSINESS AND ECONOMIC,BACHELOR OF ECONOMICS,bachelor-of-economics,Budget Analyst
FACULTY OF BUSINESS AND ECONOMIC,BACHELOR OF ECONOMICS,bachelor-of-economics,Research Officer
FACULTY OF BUSINESS AND ECONOMIC,BACHELOR OF ECONOMICS,bachelor-of-economics,Business Analyst
FACULTY OF BUSINESS AND ECONOMIC,BACHELOR OF ECONOMICS,bachelor-of-economics,Trade Analyst
FACULTY OF BUSINESS AND ECONOMIC,BACHELOR OF ECONOMICS,bachelor-of-economics,Actuarial Analyst
FACULTY OF BUSINESS AND ECONOMIC,BACHELOR OF ECONOMICS,bachelor-of-economics,Public Sector Economist
FACULTY OF BUSINESS AND ECONOMIC,BACHELOR OF ECONOMICS,bachelor-of-economics,Development Economist
FACULTY OF BUSINESS AND ECONOMIC,BACHELOR OF ECONOMICS,bachelor-of-economics,Banking Officer
FACULTY OF BUSINESS AND ECONOMIC,BACHELOR OF ECONOMICS,bachelor-of-economics,Corporate Strategist
FACULTY OF COMPUTER SCIENCE,BACHELOR OF COMPUTER SCIENCE (ARTIFICIAL INTELLIGENCE),bachelor-of-computer-science-artificial-intelligence,AI Research Scientist
FACULTY OF COMPUTER SCIENCE,BACHELOR OF COMPUTER SCIENCE (ARTIFICIAL INTELLIGENCE),bachelor-of-computer-science-artificial-intelligence,Algorithm Developer
FACULTY OF COMPUTER SCIENCE,BACHELOR OF COMPUTER SCIENCE (ARTIFICIAL INTELLIGENCE),bachelor-of-computer-science-artificial-intelligence,Business Intelligence Analyst
FACULTY OF COMPUTER SCIENCE,BACHELOR OF COMPUTER SCIENCE (ARTIFICIAL INTELLIGENCE),bachelor-of-computer-science-artificial-intelligence,Computer Vision Engineer
FACULTY OF COMPUTER SCIENCE,BACHELOR OF COMPUTER SCIENCE (ARTIFICIAL INTELLIGENCE),bachelor-of-computer-science-artificial-intelligence,Data Scientist
FACULTY OF COMPUTER SCIENCE,BACHELOR OF COMPUTER SCIENCE (ARTIFICIAL INTELLIGENCE),bachelor-of-computer-science-artificial-intelligence,Deep Learning Engineer
FACULTY OF COMPUTER SCIENCE,BACHELOR OF COMPUTER SCIENCE (ARTIFICIAL INTELLIGENCE),bachelor-of-computer-science-artificial-intelligence,Machine Learning Engineer
FACULTY OF COMPUTER SCIENCE,BACHELOR OF COMPUTER SCIENCE (ARTIFICIAL INTELLIGENCE),bachelor-of-computer-science-artificial-intelligence,Natural Language Processing Engineer
FACULTY OF COMPUTER SCIENCE,BACHELOR OF COMPUTER SCIENCE (ARTIFICIAL INTELLIGENCE),bachelor-of-computer-science-artificial-intelligence,Robotics Engineer
FACULTY OF COMPUTER SCIENCE,BACHELOR OF COMPUTER SCIENCE (ARTIFICIAL INTELLIGENCE),bachelor-of-computer-science-artificial-intelligence,Software Developer
FACULTY OF COMPUTER SCIENCE,BACHELOR OF COMPUTER SCIENCE (ARTIFICIAL INTELLIGENCE),bachelor-of-computer-science-artificial-intelligence,Virtual Reality Developer
FACULTY OF COMPUTER SCIENCE,BACHELOR OF COMPUTER SCIENCE (SOFTWARE ENGINEERING),bachelor-of-computer-science-software-engineering,Application Developer
FACULTY OF COMPUTER SCIENCE,BACHELOR OF COMPUTER SCIENCE (SOFTWARE ENGINEERING),bachelor-of-computer-science-software-engineering,Cloud Solutions Architect
FACULTY OF COMPUTER SCIENCE,BACHELOR OF COMPUTER SCIENCE (SOFTWARE ENGINEERING),bachelor-of-computer-science-software-engineering,Component-Based Software Engineer
FACULTY OF COMPUTER SCIENCE,BACHELOR OF COMPUTER SCIENCE (SOFTWARE ENGINEERING),bachelor-of-computer-science-software-engineering,Data Scientist
FACULTY OF COMPUTER SCIENCE,BACHELOR OF COMPUTER SCIENCE (SOFTWARE ENGINEERING),bachelor-of-computer-science-software-engineering,Game Developer
FACULTY OF COMPUTER SCIENCE,BACHELOR OF COMPUTER SCIENCE (SOFTWARE ENGINEERING),bachelor-of-computer-science-software-engineering,IT Project Manager
FACULTY OF COMPUTER SCIENCE,BACHELOR OF COMPUTER SCIENCE (SOFTWARE ENGINEERING),bachelor-of-computer-science-software-engineering,Machine Learning Engineer
FACULTY OF COMPUTER SCIENCE,BACHELOR OF COMPUTER SCIENCE (SOFTWARE ENGINEERING),bachelor-of-computer-science-software-engineering,Network Administrator
FACULTY OF COMPUTER SCIENCE,BACHELOR OF COMPUTER SCIENCE (SOFTWARE ENGINEERING),bachelor-of-computer-science-software-engineering,Real-Time Systems Developer
FACULTY OF COMPUTER SCIENCE,BACHELOR OF COMPUTER SCIENCE (SOFTWARE ENGINEERING),bachelor-of-computer-science-software-engineering,Software Architect
FACULTY OF COMPUTER SCIENCE,BACHELOR OF COMPUTER SCIENCE (SOFTWARE ENGINEERING),bachelor-of-computer-science-software-engineering,Software Engineer
FACULTY OF COMPUTER SCIENCE,BACHELOR OF COMPUTER SCIENCE (SOFTWARE ENGINEERING),bachelor-of-computer-science-software-engineering,Software Maintenance Specialist
FACULTY OF COMPUTER SCIENCE,BACHELOR OF COMPUTER SCIENCE (SOFTWARE ENGINEERING),bachelor-of-computer-science-software-engineering,Software Quality Analyst
FACULTY OF COMPUTER SCIENCE,BACHELOR OF COMPUTER SCIENCE (SOFTWARE ENGINEERING),bachelor-of-computer-science-software-engineering,Software Requirements Analyst
FACULTY OF COMPUTER SCIENCE,BACHELOR OF COMPUTER SCIENCE (SOFTWARE ENGINEERING),bachelor-of-computer-science-software-engineering,Software Tester
FACULTY OF COMPUTER SCIENCE,BACHELOR OF COMPUTER SCIENCE (SOFTWARE ENGINEERING),bachelor-of-computer-science-software-engineering,Systems Analyst
FACULTY OF COMPUTER SCIENCE,BACHELOR OF COMPUTER SCIENCE (SOFTWARE ENGINEERING),bachelor-of-computer-science-software-engineering,Web Developer
FACULTY OF COMPUTER SCIENCE,BACHELOR OF COMPUTER SCIENCE (COMPUTER SYSTEM AND NETWORK),bachelor-of-computer-science-computer-system-and-network,Cybersecurity Analyst
FACULTY OF COMPUTER SCIENCE,BACHELOR OF COMPUTER SCIENCE (COMPUTER SYSTEM AND NETWORK),bachelor-of-computer-science-computer-system-and-network,Data Center Technician
FACULTY OF COMPUTER SCIENCE,BACHELOR OF COMPUTER SCIENCE (COMPUTER SYSTEM AND NETWORK),bachelor-of-computer-science-computer-system-and-network,Digital Forensics Specialist
FACULTY OF COMPUTER SCIENCE,BACHELOR OF COMPUTER SCIENCE (COMPUTER SYSTEM AND NETWORK),bachelor-of-computer-science-computer-system-and-network,Embedded Systems Engineer
FACULTY OF COMPUTER SCIENCE,BACHELOR OF COMPUTER SCIENCE (COMPUTER SYSTEM AND NETWORK),bachelor-of-computer-science-computer-system-and-network,Enterprise Network Architect
FACULTY OF COMPUTER SCIENCE,BACHELOR OF COMPUTER SCIENCE (COMPUTER SYSTEM AND NETWORK),bachelor-of-computer-science-computer-system-and-network,IT Consultant
FACULTY OF COMPUTER SCIENCE,BACHELOR OF COMPUTER SCIENCE (COMPUTER SYSTEM AND NETWORK),bachelor-of-computer-science-computer-system-and-network,Network Engineer
FACULTY OF COMPUTER SCIENCE,BACHELOR OF COMPUTER SCIENCE (COMPUTER SYSTEM AND NETWORK),bachelor-of-computer-science-computer-system-and-network,Network Security Specialist
FACULTY OF COMPUTER SCIENCE,BACHELOR OF COMPUTER SCIENCE (COMPUTER SYSTEM AND NETWORK),bachelor-of-computer-science-computer-system-and-network,Penetration Tester
FACULTY OF COMPUTER SCIENCE,BACHELOR OF COMPUTER SCIENCE (COMPUTER SYSTEM AND NETWORK),bachelor-of-computer-science-computer-system-and-network,Systems Analyst
FACULTY OF COMPUTER SCIENCE,BACHELOR OF COMPUTER SCIENCE (COMPUTER SYSTEM AND NETWORK),bachelor-of-computer-science-computer-system-and-network,Technical Support Specialist
FACULTY OF COMPUTER SCIENCE,BACHELOR OF COMPUTER SCIENCE (COMPUTER SYSTEM AND NETWORK),bachelor-of-computer-science-computer-system-and-network,Telecommunications Engineer
FACULTY OF COMPUTER SCIENCE,BACHELOR OF COMPUTER SCIENCE (COMPUTER SYSTEM AND NETWORK),bachelor-of-computer-science-computer-system-and-network,Wireless Communication Engineer
FACULTY OF COMPUTER SCIENCE,BACHELOR OF COMPUTER SCIENCE (MULTIMEDIA COMPUTING),bachelor-of-computer-science-multimedia-computing,3D Animator
FACULTY OF COMPUTER SCIENCE,BACHELOR OF COMPUTER SCIENCE (MULTIMEDIA COMPUTING),bachelor-of-computer-science-multimedia-computing,Applications Developer
FACULTY OF COMPUTER SCIENCE,BACHELOR OF COMPUTER SCIENCE (MULTIMEDIA COMPUTING),bachelor-of-computer-science-multimedia-computing,Audio Engineer
FACULTY OF COMPUTER SCIENCE,BACHELOR OF COMPUTER SCIENCE (MULTIMEDIA COMPUTING),bachelor-of-computer-science-multimedia-computing,Business Intelligence Analyst
FACULTY OF COMPUTER SCIENCE,BACHELOR OF COMPUTER SCIENCE (MULTIMEDIA COMPUTING),bachelor-of-computer-science-multimedia-computing,Computational Scientist
FACULTY OF COMPUTER SCIENCE,BACHELOR OF COMPUTER SCIENCE (MULTIMEDIA COMPUTING),bachelor-of-computer-science-multimedia-computing,Data Scientist
FACULTY OF COMPUTER SCIENCE,BACHELOR OF COMPUTER SCIENCE (MULTIMEDIA COMPUTING),bachelor-of-computer-science-multimedia-computing,Digital Forensic Analyst
FACULTY OF COMPUTER SCIENCE,BACHELOR OF COMPUTER SCIENCE (MULTIMEDIA COMPUTING),bachelor-of-computer-science-multimedia-computing,Digital Media Specialist
FACULTY OF COMPUTER SCIENCE,BACHELOR OF COMPUTER SCIENCE (MULTIMEDIA COMPUTING),bachelor-of-computer-science-multimedia-computing,Game Developer
FACULTY OF COMPUTER SCIENCE,BACHELOR OF COMPUTER SCIENCE (MULTIMEDIA COMPUTING),bachelor-of-computer-science-multimedia-computing,Graphic Designer
FACULTY OF COMPUTER SCIENCE,BACHELOR OF COMPUTER SCIENCE (MULTIMEDIA COMPUTING),bachelor-of-computer-science-multimedia-computing,Human-Computer Interaction Specialist
FACULTY OF COMPUTER SCIENCE,BACHELOR OF COMPUTER SCIENCE (MULTIMEDIA COMPUTING),bachelor-of-computer-science-multimedia-computing,Information Security Analyst
FACULTY OF COMPUTER SCIENCE,BACHELOR OF COMPUTER SCIENCE (MULTIMEDIA COMPUTING),bachelor-of-computer-science-multimedia-computing,Interaction Designer
FACULTY OF COMPUTER SCIENCE,BACHELOR OF COMPUTER SCIENCE (MULTIMEDIA COMPUTING),bachelor-of-computer-science-multimedia-computing,IT Project Manager
FACULTY OF COMPUTER SCIENCE,BACHELOR OF COMPUTER SCIENCE (MULTIMEDIA COMPUTING),bachelor-of-computer-science-multimedia-computing,Mobile App Developer
FACULTY OF COMPUTER SCIENCE,BACHELOR OF COMPUTER SCIENCE (MULTIMEDIA COMPUTING),bachelor-of-computer-science-multimedia-computing,Multimedia Artist
FACULTY OF COMPUTER SCIENCE,BACHELOR OF COMPUTER SCIENCE (MULTIMEDIA COMPUTING),bachelor-of-computer-science-multimedia-computing,Network Administrator
FACULTY OF COMPUTER SCIENCE,BACHELOR OF COMPUTER SCIENCE (MULTIMEDIA COMPUTING),bachelor-of-computer-science-multimedia-computing,Software Engineer
FACULTY OF COMPUTER SCIENCE,BACHELOR OF COMPUTER SCIENCE (MULTIMEDIA COMPUTING),bachelor-of-computer-science-multimedia-computing,Systems Analyst
FACULTY OF COMPUTER SCIENCE,BACHELOR OF COMPUTER SCIENCE (MULTIMEDIA COMPUTING),bachelor-of-computer-science-multimedia-computing,UI/UX Designer
FACULTY OF COMPUTER SCIENCE,BACHELOR OF COMPUTER SCIENCE (MULTIMEDIA COMPUTING),bachelor-of-computer-science-multimedia-computing,Virtual Reality Developer
FACULTY OF COMPUTER SCIENCE,BACHELOR OF COMPUTER SCIENCE (MULTIMEDIA COMPUTING),bachelor-of-computer-science-multimedia-computing,Web Developer
FACULTY OF COMPUTER SCIENCE,BACHELOR OF COMPUTER SCIENCE (DATA SCIENCE),bachelor-of-computer-science-data-science,Data Analyst
FACULTY OF COMPUTER SCIENCE,BACHELOR OF COMPUTER SCIENCE (DATA SCIENCE),bachelor-of-computer-science-data-science,Data Scientist
FACULTY OF COMPUTER SCIENCE,BACHELOR OF COMPUTER SCIENCE (DATA SCIENCE),bachelor-of-computer-science-data-science,Data Engineer
FACULTY OF COMPUTER SCIENCE,BACHELOR OF COMPUTER SCIENCE (DATA SCIENCE),bachelor-of-computer-science-data-science,Business Intelligence Analyst
FACULTY OF COMPUTER SCIENCE,BACHELOR OF COMPUTER SCIENCE (DATA SCIENCE),bachelor-of-computer-science-data-science,Data Architect
FACULTY OF COMPUTER SCIENCE,BACHELOR OF COMPUTER SCIENCE (DATA SCIENCE),bachelor-of-computer-science-data-science,Machine Learning Engineer
FACULTY OF COMPUTER SCIENCE,BACHELOR OF COMPUTER SCIENCE (DATA SCIENCE),bachelor-of-computer-science-data-science,Big Data Engineer
FACULTY OF COMPUTER SCIENCE,BACHELOR OF COMPUTER SCIENCE (DATA SCIENCE),bachelor-of-computer-science-data-science,Analytics Consultant
FACULTY OF COMPUTER SCIENCE,BACHELOR OF COMPUTER SCIENCE (DATA SCIENCE),bachelor-of-computer-science-data-science,Database Administrator
FACULTY OF COMPUTER SCIENCE,BACHELOR OF COMPUTER SCIENCE (DATA SCIENCE),bachelor-of-computer-science-data-science,Research Scientist
FACULTY OF COMPUTER SCIENCE,BACHELOR OF COMPUTER SCIENCE (DATA SCIENCE),bachelor-of-computer-science-data-science,Quantitative Analyst
FACULTY OF COMPUTER SCIENCE,BACHELOR OF COMPUTER SCIENCE (DATA SCIENCE),bachelor-of-computer-science-data-science,Statistical Analyst
FACULTY OF COMPUTER SCIENCE,BACHELOR OF COMPUTER SCIENCE (INFORMATION SYSTEMS),bachelor-of-computer-science-information-system,Business Intelligence Analyst
FACULTY OF COMPUTER SCIENCE,BACHELOR OF COMPUTER SCIENCE (INFORMATION SYSTEMS),bachelor-of-computer-science-information-system,Data Analyst
FACULTY OF COMPUTER SCIENCE,BACHELOR OF COMPUTER SCIENCE (INFORMATION SYSTEMS),bachelor-of-computer-science-information-system,Data Scientist
FACULTY OF COMPUTER SCIENCE,BACHELOR OF COMPUTER SCIENCE (INFORMATION SYSTEMS),bachelor-of-computer-science-information-system,Database Administrator
FACULTY OF COMPUTER SCIENCE,BACHELOR OF COMPUTER SCIENCE (INFORMATION SYSTEMS),bachelor-of-computer-science-information-system,E-Commerce Specialist
FACULTY OF COMPUTER SCIENCE,BACHELOR OF COMPUTER SCIENCE (INFORMATION SYSTEMS),bachelor-of-computer-science-information-system,Information Systems Auditor
FACULTY OF COMPUTER SCIENCE,BACHELOR OF COMPUTER SCIENCE (INFORMATION SYSTEMS),bachelor-of-computer-science-information-system,Information Systems Manager
FACULTY OF COMPUTER SCIENCE,BACHELOR OF COMPUTER SCIENCE (INFORMATION SYSTEMS),bachelor-of-computer-science-information-system,IT Consultant
FACULTY OF COMPUTER SCIENCE,BACHELOR OF COMPUTER SCIENCE (INFORMATION SYSTEMS),bachelor-of-computer-science-information-system,IT Project Manager
FACULTY OF COMPUTER SCIENCE,BACHELOR OF COMPUTER SCIENCE (INFORMATION SYSTEMS),bachelor-of-computer-science-information-system,Network Administrator
FACULTY OF COMPUTER SCIENCE,BACHELOR OF COMPUTER SCIENCE (INFORMATION SYSTEMS),bachelor-of-computer-science-information-system,Security Analyst
FACULTY OF COMPUTER SCIENCE,BACHELOR OF COMPUTER SCIENCE (INFORMATION SYSTEMS),bachelor-of-computer-science-information-system,Systems Analyst
FACULTY OF COMPUTER SCIENCE,BACHELOR OF COMPUTER SCIENCE (INFORMATION SYSTEMS),bachelor-of-computer-science-information-system,Web Developer
FACULTY OF CREATIVE ARTS,BACHELOR OF DANCE,bachelor-of-dance,Ballet Instructor
FACULTY OF CREATIVE ARTS,BACHELOR OF DANCE,bachelor-of-dance,Choreographer
FACULTY OF CREATIVE ARTS,BACHELOR OF DANCE,bachelor-of-dance,Dance Critic
FACULTY OF CREATIVE ARTS,BACHELOR OF DANCE,bachelor-of-dance,Dance Ethnologist
FACULTY OF CREATIVE ARTS,BACHELOR OF DANCE,bachelor-of-dance,Dance Instructor
FACULTY OF CREATIVE ARTS,BACHELOR OF DANCE,bachelor-of-dance,Dance Therapist
FACULTY OF CREATIVE ARTS,BACHELOR OF DANCE,bachelor-of-dance,Dance Writer
FACULTY OF CREATIVE ARTS,BACHELOR OF DANCE,bachelor-of-dance,Ensemble Director
FACULTY OF CREATIVE ARTS,BACHELOR OF DANCE,bachelor-of-dance,Event Coordinator
FACULTY OF CREATIVE ARTS,BACHELOR OF DANCE,bachelor-of-dance,Movement Coach
FACULTY OF CREATIVE ARTS,BACHELOR OF DANCE,bachelor-of-dance,Performance Artist
FACULTY OF CREATIVE ARTS,BACHELOR OF DANCE,bachelor-of-dance,Production Manager
FACULTY OF CREATIVE ARTS,BACHELOR OF DANCE,bachelor-of-dance,Stage Manager
FACULTY OF CREATIVE ARTS,BACHELOR OF DANCE,bachelor-of-dance,Traditional Dance Performer
FACULTY OF CREATIVE ARTS,BACHELOR OF DRAMA,bachelor-of-drama,Acting Coach
FACULTY OF CREATIVE ARTS,BACHELOR OF DRAMA,bachelor-of-drama,Actor
FACULTY OF CREATIVE ARTS,BACHELOR OF DRAMA,bachelor-of-drama,Arts Critic
FACULTY OF CREATIVE ARTS,BACHELOR OF DRAMA,bachelor-of-drama,Arts Manager
FACULTY OF CREATIVE ARTS,BACHELOR OF DRAMA,bachelor-of-drama,Choreographer
FACULTY OF CREATIVE ARTS,BACHELOR OF DRAMA,bachelor-of-drama,Children’s Theatre Director
FACULTY OF CREATIVE ARTS,BACHELOR OF DRAMA,bachelor-of-drama,Costume Designer
FACULTY OF CREATIVE ARTS,BACHELOR OF DRAMA,bachelor-of-drama,Dance Instructor
FACULTY OF CREATIVE ARTS,BACHELOR OF DRAMA,bachelor-of-drama,Drama Educator
FACULTY OF CREATIVE ARTS,BACHELOR OF DRAMA,bachelor-of-drama,Drama Therapist
FACULTY OF CREATIVE ARTS,BACHELOR OF DRAMA,bachelor-of-drama,Director
FACULTY OF CREATIVE ARTS,BACHELOR OF DRAMA,bachelor-of-drama,Dramaturg
FACULTY OF CREATIVE ARTS,BACHELOR OF DRAMA,bachelor-of-drama,Lighting Designer
FACULTY OF CREATIVE ARTS,BACHELOR OF DRAMA,bachelor-of-drama,Makeup Artist
FACULTY OF CREATIVE ARTS,BACHELOR OF DRAMA,bachelor-of-drama,Playwright
FACULTY OF CREATIVE ARTS,BACHELOR OF DRAMA,bachelor-of-drama,Stage Combat Instructor
FACULTY OF CREATIVE ARTS,BACHELOR OF DRAMA,bachelor-of-drama,Stage Director
FACULTY OF CREATIVE ARTS,BACHELOR OF DRAMA,bachelor-of-drama,Stage Manager
FACULTY OF CREATIVE ARTS,BACHELOR OF DRAMA,bachelor-of-drama,Scriptwriter
FACULTY OF CREATIVE ARTS,BACHELOR OF DRAMA,bachelor-of-drama,Theatre Designer
FACULTY OF CREATIVE ARTS,BACHELOR OF DRAMA,bachelor-of-drama,Theatre Manager
FACULTY OF CREATIVE ARTS,BACHELOR OF DRAMA,bachelor-of-drama,Theatre Producer
FACULTY OF CREATIVE ARTS,BACHELOR OF DRAMA,bachelor-of-drama,Theatre Technician
FACULTY OF CREATIVE ARTS,BACHELOR OF MUSIC,bachelor-of-music,Advanced Music Conductor
FACULTY OF CREATIVE ARTS,BACHELOR OF MUSIC,bachelor-of-music,Arts Critic
FACULTY OF CREATIVE ARTS,BACHELOR OF MUSIC,bachelor-of-music,Ballet Instructor
FACULTY OF CREATIVE ARTS,BACHELOR OF MUSIC,bachelor-of-music,Choreographer
FACULTY OF CREATIVE ARTS,BACHELOR OF MUSIC,bachelor-of-music,Dance Instructor
FACULTY OF CREATIVE ARTS,BACHELOR OF MUSIC,bachelor-of-music,Dance Music Composer
FACULTY OF CREATIVE ARTS,BACHELOR OF MUSIC,bachelor-of-music,Dance Notation Specialist
FACULTY OF CREATIVE ARTS,BACHELOR OF MUSIC,bachelor-of-music,Electronic Music Producer
FACULTY OF CREATIVE ARTS,BACHELOR OF MUSIC,bachelor-of-music,Ensemble Director
FACULTY OF CREATIVE ARTS,BACHELOR OF MUSIC,bachelor-of-music,Film Music Composer
FACULTY OF CREATIVE ARTS,BACHELOR OF MUSIC,bachelor-of-music,Jazz Musician
FACULTY OF CREATIVE ARTS,BACHELOR OF MUSIC,bachelor-of-music,Music Appreciation Specialist
FACULTY OF CREATIVE ARTS,BACHELOR OF MUSIC,bachelor-of-music,Music Analyst
FACULTY OF CREATIVE ARTS,BACHELOR OF MUSIC,bachelor-of-music,Music Educator
FACULTY OF CREATIVE ARTS,BACHELOR OF MUSIC,bachelor-of-music,Music Ensemble Director
FACULTY OF CREATIVE ARTS,BACHELOR OF MUSIC,bachelor-of-music,Music for Animation and Film Composer
FACULTY OF CREATIVE ARTS,BACHELOR OF MUSIC,bachelor-of-music,Music Pedagogue
FACULTY OF CREATIVE ARTS,BACHELOR OF MUSIC,bachelor-of-music,Music Producer
FACULTY OF CREATIVE ARTS,BACHELOR OF MUSIC,bachelor-of-music,Music Therapist
FACULTY OF CREATIVE ARTS,BACHELOR OF MUSIC,bachelor-of-music,Orchestra Conductor
FACULTY OF CREATIVE ARTS,BACHELOR OF MUSIC,bachelor-of-music,Orchestra Musician
FACULTY OF CREATIVE ARTS,BACHELOR OF MUSIC,bachelor-of-music,Piano Instructor
FACULTY OF CREATIVE ARTS,BACHELOR OF MUSIC,bachelor-of-music,Principal Study Musician
FACULTY OF CREATIVE ARTS,BACHELOR OF MUSIC,bachelor-of-music,Recording Engineer
FACULTY OF CREATIVE ARTS,BACHELOR OF MUSIC,bachelor-of-music,Songwriter
FACULTY OF CREATIVE ARTS,BACHELOR OF MUSIC,bachelor-of-music,Stage Combat Instructor
FACULTY OF CREATIVE ARTS,BACHELOR OF MUSIC,bachelor-of-music,Stage Director
FACULTY OF CREATIVE ARTS,BACHELOR OF MUSIC,bachelor-of-music,Stage Manager
FACULTY OF CREATIVE ARTS,BACHELOR OF MUSIC,bachelor-of-music,Traditional Music Specialist
FACULTY OF CREATIVE ARTS,BACHELOR OF PERFORMING ARTS,bachelor-of-performing-arts,Actor
FACULTY OF CREATIVE ARTS,BACHELOR OF PERFORMING ARTS,bachelor-of-performing-arts,Dancer
FACULTY OF CREATIVE ARTS,BACHELOR OF PERFORMING ARTS,bachelor-of-performing-arts,Musician
FACULTY OF CREATIVE ARTS,BACHELOR OF PERFORMING ARTS,bachelor-of-performing-arts,Choreographer
FACULTY OF CREATIVE ARTS,BACHELOR OF PERFORMING ARTS,bachelor-of-performing-arts,Director
FACULTY OF CREATIVE ARTS,BACHELOR OF PERFORMING ARTS,bachelor-of-performing-arts,Stage Manager
FACULTY OF CREATIVE ARTS,BACHELOR OF PERFORMING ARTS,bachelor-of-performing-arts,Theatre Producer
FACULTY OF CREATIVE ARTS,BACHELOR OF PERFORMING ARTS,bachelor-of-performing-arts,Performing Arts Educator
FACULTY OF CREATIVE ARTS,BACHELOR OF PERFORMING ARTS,bachelor-of-performing-arts,Arts Administrator
FACULTY OF CREATIVE ARTS,BACHELOR OF PERFORMING ARTS,bachelor-of-performing-arts,Dramaturg
FACULTY OF CREATIVE ARTS,BACHELOR OF PERFORMING ARTS,bachelor-of-performing-arts,Performance Designer
FACULTY OF CREATIVE ARTS,BACHELOR OF PERFORMING ARTS,bachelor-of-performing-arts,Sound Designer
FACULTY OF CREATIVE ARTS,BACHELOR OF PERFORMING ARTS,bachelor-of-performing-arts,Lighting Designer
FACULTY OF CREATIVE ARTS,BACHELOR OF PERFORMING ARTS,bachelor-of-performing-arts,Set Designer
FACULTY OF CREATIVE ARTS,BACHELOR OF PERFORMING ARTS,bachelor-of-performing-arts,Stage Technician
FACULTY OF CREATIVE ARTS,BACHELOR OF PERFORMING ARTS,bachelor-of-performing-arts,Performance Coach
FACULTY OF CREATIVE ARTS,BACHELOR OF PERFORMING ARTS,bachelor-of-performing-arts,Casting Director
FACULTY OF CREATIVE ARTS,BACHELOR OF PERFORMING ARTS,bachelor-of-performing-arts,Theatre Critic
FACULTY OF CREATIVE ARTS,BACHELOR OF PERFORMING ARTS,bachelor-of-performing-arts,Event Coordinator
FACULTY OF CREATIVE ARTS,BACHELOR OF PERFORMING ARTS,bachelor-of-performing-arts,Cultural Program Manager
FACULTY OF CREATIVE ARTS,BACHELOR OF PERFORMING ARTS,bachelor-of-performing-arts,Arts Festival Organizer
FACULTY OF DENTISTRY,BACHELOR OF DENTAL SURGERY,bachelor-of-dental-surgery,Academic Researcher
FACULTY OF DENTISTRY,BACHELOR OF DENTAL SURGERY,bachelor-of-dental-surgery,Clinical Dentist
FACULTY OF DENTISTRY,BACHELOR OF DENTAL SURGERY,bachelor-of-dental-surgery,Clinical Lecturer
FACULTY OF DENTISTRY,BACHELOR OF DENTAL SURGERY,bachelor-of-dental-surgery,Community Dentist
FACULTY OF DENTISTRY,BACHELOR OF DENTAL SURGERY,bachelor-of-dental-surgery,Dental Health Educator
FACULTY OF DENTISTRY,BACHELOR OF DENTAL SURGERY,bachelor-of-dental-surgery,Dental Public Health Specialist
FACULTY OF DENTISTRY,BACHELOR OF DENTAL SURGERY,bachelor-of-dental-surgery,Dental Research Scientist
FACULTY OF DENTISTRY,BACHELOR OF DENTAL SURGERY,bachelor-of-dental-surgery,Dental Specialist
FACULTY OF DENTISTRY,BACHELOR OF DENTAL SURGERY,bachelor-of-dental-surgery,Forensic Odontologist
FACULTY OF DENTISTRY,BACHELOR OF DENTAL SURGERY,bachelor-of-dental-surgery,General Practitioner Dentist
FACULTY OF DENTISTRY,BACHELOR OF DENTAL SURGERY,bachelor-of-dental-surgery,Hospital Dentist
FACULTY OF DENTISTRY,BACHELOR OF DENTAL SURGERY,bachelor-of-dental-surgery,Oral & Maxillofacial Surgeon
FACULTY OF DENTISTRY,BACHELOR OF DENTAL SURGERY,bachelor-of-dental-surgery,Oral Medicine Specialist
FACULTY OF DENTISTRY,BACHELOR OF DENTAL SURGERY,bachelor-of-dental-surgery,Paediatric Dentist
FACULTY OF DENTISTRY,BACHELOR OF DENTAL SURGERY,bachelor-of-dental-surgery,Periodontist
FACULTY OF DENTISTRY,BACHELOR OF DENTAL SURGERY,bachelor-of-dental-surgery,Private Practice Owner
FACULTY OF DENTISTRY,BACHELOR OF DENTAL SURGERY,bachelor-of-dental-surgery,Prosthodontist
FACULTY OF DENTISTRY,BACHELOR OF DENTAL SURGERY,bachelor-of-dental-surgery,Public Health Consultant
FACULTY OF DENTISTRY,BACHELOR OF DENTAL SURGERY,bachelor-of-dental-surgery,University Lecturer
FACULTY OF DENTISTRY,BACHELOR OF DENTAL SURGERY,bachelor-of-dental-surgery,Veteran’s Affairs Dentist
FACULTY OF EDUCATION,BACHELOR OF COUNSELING,bachelor-of-counseling,Addiction Counselor
FACULTY OF EDUCATION,BACHELOR OF COUNSELING,bachelor-of-counseling,Behavioral Therapist
FACULTY OF EDUCATION,BACHELOR OF COUNSELING,bachelor-of-counseling,Career Counselor
FACULTY OF EDUCATION,BACHELOR OF COUNSELING,bachelor-of-counseling,Clinical Psychologist
FACULTY OF EDUCATION,BACHELOR OF COUNSELING,bachelor-of-counseling,Counseling Psychologist
FACULTY OF EDUCATION,BACHELOR OF COUNSELING,bachelor-of-counseling,Educational Counselor
FACULTY OF EDUCATION,BACHELOR OF COUNSELING,bachelor-of-counseling,Family Therapist
FACULTY OF EDUCATION,BACHELOR OF COUNSELING,bachelor-of-counseling,Group Counselor
FACULTY OF EDUCATION,BACHELOR OF COUNSELING,bachelor-of-counseling,Human Resources Specialist
FACULTY OF EDUCATION,BACHELOR OF COUNSELING,bachelor-of-counseling,Industrial and Organizational Psychologist
FACULTY OF EDUCATION,BACHELOR OF COUNSELING,bachelor-of-counseling,Marriage Counselor
FACULTY OF EDUCATION,BACHELOR OF COUNSELING,bachelor-of-counseling,Mental Health Counselor
FACULTY OF EDUCATION,BACHELOR OF COUNSELING,bachelor-of-counseling,Online Counselor
FACULTY OF EDUCATION,BACHELOR OF COUNSELING,bachelor-of-counseling,Program Coordinator for Counseling Services
FACULTY OF EDUCATION,BACHELOR OF COUNSELING,bachelor-of-counseling,Psychological Tester
FACULTY OF EDUCATION,BACHELOR OF COUNSELING,bachelor-of-counseling,Social Worker
FACULTY OF EDUCATION,BACHELOR OF COUNSELING,bachelor-of-counseling,Substance Abuse Counselor
FACULTY OF EDUCATION,BACHELOR OF EDUCATION TEACHING ENGLISH AS A SECOND LANGUAGE,bachelor-of-teaching-english-as-second-language,Academic Researcher
FACULTY OF EDUCATION,BACHELOR OF EDUCATION TEACHING ENGLISH AS A SECOND LANGUAGE,bachelor-of-teaching-english-as-second-language,Curriculum Developer
FACULTY OF EDUCATION,BACHELOR OF EDUCATION TEACHING ENGLISH AS A SECOND LANGUAGE,bachelor-of-teaching-english-as-second-language,Educational Consultant
FACULTY OF EDUCATION,BACHELOR OF EDUCATION TEACHING ENGLISH AS A SECOND LANGUAGE,bachelor-of-teaching-english-as-second-language,English Language Instructor
FACULTY OF EDUCATION,BACHELOR OF EDUCATION TEACHING ENGLISH AS A SECOND LANGUAGE,bachelor-of-teaching-english-as-second-language,ESL Program Coordinator
FACULTY OF EDUCATION,BACHELOR OF EDUCATION TEACHING ENGLISH AS A SECOND LANGUAGE,bachelor-of-teaching-english-as-second-language,Instructional Designer
FACULTY OF EDUCATION,BACHELOR OF EDUCATION TEACHING ENGLISH AS A SECOND LANGUAGE,bachelor-of-teaching-english-as-second-language,Language Assessment Specialist
FACULTY OF EDUCATION,BACHELOR OF EDUCATION TEACHING ENGLISH AS A SECOND LANGUAGE,bachelor-of-teaching-english-as-second-language,Language Learning Specialist
FACULTY OF EDUCATION,BACHELOR OF EDUCATION TEACHING ENGLISH AS A SECOND LANGUAGE,bachelor-of-teaching-english-as-second-language,Literacy Coach
FACULTY OF EDUCATION,BACHELOR OF EDUCATION TEACHING ENGLISH AS A SECOND LANGUAGE,bachelor-of-teaching-english-as-second-language,Micro Teaching Specialist
FACULTY OF EDUCATION,BACHELOR OF EDUCATION TEACHING ENGLISH AS A SECOND LANGUAGE,bachelor-of-teaching-english-as-second-language,Performance Analyst in Literature Education
FACULTY OF EDUCATION,BACHELOR OF EDUCATION TEACHING ENGLISH AS A SECOND LANGUAGE,bachelor-of-teaching-english-as-second-language,TESL Program Director
FACULTY OF EDUCATION,BACHELOR OF EDUCATION TEACHING ENGLISH AS A SECOND LANGUAGE,bachelor-of-teaching-english-as-second-language,Teaching English as a Second Language (TESL) Teacher
FACULTY OF EDUCATION,BACHELOR OF EDUCATION TEACHING ENGLISH AS A SECOND LANGUAGE,bachelor-of-teaching-english-as-second-language,Writing Instructor
FACULTY OF EDUCATION,BACHELOR OF EARLY CHILDHOOD EDUCATION,bachelor-of-childhood-education,Academic Researcher
FACULTY OF EDUCATION,BACHELOR OF EARLY CHILDHOOD EDUCATION,bachelor-of-childhood-education,Child Development Specialist
FACULTY OF EDUCATION,BACHELOR OF EARLY CHILDHOOD EDUCATION,bachelor-of-childhood-education,Children's Program Coordinator
FACULTY OF EDUCATION,BACHELOR OF EARLY CHILDHOOD EDUCATION,bachelor-of-childhood-education,Curriculum Developer
FACULTY OF EDUCATION,BACHELOR OF EARLY CHILDHOOD EDUCATION,bachelor-of-childhood-education,Digital Learning Specialist
FACULTY OF EDUCATION,BACHELOR OF EARLY CHILDHOOD EDUCATION,bachelor-of-childhood-education,Educational Consultant
FACULTY OF EDUCATION,BACHELOR OF EARLY CHILDHOOD EDUCATION,bachelor-of-childhood-education,Early Childhood Educator
FACULTY OF EDUCATION,BACHELOR OF EARLY CHILDHOOD EDUCATION,bachelor-of-childhood-education,Early Childhood Education Administrator
FACULTY OF EDUCATION,BACHELOR OF EARLY CHILDHOOD EDUCATION,bachelor-of-childhood-education,Family Support Specialist
FACULTY OF EDUCATION,BACHELOR OF EARLY CHILDHOOD EDUCATION,bachelor-of-childhood-education,Health and Nutrition Specialist
FACULTY OF EDUCATION,BACHELOR OF EARLY CHILDHOOD EDUCATION,bachelor-of-childhood-education,Instructional Designer
FACULTY OF EDUCATION,BACHELOR OF EARLY CHILDHOOD EDUCATION,bachelor-of-childhood-education,Islamic Child Rearing Specialist
FACULTY OF EDUCATION,BACHELOR OF EARLY CHILDHOOD EDUCATION,bachelor-of-childhood-education,Kindergarten Teacher
FACULTY OF EDUCATION,BACHELOR OF EARLY CHILDHOOD EDUCATION,bachelor-of-childhood-education,Language Arts Specialist
FACULTY OF EDUCATION,BACHELOR OF EARLY CHILDHOOD EDUCATION,bachelor-of-childhood-education,Learning Disabilities Specialist
FACULTY OF EDUCATION,BACHELOR OF EARLY CHILDHOOD EDUCATION,bachelor-of-childhood-education,Music and Movement Instructor
FACULTY OF EDUCATION,BACHELOR OF EARLY CHILDHOOD EDUCATION,bachelor-of-childhood-education,Play Therapist
FACULTY OF EDUCATION,BACHELOR OF EARLY CHILDHOOD EDUCATION,bachelor-of-childhood-education,Policy Analyst
FACULTY OF EDUCATION,BACHELOR OF EARLY CHILDHOOD EDUCATION,bachelor-of-childhood-education,Program Planner
FACULTY OF EDUCATION,BACHELOR OF EARLY CHILDHOOD EDUCATION,bachelor-of-childhood-education,Special Education Teacher
FACULTY OF ENGINEERING,BACHELOR OF CIVIL ENGINEERING,bachelor-of-civil-engineering,Advanced Transportation Engineer
FACULTY OF ENGINEERING,BACHELOR OF CIVIL ENGINEERING,bachelor-of-civil-engineering,Bridge Engineer
FACULTY OF ENGINEERING,BACHELOR OF CIVIL ENGINEERING,bachelor-of-civil-engineering,Coastal Engineer
FACULTY OF ENGINEERING,BACHELOR OF CIVIL ENGINEERING,bachelor-of-civil-engineering,Construction Manager
FACULTY OF ENGINEERING,BACHELOR OF CIVIL ENGINEERING,bachelor-of-civil-engineering,Environmental Engineer
FACULTY OF ENGINEERING,BACHELOR OF CIVIL ENGINEERING,bachelor-of-civil-engineering,Geotechnical Engineer
FACULTY OF ENGINEERING,BACHELOR OF CIVIL ENGINEERING,bachelor-of-civil-engineering,Highway Engineer
FACULTY OF ENGINEERING,BACHELOR OF CIVIL ENGINEERING,bachelor-of-civil-engineering,Hydraulic Engineer
FACULTY OF ENGINEERING,BACHELOR OF CIVIL ENGINEERING,bachelor-of-civil-engineering,Project Manager
FACULTY OF ENGINEERING,BACHELOR OF CIVIL ENGINEERING,bachelor-of-civil-engineering,Quantity Surveyor
FACULTY OF ENGINEERING,BACHELOR OF CIVIL ENGINEERING,bachelor-of-civil-engineering,Reinforced Concrete Engineer
FACULTY OF ENGINEERING,BACHELOR OF CIVIL ENGINEERING,bachelor-of-civil-engineering,Research and Development Engineer
FACULTY OF ENGINEERING,BACHELOR OF CIVIL ENGINEERING,bachelor-of-civil-engineering,Site Engineer
FACULTY OF ENGINEERING,BACHELOR OF CIVIL ENGINEERING,bachelor-of-civil-engineering,Structural Engineer
FACULTY OF ENGINEERING,BACHELOR OF CIVIL ENGINEERING,bachelor-of-civil-engineering,Traffic Engineer
FACULTY OF ENGINEERING,BACHELOR OF CIVIL ENGINEERING,bachelor-of-civil-engineering,Water Resources Engineer
FACULTY OF ENGINEERING,BACHELOR OF CIVIL ENGINEERING,bachelor-of-civil-engineering,Waste Management Engineer
FACULTY OF ENGINEERING,BACHELOR OF CIVIL ENGINEERING,bachelor-of-civil-engineering,Wind and Earthquake Engineer
FACULTY OF ENGINEERING,BACHELOR OF BIOMEDICAL ENGINEERING,bachelor-of-biomedical-engineering,Advanced Prosthetics Engineer
FACULTY OF ENGINEERING,BACHELOR OF BIOMEDICAL ENGINEERING,bachelor-of-biomedical-engineering,Assistive Technology Developer
FACULTY OF ENGINEERING,BACHELOR OF BIOMEDICAL ENGINEERING,bachelor-of-biomedical-engineering,Assistive Technology Specialist
FACULTY OF ENGINEERING,BACHELOR OF BIOMEDICAL ENGINEERING,bachelor-of-biomedical-engineering,Biomechanics Engineer
FACULTY OF ENGINEERING,BACHELOR OF BIOMEDICAL ENGINEERING,bachelor-of-biomedical-engineering,Biomechatronics Engineer
FACULTY OF ENGINEERING,BACHELOR OF BIOMEDICAL ENGINEERING,bachelor-of-biomedical-engineering,Biomedical Engineer
FACULTY OF ENGINEERING,BACHELOR OF BIOMEDICAL ENGINEERING,bachelor-of-biomedical-engineering,Biomedical Equipment Technician
FACULTY OF ENGINEERING,BACHELOR OF BIOMEDICAL ENGINEERING,bachelor-of-biomedical-engineering,Biomedical Signal Processing Engineer
FACULTY OF ENGINEERING,BACHELOR OF BIOMEDICAL ENGINEERING,bachelor-of-biomedical-engineering,Clinical Engineer
FACULTY OF ENGINEERING,BACHELOR OF BIOMEDICAL ENGINEERING,bachelor-of-biomedical-engineering,Clinical Prosthetist
FACULTY OF ENGINEERING,BACHELOR OF BIOMEDICAL ENGINEERING,bachelor-of-biomedical-engineering,Clinical Prosthetics Specialist
FACULTY OF ENGINEERING,BACHELOR OF BIOMEDICAL ENGINEERING,bachelor-of-biomedical-engineering,Healthcare Technology Manager
FACULTY OF ENGINEERING,BACHELOR OF BIOMEDICAL ENGINEERING,bachelor-of-biomedical-engineering,Medical Device Designer
FACULTY OF ENGINEERING,BACHELOR OF BIOMEDICAL ENGINEERING,bachelor-of-biomedical-engineering,Medical Device Developer
FACULTY OF ENGINEERING,BACHELOR OF BIOMEDICAL ENGINEERING,bachelor-of-biomedical-engineering,Medical Electronics Engineer
FACULTY OF ENGINEERING,BACHELOR OF BIOMEDICAL ENGINEERING,bachelor-of-biomedical-engineering,Medical Imaging Specialist
FACULTY OF ENGINEERING,BACHELOR OF BIOMEDICAL ENGINEERING,bachelor-of-biomedical-engineering,Microcomputer and Digital Systems Engineer
FACULTY OF ENGINEERING,BACHELOR OF BIOMEDICAL ENGINEERING,bachelor-of-biomedical-engineering,Prosthetic Designer
FACULTY OF ENGINEERING,BACHELOR OF BIOMEDICAL ENGINEERING,bachelor-of-biomedical-engineering,Prosthetics and Orthotics Engineer
FACULTY OF ENGINEERING,BACHELOR OF BIOMEDICAL ENGINEERING,bachelor-of-biomedical-engineering,Quality Assurance Engineer
FACULTY OF ENGINEERING,BACHELOR OF BIOMEDICAL ENGINEERING,bachelor-of-biomedical-engineering,Regulatory Affairs Specialist
FACULTY OF ENGINEERING,BACHELOR OF BIOMEDICAL ENGINEERING,bachelor-of-biomedical-engineering,Rehabilitation Engineer
FACULTY OF ENGINEERING,BACHELOR OF BIOMEDICAL ENGINEERING,bachelor-of-biomedical-engineering,Research and Development Engineer
FACULTY OF ENGINEERING,BACHELOR OF BIOMEDICAL ENGINEERING,bachelor-of-biomedical-engineering,Research Scientist
FACULTY OF ENGINEERING,BACHELOR OF BIOMEDICAL ENGINEERING,bachelor-of-biomedical-engineering,Safety and Compliance Engineer
FACULTY OF ENGINEERING,BACHELOR OF BIOMEDICAL ENGINEERING,bachelor-of-biomedical-engineering,Safety Engineer
FACULTY OF ENGINEERING,BACHELOR OF BIOMEDICAL ENGINEERING,bachelor-of-biomedical-engineering,Tissue Engineer
FACULTY OF ENGINEERING,BACHELOR OF BIOMEDICAL ENGINEERING,bachelor-of-biomedical-engineering,Tissue Engineering Specialist
FACULTY OF ENGINEERING,BACHELOR OF BIOMEDICAL ENGINEERING,bachelor-of-biomedical-engineering,Validation Engineer
FACULTY OF ENGINEERING,BACHELOR OF BIOMEDICAL ENGINEERING,bachelor-of-biomedical-engineering,Wireless Power Transfer Engineer
FACULTY OF ENGINEERING,BACHELOR OF MECHANICAL ENGINEERING,bachelor-of-mechanical-engineering,Acoustics Engineer
FACULTY OF ENGINEERING,BACHELOR OF MECHANICAL ENGINEERING,bachelor-of-mechanical-engineering,Aerospace Engineer
FACULTY OF ENGINEERING,BACHELOR OF MECHANICAL ENGINEERING,bachelor-of-mechanical-engineering,Automotive Engineer
FACULTY OF ENGINEERING,BACHELOR OF MECHANICAL ENGINEERING,bachelor-of-mechanical-engineering,Computational Fluid Dynamics Engineer
FACULTY OF ENGINEERING,BACHELOR OF MECHANICAL ENGINEERING,bachelor-of-mechanical-engineering,Control Systems Engineer
FACULTY OF ENGINEERING,BACHELOR OF MECHANICAL ENGINEERING,bachelor-of-mechanical-engineering,Corrosion Engineer
FACULTY OF ENGINEERING,BACHELOR OF MECHANICAL ENGINEERING,bachelor-of-mechanical-engineering,Design Engineer
FACULTY OF ENGINEERING,BACHELOR OF MECHANICAL ENGINEERING,bachelor-of-mechanical-engineering,Energy Systems Engineer
FACULTY OF ENGINEERING,BACHELOR OF MECHANICAL ENGINEERING,bachelor-of-mechanical-engineering,Failure Analysis Engineer
FACULTY OF ENGINEERING,BACHELOR OF MECHANICAL ENGINEERING,bachelor-of-mechanical-engineering,Finite Element Analyst
FACULTY OF ENGINEERING,BACHELOR OF MECHANICAL ENGINEERING,bachelor-of-mechanical-engineering,Heat Transfer Engineer
FACULTY OF ENGINEERING,BACHELOR OF MECHANICAL ENGINEERING,bachelor-of-mechanical-engineering,HVAC Engineer
FACULTY OF ENGINEERING,BACHELOR OF MECHANICAL ENGINEERING,bachelor-of-mechanical-engineering,Industrial Engineer
FACULTY OF ENGINEERING,BACHELOR OF MECHANICAL ENGINEERING,bachelor-of-mechanical-engineering,Internal Combustion Engine Specialist
FACULTY OF ENGINEERING,BACHELOR OF MECHANICAL ENGINEERING,bachelor-of-mechanical-engineering,Maintenance Engineer
FACULTY OF ENGINEERING,BACHELOR OF MECHANICAL ENGINEERING,bachelor-of-mechanical-engineering,Manufacturing Engineer
FACULTY OF ENGINEERING,BACHELOR OF MECHANICAL ENGINEERING,bachelor-of-mechanical-engineering,Materials Engineer
FACULTY OF ENGINEERING,BACHELOR OF MECHANICAL ENGINEERING,bachelor-of-mechanical-engineering,Mechanical Design Engineer
FACULTY OF ENGINEERING,BACHELOR OF MECHANICAL ENGINEERING,bachelor-of-mechanical-engineering,Mechatronics Engineer
FACULTY OF ENGINEERING,BACHELOR OF MECHANICAL ENGINEERING,bachelor-of-mechanical-engineering,Nanomaterials Engineer
FACULTY OF ENGINEERING,BACHELOR OF MECHANICAL ENGINEERING,bachelor-of-mechanical-engineering,Operations Manager
FACULTY OF ENGINEERING,BACHELOR OF MECHANICAL ENGINEERING,bachelor-of-mechanical-engineering,Power Plant Engineer
FACULTY OF ENGINEERING,BACHELOR OF MECHANICAL ENGINEERING,bachelor-of-mechanical-engineering,Product Design Engineer
FACULTY OF ENGINEERING,BACHELOR OF MECHANICAL ENGINEERING,bachelor-of-mechanical-engineering,Production Engineer
FACULTY OF ENGINEERING,BACHELOR OF MECHANICAL ENGINEERING,bachelor-of-mechanical-engineering,Quality Control Engineer
FACULTY OF ENGINEERING,BACHELOR OF MECHANICAL ENGINEERING,bachelor-of-mechanical-engineering,Robotics Engineer
FACULTY OF ENGINEERING,BACHELOR OF MECHANICAL ENGINEERING,bachelor-of-mechanical-engineering,Safety Engineer
FACULTY OF ENGINEERING,BACHELOR OF MECHANICAL ENGINEERING,bachelor-of-mechanical-engineering,Sustainable Design Engineer
FACULTY OF ENGINEERING,BACHELOR OF MECHANICAL ENGINEERING,bachelor-of-mechanical-engineering,Technopreneur
FACULTY OF ENGINEERING,BACHELOR OF MECHANICAL ENGINEERING,bachelor-of-mechanical-engineering,Vibration and Condition
FACULTY OF ENGINEERING,BACHELOR OF MECHANICAL ENGINEERING,bachelor-of-mechanical-engineering,Monitoring Specialist
FACULTY OF ENGINEERING,BACHELOR OF ELECTRICAL ENGINEERING,bachelor-of-electrical-engineering,Automation Engineer
FACULTY OF ENGINEERING,BACHELOR OF ELECTRICAL ENGINEERING,bachelor-of-electrical-engineering,Control Systems Engineer
FACULTY OF ENGINEERING,BACHELOR OF ELECTRICAL ENGINEERING,bachelor-of-electrical-engineering,Cybersecurity Engineer
FACULTY OF ENGINEERING,BACHELOR OF ELECTRICAL ENGINEERING,bachelor-of-electrical-engineering,Data Analyst
FACULTY OF ENGINEERING,BACHELOR OF ELECTRICAL ENGINEERING,bachelor-of-electrical-engineering,Digital Design Engineer
FACULTY OF ENGINEERING,BACHELOR OF ELECTRICAL ENGINEERING,bachelor-of-electrical-engineering,Electrical Engineer
FACULTY OF ENGINEERING,BACHELOR OF ELECTRICAL ENGINEERING,bachelor-of-electrical-engineering,Electronics Engineer
FACULTY OF ENGINEERING,BACHELOR OF ELECTRICAL ENGINEERING,bachelor-of-electrical-engineering,Energy Engineer
FACULTY OF ENGINEERING,BACHELOR OF ELECTRICAL ENGINEERING,bachelor-of-electrical-engineering,Instrumentation Engineer
FACULTY OF ENGINEERING,BACHELOR OF ELECTRICAL ENGINEERING,bachelor-of-electrical-engineering,Machine Learning Engineer
FACULTY OF ENGINEERING,BACHELOR OF ELECTRICAL ENGINEERING,bachelor-of-electrical-engineering,Microelectronics Engineer
FACULTY OF ENGINEERING,BACHELOR OF ELECTRICAL ENGINEERING,bachelor-of-electrical-engineering,Power System Engineer
FACULTY OF ENGINEERING,BACHELOR OF ELECTRICAL ENGINEERING,bachelor-of-electrical-engineering,Project Manager
FACULTY OF ENGINEERING,BACHELOR OF ELECTRICAL ENGINEERING,bachelor-of-electrical-engineering,Research and Development Engineer
FACULTY OF ENGINEERING,BACHELOR OF ELECTRICAL ENGINEERING,bachelor-of-electrical-engineering,Robotics Engineer
FACULTY OF ENGINEERING,BACHELOR OF ELECTRICAL ENGINEERING,bachelor-of-electrical-engineering,Software Engineer
FACULTY OF ENGINEERING,BACHELOR OF ELECTRICAL ENGINEERING,bachelor-of-electrical-engineering,Sustainability Consultant
FACULTY OF ENGINEERING,BACHELOR OF ELECTRICAL ENGINEERING,bachelor-of-electrical-engineering,Telecommunications Engineer
FACULTY OF ENGINEERING,BACHELOR OF ELECTRICAL ENGINEERING,bachelor-of-electrical-engineering,VLSI Design Engineer
FACULTY OF ENGINEERING,BACHELOR OF ELECTRICAL ENGINEERING,bachelor-of-electrical-engineering,Wireless Communication Engineer
FACULTY OF ENGINEERING,BACHELOR OF CHEMICAL ENGINEERING,bachelor-of-chemical-engineering,Advanced Process Control Engineer
FACULTY OF ENGINEERING,BACHELOR OF CHEMICAL ENGINEERING,bachelor-of-chemical-engineering,Advanced Process Safety Engineer
FACULTY OF ENGINEERING,BACHELOR OF CHEMICAL ENGINEERING,bachelor-of-chemical-engineering,Air Quality Engineer
FACULTY OF ENGINEERING,BACHELOR OF CHEMICAL ENGINEERING,bachelor-of-chemical-engineering,Biochemical Engineer
FACULTY OF ENGINEERING,BACHELOR OF CHEMICAL ENGINEERING,bachelor-of-chemical-engineering,Chemical Engineer
FACULTY OF ENGINEERING,BACHELOR OF CHEMICAL ENGINEERING,bachelor-of-chemical-engineering,Chemical Safety Engineer
FACULTY OF ENGINEERING,BACHELOR OF CHEMICAL ENGINEERING,bachelor-of-chemical-engineering,Chemical Process Engineer
FACULTY OF ENGINEERING,BACHELOR OF CHEMICAL ENGINEERING,bachelor-of-chemical-engineering,Chemical Research Scientist
FACULTY OF ENGINEERING,BACHELOR OF CHEMICAL ENGINEERING,bachelor-of-chemical-engineering,Environmental Engineer
FACULTY OF ENGINEERING,BACHELOR OF CHEMICAL ENGINEERING,bachelor-of-chemical-engineering,Materials Engineer
FACULTY OF ENGINEERING,BACHELOR OF CHEMICAL ENGINEERING,bachelor-of-chemical-engineering,Nanotechnology Engineer
FACULTY OF ENGINEERING,BACHELOR OF CHEMICAL ENGINEERING,bachelor-of-chemical-engineering,Petroleum Engineer
FACULTY OF ENGINEERING,BACHELOR OF CHEMICAL ENGINEERING,bachelor-of-chemical-engineering,Process Design Engineer
FACULTY OF ENGINEERING,BACHELOR OF CHEMICAL ENGINEERING,bachelor-of-chemical-engineering,Process Integration Engineer
FACULTY OF ENGINEERING,BACHELOR OF CHEMICAL ENGINEERING,bachelor-of-chemical-engineering,Process Safety Consultant
FACULTY OF ENGINEERING,BACHELOR OF CHEMICAL ENGINEERING,bachelor-of-chemical-engineering,Quality Control Engineer
FACULTY OF ENGINEERING,BACHELOR OF CHEMICAL ENGINEERING,bachelor-of-chemical-engineering,Research and Development Engineer
FACULTY OF ENGINEERING,BACHELOR OF CHEMICAL ENGINEERING,bachelor-of-chemical-engineering,Solid Waste Management Engineer
FACULTY OF ENGINEERING,BACHELOR OF CHEMICAL ENGINEERING,bachelor-of-chemical-engineering,Sustainable Development Engineer
FACULTY OF ENGINEERING,BACHELOR OF CHEMICAL ENGINEERING,bachelor-of-chemical-engineering,Waste Water Treatment Engineer
FACULTY OF ENGINEERING,BACHELOR OF CHEMICAL ENGINEERING,bachelor-of-chemical-engineering,Water Resource Engineer
FACULTY OF LANGUAGES AND LINGUISTICS,BACHELOR OF ENGLISH LANGUAGE AND LINGUISTICS,bachelor-of-english-language-and-linguistics,English Language Teacher
FACULTY OF LANGUAGES AND LINGUISTICS,BACHELOR OF ENGLISH LANGUAGE AND LINGUISTICS,bachelor-of-english-language-and-linguistics,Editor
FACULTY OF LANGUAGES AND LINGUISTICS,BACHELOR OF ENGLISH LANGUAGE AND LINGUISTICS,bachelor-of-english-language-and-linguistics,Proofreader
FACULTY OF LANGUAGES AND LINGUISTICS,BACHELOR OF ENGLISH LANGUAGE AND LINGUISTICS,bachelor-of-english-language-and-linguistics,Copywriter
FACULTY OF LANGUAGES AND LINGUISTICS,BACHELOR OF ENGLISH LANGUAGE AND LINGUISTICS,bachelor-of-english-language-and-linguistics,Content Writer
FACULTY OF LANGUAGES AND LINGUISTICS,BACHELOR OF ENGLISH LANGUAGE AND LINGUISTICS,bachelor-of-english-language-and-linguistics,Translator
FACULTY OF LANGUAGES AND LINGUISTICS,BACHELOR OF ENGLISH LANGUAGE AND LINGUISTICS,bachelor-of-english-language-and-linguistics,Interpreter
FACULTY OF LANGUAGES AND LINGUISTICS,BACHELOR OF ENGLISH LANGUAGE AND LINGUISTICS,bachelor-of-english-language-and-linguistics,Linguist
FACULTY OF LANGUAGES AND LINGUISTICS,BACHELOR OF ENGLISH LANGUAGE AND LINGUISTICS,bachelor-of-english-language-and-linguistics,Speech Therapist Assistant
FACULTY OF LANGUAGES AND LINGUISTICS,BACHELOR OF ENGLISH LANGUAGE AND LINGUISTICS,bachelor-of-english-language-and-linguistics,Communication Specialist
FACULTY OF LANGUAGES AND LINGUISTICS,BACHELOR OF ENGLISH LANGUAGE AND LINGUISTICS,bachelor-of-english-language-and-linguistics,Public Relations Officer
FACULTY OF LANGUAGES AND LINGUISTICS,BACHELOR OF ENGLISH LANGUAGE AND LINGUISTICS,bachelor-of-english-language-and-linguistics,Media Analyst
FACULTY OF LANGUAGES AND LINGUISTICS,BACHELOR OF ENGLISH LANGUAGE AND LINGUISTICS,bachelor-of-english-language-and-linguistics,Journalist
FACULTY OF LANGUAGES AND LINGUISTICS,BACHELOR OF ENGLISH LANGUAGE AND LINGUISTICS,bachelor-of-english-language-and-linguistics,News Writer
FACULTY OF LANGUAGES AND LINGUISTICS,BACHELOR OF ENGLISH LANGUAGE AND LINGUISTICS,bachelor-of-english-language-and-linguistics,Scriptwriter
FACULTY OF LANGUAGES AND LINGUISTICS,BACHELOR OF ENGLISH LANGUAGE AND LINGUISTICS,bachelor-of-english-language-and-linguistics,Technical Writer
FACULTY OF LANGUAGES AND LINGUISTICS,BACHELOR OF ENGLISH LANGUAGE AND LINGUISTICS,bachelor-of-english-language-and-linguistics,Academic Researcher
FACULTY OF LANGUAGES AND LINGUISTICS,BACHELOR OF ENGLISH LANGUAGE AND LINGUISTICS,bachelor-of-english-language-and-linguistics,Curriculum Developer
FACULTY OF LANGUAGES AND LINGUISTICS,BACHELOR OF ENGLISH LANGUAGE AND LINGUISTICS,bachelor-of-english-language-and-linguistics,Lexicographer
FACULTY OF LANGUAGES AND LINGUISTICS,BACHELOR OF ENGLISH LANGUAGE AND LINGUISTICS,bachelor-of-english-language-and-linguistics,Publishing Assistant
FACULTY OF LANGUAGES AND LINGUISTICS,BACHELOR OF ENGLISH LANGUAGE AND LINGUISTICS,bachelor-of-english-language-and-linguistics,Social Media Manager
FACULTY OF LANGUAGES AND LINGUISTICS,BACHELOR OF ENGLISH LANGUAGE AND LINGUISTICS,bachelor-of-english-language-and-linguistics,Corporate Trainer
FACULTY OF LANGUAGES AND LINGUISTICS,BACHELOR OF ENGLISH LANGUAGE AND LINGUISTICS,bachelor-of-english-language-and-linguistics,Language Assessment Specialist
FACULTY OF LANGUAGES AND LINGUISTICS,BACHELOR OF ENGLISH LANGUAGE AND LINGUISTICS,bachelor-of-english-language-and-linguistics,Advertising Executive
FACULTY OF LANGUAGES AND LINGUISTICS,BACHELOR OF ENGLISH LANGUAGE AND LINGUISTICS,bachelor-of-english-language-and-linguistics,Education Consultant
FACULTY OF LANGUAGES AND LINGUISTICS,BACHELOR OF ENGLISH LANGUAGE AND LINGUISTICS,bachelor-of-english-language-and-linguistics,Customer Service Executive
FACULTY OF LANGUAGES AND LINGUISTICS,BACHELOR OF ENGLISH LANGUAGE AND LINGUISTICS,bachelor-of-english-language-and-linguistics,Policy Analyst
FACULTY OF LANGUAGES AND LINGUISTICS,BACHELOR OF ENGLISH LANGUAGE AND LINGUISTICS,bachelor-of-english-language-and-linguistics,Voice-Over Artist
FACULTY OF LANGUAGES AND LINGUISTICS,BACHELOR OF ENGLISH LANGUAGE AND LINGUISTICS,bachelor-of-english-language-and-linguistics,Transcriptionist
FACULTY OF LANGUAGES AND LINGUISTICS,BACHELOR OF CHINESE LANGUAGE AND LINGUISTICS,bachelor-of-chinese-language-and-linguistics,Chinese Language Teacher
FACULTY OF LANGUAGES AND LINGUISTICS,BACHELOR OF CHINESE LANGUAGE AND LINGUISTICS,bachelor-of-chinese-language-and-linguistics,Translator
FACULTY OF LANGUAGES AND LINGUISTICS,BACHELOR OF CHINESE LANGUAGE AND LINGUISTICS,bachelor-of-chinese-language-and-linguistics,Interpreter
FACULTY OF LANGUAGES AND LINGUISTICS,BACHELOR OF CHINESE LANGUAGE AND LINGUISTICS,bachelor-of-chinese-language-and-linguistics,Editor
FACULTY OF LANGUAGES AND LINGUISTICS,BACHELOR OF CHINESE LANGUAGE AND LINGUISTICS,bachelor-of-chinese-language-and-linguistics,Proofreader
FACULTY OF LANGUAGES AND LINGUISTICS,BACHELOR OF CHINESE LANGUAGE AND LINGUISTICS,bachelor-of-chinese-language-and-linguistics,Content Writer
FACULTY OF LANGUAGES AND LINGUISTICS,BACHELOR OF CHINESE LANGUAGE AND LINGUISTICS,bachelor-of-chinese-language-and-linguistics,Copywriter
FACULTY OF LANGUAGES AND LINGUISTICS,BACHELOR OF CHINESE LANGUAGE AND LINGUISTICS,bachelor-of-chinese-language-and-linguistics,Journalist
FACULTY OF LANGUAGES AND LINGUISTICS,BACHELOR OF CHINESE LANGUAGE AND LINGUISTICS,bachelor-of-chinese-language-and-linguistics,Media Analyst
FACULTY OF LANGUAGES AND LINGUISTICS,BACHELOR OF CHINESE LANGUAGE AND LINGUISTICS,bachelor-of-chinese-language-and-linguistics,Communication Officer
FACULTY OF LANGUAGES AND LINGUISTICS,BACHELOR OF CHINESE LANGUAGE AND LINGUISTICS,bachelor-of-chinese-language-and-linguistics,Public Relations Executive
FACULTY OF LANGUAGES AND LINGUISTICS,BACHELOR OF CHINESE LANGUAGE AND LINGUISTICS,bachelor-of-chinese-language-and-linguistics,Cultural Advisor
FACULTY OF LANGUAGES AND LINGUISTICS,BACHELOR OF CHINESE LANGUAGE AND LINGUISTICS,bachelor-of-chinese-language-and-linguistics,Academic Researcher
FACULTY OF LANGUAGES AND LINGUISTICS,BACHELOR OF CHINESE LANGUAGE AND LINGUISTICS,bachelor-of-chinese-language-and-linguistics,Curriculum Developer
FACULTY OF LANGUAGES AND LINGUISTICS,BACHELOR OF CHINESE LANGUAGE AND LINGUISTICS,bachelor-of-chinese-language-and-linguistics,Publishing Assistant
FACULTY OF LANGUAGES AND LINGUISTICS,BACHELOR OF CHINESE LANGUAGE AND LINGUISTICS,bachelor-of-chinese-language-and-linguistics,Language Consultant
FACULTY OF LANGUAGES AND LINGUISTICS,BACHELOR OF CHINESE LANGUAGE AND LINGUISTICS,bachelor-of-chinese-language-and-linguistics,Lexicographer
FACULTY OF LANGUAGES AND LINGUISTICS,BACHELOR OF CHINESE LANGUAGE AND LINGUISTICS,bachelor-of-chinese-language-and-linguistics,Subtitle Translator
FACULTY OF LANGUAGES AND LINGUISTICS,BACHELOR OF CHINESE LANGUAGE AND LINGUISTICS,bachelor-of-chinese-language-and-linguistics,Corporate Trainer
FACULTY OF LANGUAGES AND LINGUISTICS,BACHELOR OF CHINESE LANGUAGE AND LINGUISTICS,bachelor-of-chinese-language-and-linguistics,Social Media Manager
FACULTY OF LANGUAGES AND LINGUISTICS,BACHELOR OF CHINESE LANGUAGE AND LINGUISTICS,bachelor-of-chinese-language-and-linguistics,International Relations Officer
FACULTY OF LANGUAGES AND LINGUISTICS,BACHELOR OF CHINESE LANGUAGE AND LINGUISTICS,bachelor-of-chinese-language-and-linguistics,Tourism Officer
FACULTY OF LANGUAGES AND LINGUISTICS,BACHELOR OF CHINESE LANGUAGE AND LINGUISTICS,bachelor-of-chinese-language-and-linguistics,Embassy Staff
FACULTY OF LANGUAGES AND LINGUISTICS,BACHELOR OF CHINESE LANGUAGE AND LINGUISTICS,bachelor-of-chinese-language-and-linguistics,Customer Service Executive
FACULTY OF LANGUAGES AND LINGUISTICS,BACHELOR OF CHINESE LANGUAGE AND LINGUISTICS,bachelor-of-chinese-language-and-linguistics,Policy Analyst
FACULTY OF LANGUAGES AND LINGUISTICS,BACHELOR OF CHINESE LANGUAGE AND LINGUISTICS,bachelor-of-chinese-language-and-linguistics,Transcriptionist
FACULTY OF LANGUAGES AND LINGUISTICS,BACHELOR OF CHINESE LANGUAGE AND LINGUISTICS,bachelor-of-chinese-language-and-linguistics,Scriptwriter
FACULTY OF LANGUAGES AND LINGUISTICS,BACHELOR OF CHINESE LANGUAGE AND LINGUISTICS,bachelor-of-chinese-language-and-linguistics,Voice-Over Artist
FACULTY OF LANGUAGES AND LINGUISTICS,BACHELOR OF ARABIC LANGUAGE AND LINGUISTICS,bachelor-of-arabic-language-and-linguistics,Arabic Language Teacher
FACULTY OF LANGUAGES AND LINGUISTICS,BACHELOR OF ARABIC LANGUAGE AND LINGUISTICS,bachelor-of-arabic-language-and-linguistics,Translator
FACULTY OF LANGUAGES AND LINGUISTICS,BACHELOR OF ARABIC LANGUAGE AND LINGUISTICS,bachelor-of-arabic-language-and-linguistics,Interpreter
FACULTY OF LANGUAGES AND LINGUISTICS,BACHELOR OF ARABIC LANGUAGE AND LINGUISTICS,bachelor-of-arabic-language-and-linguistics,Linguistic Researcher
FACULTY OF LANGUAGES AND LINGUISTICS,BACHELOR OF ARABIC LANGUAGE AND LINGUISTICS,bachelor-of-arabic-language-and-linguistics,Editor
FACULTY OF LANGUAGES AND LINGUISTICS,BACHELOR OF ARABIC LANGUAGE AND LINGUISTICS,bachelor-of-arabic-language-and-linguistics,Proofreader
FACULTY OF LANGUAGES AND LINGUISTICS,BACHELOR OF ARABIC LANGUAGE AND LINGUISTICS,bachelor-of-arabic-language-and-linguistics,Content Writer
FACULTY OF LANGUAGES AND LINGUISTICS,BACHELOR OF ARABIC LANGUAGE AND LINGUISTICS,bachelor-of-arabic-language-and-linguistics,Copywriter
FACULTY OF LANGUAGES AND LINGUISTICS,BACHELOR OF ARABIC LANGUAGE AND LINGUISTICS,bachelor-of-arabic-language-and-linguistics,Language Curriculum Developer
FACULTY OF LANGUAGES AND LINGUISTICS,BACHELOR OF ARABIC LANGUAGE AND LINGUISTICS,bachelor-of-arabic-language-and-linguistics,Lexicographer
FACULTY OF LANGUAGES AND LINGUISTICS,BACHELOR OF ARABIC LANGUAGE AND LINGUISTICS,bachelor-of-arabic-language-and-linguistics,Cultural Advisor
FACULTY OF LANGUAGES AND LINGUISTICS,BACHELOR OF ARABIC LANGUAGE AND LINGUISTICS,bachelor-of-arabic-language-and-linguistics,Foreign Language Analyst
FACULTY OF LANGUAGES AND LINGUISTICS,BACHELOR OF ARABIC LANGUAGE AND LINGUISTICS,bachelor-of-arabic-language-and-linguistics,Diplomatic Officer
FACULTY OF LANGUAGES AND LINGUISTICS,BACHELOR OF ARABIC LANGUAGE AND LINGUISTICS,bachelor-of-arabic-language-and-linguistics,Embassy Staff
FACULTY OF LANGUAGES AND LINGUISTICS,BACHELOR OF ARABIC LANGUAGE AND LINGUISTICS,bachelor-of-arabic-language-and-linguistics,Journalist
FACULTY OF LANGUAGES AND LINGUISTICS,BACHELOR OF ARABIC LANGUAGE AND LINGUISTICS,bachelor-of-arabic-language-and-linguistics,News Broadcaster
FACULTY OF LANGUAGES AND LINGUISTICS,BACHELOR OF ARABIC LANGUAGE AND LINGUISTICS,bachelor-of-arabic-language-and-linguistics,Subtitle Translator
FACULTY OF LANGUAGES AND LINGUISTICS,BACHELOR OF ARABIC LANGUAGE AND LINGUISTICS,bachelor-of-arabic-language-and-linguistics,Academic Lecturer
FACULTY OF LANGUAGES AND LINGUISTICS,BACHELOR OF ARABIC LANGUAGE AND LINGUISTICS,bachelor-of-arabic-language-and-linguistics,Arabic Calligraphy Artist
FACULTY OF LANGUAGES AND LINGUISTICS,BACHELOR OF ARABIC LANGUAGE AND LINGUISTICS,bachelor-of-arabic-language-and-linguistics,Publishing Assistant
FACULTY OF LANGUAGES AND LINGUISTICS,BACHELOR OF ARABIC LANGUAGE AND LINGUISTICS,bachelor-of-arabic-language-and-linguistics,Tourism Officer
FACULTY OF LANGUAGES AND LINGUISTICS,BACHELOR OF ARABIC LANGUAGE AND LINGUISTICS,bachelor-of-arabic-language-and-linguistics,Heritage And Cultural Officer
FACULTY OF LANGUAGES AND LINGUISTICS,BACHELOR OF ARABIC LANGUAGE AND LINGUISTICS,bachelor-of-arabic-language-and-linguistics,International Relations Officer
FACULTY OF LANGUAGES AND LINGUISTICS,BACHELOR OF ARABIC LANGUAGE AND LINGUISTICS,bachelor-of-arabic-language-and-linguistics,Religious Educator
FACULTY OF LANGUAGES AND LINGUISTICS,BACHELOR OF ARABIC LANGUAGE AND LINGUISTICS,bachelor-of-arabic-language-and-linguistics,Scriptwriter
FACULTY OF LANGUAGES AND LINGUISTICS,BACHELOR OF ARABIC LANGUAGE AND LINGUISTICS,bachelor-of-arabic-language-and-linguistics,Voice-Over Artist
FACULTY OF LANGUAGES AND LINGUISTICS,BACHELOR OF ARABIC LANGUAGE AND LINGUISTICS,bachelor-of-arabic-language-and-linguistics,Arabic Transcriptionist
FACULTY OF LANGUAGES AND LINGUISTICS,BACHELOR OF ARABIC LANGUAGE AND LINGUISTICS,bachelor-of-arabic-language-and-linguistics,Communication Specialist
FACULTY OF LANGUAGES AND LINGUISTICS,BACHELOR OF ARABIC LANGUAGE AND LINGUISTICS,bachelor-of-arabic-language-and-linguistics,Media Analyst
FACULTY OF LANGUAGES AND LINGUISTICS,BACHELOR OF TAMIL LANGUAGE AND LINGUISTICS,bachelor-of-tamil-language-and-linguistics,Tamil Language Teacher
FACULTY OF LANGUAGES AND LINGUISTICS,BACHELOR OF TAMIL LANGUAGE AND LINGUISTICS,bachelor-of-tamil-language-and-linguistics,Translator
FACULTY OF LANGUAGES AND LINGUISTICS,BACHELOR OF TAMIL LANGUAGE AND LINGUISTICS,bachelor-of-tamil-language-and-linguistics,Interpreter
FACULTY OF LANGUAGES AND LINGUISTICS,BACHELOR OF TAMIL LANGUAGE AND LINGUISTICS,bachelor-of-tamil-language-and-linguistics,Editor
FACULTY OF LANGUAGES AND LINGUISTICS,BACHELOR OF TAMIL LANGUAGE AND LINGUISTICS,bachelor-of-tamil-language-and-linguistics,Proofreader
FACULTY OF LANGUAGES AND LINGUISTICS,BACHELOR OF TAMIL LANGUAGE AND LINGUISTICS,bachelor-of-tamil-language-and-linguistics,Content Writer
FACULTY OF LANGUAGES AND LINGUISTICS,BACHELOR OF TAMIL LANGUAGE AND LINGUISTICS,bachelor-of-tamil-language-and-linguistics,Copywriter
FACULTY OF LANGUAGES AND LINGUISTICS,BACHELOR OF TAMIL LANGUAGE AND LINGUISTICS,bachelor-of-tamil-language-and-linguistics,Journalist
FACULTY OF LANGUAGES AND LINGUISTICS,BACHELOR OF TAMIL LANGUAGE AND LINGUISTICS,bachelor-of-tamil-language-and-linguistics,News Reporter
FACULTY OF LANGUAGES AND LINGUISTICS,BACHELOR OF TAMIL LANGUAGE AND LINGUISTICS,bachelor-of-tamil-language-and-linguistics,Scriptwriter
FACULTY OF LANGUAGES AND LINGUISTICS,BACHELOR OF TAMIL LANGUAGE AND LINGUISTICS,bachelor-of-tamil-language-and-linguistics,Media Analyst
FACULTY OF LANGUAGES AND LINGUISTICS,BACHELOR OF TAMIL LANGUAGE AND LINGUISTICS,bachelor-of-tamil-language-and-linguistics,Communication Officer
FACULTY OF LANGUAGES AND LINGUISTICS,BACHELOR OF TAMIL LANGUAGE AND LINGUISTICS,bachelor-of-tamil-language-and-linguistics,Public Relations Executive
FACULTY OF LANGUAGES AND LINGUISTICS,BACHELOR OF TAMIL LANGUAGE AND LINGUISTICS,bachelor-of-tamil-language-and-linguistics,Academic Researcher
FACULTY OF LANGUAGES AND LINGUISTICS,BACHELOR OF TAMIL LANGUAGE AND LINGUISTICS,bachelor-of-tamil-language-and-linguistics,Curriculum Developer
FACULTY OF LANGUAGES AND LINGUISTICS,BACHELOR OF TAMIL LANGUAGE AND LINGUISTICS,bachelor-of-tamil-language-and-linguistics,Publishing Assistant
FACULTY OF LANGUAGES AND LINGUISTICS,BACHELOR OF TAMIL LANGUAGE AND LINGUISTICS,bachelor-of-tamil-language-and-linguistics,Language Consultant
FACULTY OF LANGUAGES AND LINGUISTICS,BACHELOR OF TAMIL LANGUAGE AND LINGUISTICS,bachelor-of-tamil-language-and-linguistics,Lexicographer
FACULTY OF LANGUAGES AND LINGUISTICS,BACHELOR OF TAMIL LANGUAGE AND LINGUISTICS,bachelor-of-tamil-language-and-linguistics,Subtitle Translator
FACULTY OF LANGUAGES AND LINGUISTICS,BACHELOR OF TAMIL LANGUAGE AND LINGUISTICS,bachelor-of-tamil-language-and-linguistics,Social Media Manager
FACULTY OF LANGUAGES AND LINGUISTICS,BACHELOR OF TAMIL LANGUAGE AND LINGUISTICS,bachelor-of-tamil-language-and-linguistics,Cultural Advisor
FACULTY OF LANGUAGES AND LINGUISTICS,BACHELOR OF TAMIL LANGUAGE AND LINGUISTICS,bachelor-of-tamil-language-and-linguistics,Tourism Officer
FACULTY OF LANGUAGES AND LINGUISTICS,BACHELOR OF TAMIL LANGUAGE AND LINGUISTICS,bachelor-of-tamil-language-and-linguistics,Embassy Staff
FACULTY OF LANGUAGES AND LINGUISTICS,BACHELOR OF TAMIL LANGUAGE AND LINGUISTICS,bachelor-of-tamil-language-and-linguistics,Voice-Over Artist
FACULTY OF LANGUAGES AND LINGUISTICS,BACHELOR OF TAMIL LANGUAGE AND LINGUISTICS,bachelor-of-tamil-language-and-linguistics,Transcriptionist
FACULTY OF LANGUAGES AND LINGUISTICS,BACHELOR OF TAMIL LANGUAGE AND LINGUISTICS,bachelor-of-tamil-language-and-linguistics,Education Officer
FACULTY OF LANGUAGES AND LINGUISTICS,BACHELOR OF TAMIL LANGUAGE AND LINGUISTICS,bachelor-of-tamil-language-and-linguistics,Corporate Trainer
FACULTY OF LANGUAGES AND LINGUISTICS,BACHELOR OF TAMIL LANGUAGE AND LINGUISTICS,bachelor-of-tamil-language-and-linguistics,Policy Writer
FACULTY OF LANGUAGES AND LINGUISTICS,BACHELOR OF JAPANESE LANGUAGE AND LINGUISTICS,bachelor-of-japanese-language-and-linguistic,Japanese Language Teacher
FACULTY OF LANGUAGES AND LINGUISTICS,BACHELOR OF JAPANESE LANGUAGE AND LINGUISTICS,bachelor-of-japanese-language-and-linguistic,Translator
FACULTY OF LANGUAGES AND LINGUISTICS,BACHELOR OF JAPANESE LANGUAGE AND LINGUISTICS,bachelor-of-japanese-language-and-linguistic,Interpreter
FACULTY OF LANGUAGES AND LINGUISTICS,BACHELOR OF JAPANESE LANGUAGE AND LINGUISTICS,bachelor-of-japanese-language-and-linguistic,Content Writer
FACULTY OF LANGUAGES AND LINGUISTICS,BACHELOR OF JAPANESE LANGUAGE AND LINGUISTICS,bachelor-of-japanese-language-and-linguistic,Copywriter
FACULTY OF LANGUAGES AND LINGUISTICS,BACHELOR OF JAPANESE LANGUAGE AND LINGUISTICS,bachelor-of-japanese-language-and-linguistic,Editor
FACULTY OF LANGUAGES AND LINGUISTICS,BACHELOR OF JAPANESE LANGUAGE AND LINGUISTICS,bachelor-of-japanese-language-and-linguistic,Proofreader
FACULTY OF LANGUAGES AND LINGUISTICS,BACHELOR OF JAPANESE LANGUAGE AND LINGUISTICS,bachelor-of-japanese-language-and-linguistic,Subtitle Translator
FACULTY OF LANGUAGES AND LINGUISTICS,BACHELOR OF JAPANESE LANGUAGE AND LINGUISTICS,bachelor-of-japanese-language-and-linguistic,Academic Researcher
FACULTY OF LANGUAGES AND LINGUISTICS,BACHELOR OF JAPANESE LANGUAGE AND LINGUISTICS,bachelor-of-japanese-language-and-linguistic,Curriculum Developer
FACULTY OF LANGUAGES AND LINGUISTICS,BACHELOR OF JAPANESE LANGUAGE AND LINGUISTICS,bachelor-of-japanese-language-and-linguistic,Publishing Assistant
FACULTY OF LANGUAGES AND LINGUISTICS,BACHELOR OF JAPANESE LANGUAGE AND LINGUISTICS,bachelor-of-japanese-language-and-linguistic,Language Consultant
FACULTY OF LANGUAGES AND LINGUISTICS,BACHELOR OF JAPANESE LANGUAGE AND LINGUISTICS,bachelor-of-japanese-language-and-linguistic,Lexicographer
FACULTY OF LANGUAGES AND LINGUISTICS,BACHELOR OF JAPANESE LANGUAGE AND LINGUISTICS,bachelor-of-japanese-language-and-linguistic,Cultural Advisor
FACULTY OF LANGUAGES AND LINGUISTICS,BACHELOR OF JAPANESE LANGUAGE AND LINGUISTICS,bachelor-of-japanese-language-and-linguistic,Communication Officer
FACULTY OF LANGUAGES AND LINGUISTICS,BACHELOR OF JAPANESE LANGUAGE AND LINGUISTICS,bachelor-of-japanese-language-and-linguistic,Public Relations Executive
FACULTY OF LANGUAGES AND LINGUISTICS,BACHELOR OF JAPANESE LANGUAGE AND LINGUISTICS,bachelor-of-japanese-language-and-linguistic,Corporate Trainer
FACULTY OF LANGUAGES AND LINGUISTICS,BACHELOR OF JAPANESE LANGUAGE AND LINGUISTICS,bachelor-of-japanese-language-and-linguistic,International Relations Officer
FACULTY OF LANGUAGES AND LINGUISTICS,BACHELOR OF JAPANESE LANGUAGE AND LINGUISTICS,bachelor-of-japanese-language-and-linguistic,Tourism Officer
FACULTY OF LANGUAGES AND LINGUISTICS,BACHELOR OF JAPANESE LANGUAGE AND LINGUISTICS,bachelor-of-japanese-language-and-linguistic,Embassy Staff
FACULTY OF LANGUAGES AND LINGUISTICS,BACHELOR OF JAPANESE LANGUAGE AND LINGUISTICS,bachelor-of-japanese-language-and-linguistic,Customer Service Executive
FACULTY OF LANGUAGES AND LINGUISTICS,BACHELOR OF JAPANESE LANGUAGE AND LINGUISTICS,bachelor-of-japanese-language-and-linguistic,Media Analyst
FACULTY OF LANGUAGES AND LINGUISTICS,BACHELOR OF JAPANESE LANGUAGE AND LINGUISTICS,bachelor-of-japanese-language-and-linguistic,Journalist
FACULTY OF LANGUAGES AND LINGUISTICS,BACHELOR OF JAPANESE LANGUAGE AND LINGUISTICS,bachelor-of-japanese-language-and-linguistic,Scriptwriter
FACULTY OF LANGUAGES AND LINGUISTICS,BACHELOR OF JAPANESE LANGUAGE AND LINGUISTICS,bachelor-of-japanese-language-and-linguistic,Voice-Over Artist
FACULTY OF LANGUAGES AND LINGUISTICS,BACHELOR OF JAPANESE LANGUAGE AND LINGUISTICS,bachelor-of-japanese-language-and-linguistic,Transcriptionist
FACULTY OF LANGUAGES AND LINGUISTICS,BACHELOR OF JAPANESE LANGUAGE AND LINGUISTICS,bachelor-of-japanese-language-and-linguistic,Education Officer
FACULTY OF LANGUAGES AND LINGUISTICS,BACHELOR OF JAPANESE LANGUAGE AND LINGUISTICS,bachelor-of-japanese-language-and-linguistic,Localization Specialist
FACULTY OF LANGUAGES AND LINGUISTICS,BACHELOR OF FRENCH LANGUAGE AND LINGUISTICS,bachelor-of-french-language-and-linguistics,French Language Teacher
FACULTY OF LANGUAGES AND LINGUISTICS,BACHELOR OF FRENCH LANGUAGE AND LINGUISTICS,bachelor-of-french-language-and-linguistics,Translator
FACULTY OF LANGUAGES AND LINGUISTICS,BACHELOR OF FRENCH LANGUAGE AND LINGUISTICS,bachelor-of-french-language-and-linguistics,Interpreter
FACULTY OF LANGUAGES AND LINGUISTICS,BACHELOR OF FRENCH LANGUAGE AND LINGUISTICS,bachelor-of-french-language-and-linguistics,Editor
FACULTY OF LANGUAGES AND LINGUISTICS,BACHELOR OF FRENCH LANGUAGE AND LINGUISTICS,bachelor-of-french-language-and-linguistics,Proofreader
FACULTY OF LANGUAGES AND LINGUISTICS,BACHELOR OF FRENCH LANGUAGE AND LINGUISTICS,bachelor-of-french-language-and-linguistics,Content Writer
FACULTY OF LANGUAGES AND LINGUISTICS,BACHELOR OF FRENCH LANGUAGE AND LINGUISTICS,bachelor-of-french-language-and-linguistics,Copywriter
FACULTY OF LANGUAGES AND LINGUISTICS,BACHELOR OF FRENCH LANGUAGE AND LINGUISTICS,bachelor-of-french-language-and-linguistics,Journalist
FACULTY OF LANGUAGES AND LINGUISTICS,BACHELOR OF FRENCH LANGUAGE AND LINGUISTICS,bachelor-of-french-language-and-linguistics,Subtitle Translator
FACULTY OF LANGUAGES AND LINGUISTICS,BACHELOR OF FRENCH LANGUAGE AND LINGUISTICS,bachelor-of-french-language-and-linguistics,Communication Officer
FACULTY OF LANGUAGES AND LINGUISTICS,BACHELOR OF FRENCH LANGUAGE AND LINGUISTICS,bachelor-of-french-language-and-linguistics,Public Relations Executive
FACULTY OF LANGUAGES AND LINGUISTICS,BACHELOR OF FRENCH LANGUAGE AND LINGUISTICS,bachelor-of-french-language-and-linguistics,Media Analyst
FACULTY OF LANGUAGES AND LINGUISTICS,BACHELOR OF FRENCH LANGUAGE AND LINGUISTICS,bachelor-of-french-language-and-linguistics,Academic Researcher
FACULTY OF LANGUAGES AND LINGUISTICS,BACHELOR OF FRENCH LANGUAGE AND LINGUISTICS,bachelor-of-french-language-and-linguistics,Curriculum Developer
FACULTY OF LANGUAGES AND LINGUISTICS,BACHELOR OF FRENCH LANGUAGE AND LINGUISTICS,bachelor-of-french-language-and-linguistics,Language Consultant
FACULTY OF LANGUAGES AND LINGUISTICS,BACHELOR OF FRENCH LANGUAGE AND LINGUISTICS,bachelor-of-french-language-and-linguistics,Lexicographer
FACULTY OF LANGUAGES AND LINGUISTICS,BACHELOR OF FRENCH LANGUAGE AND LINGUISTICS,bachelor-of-french-language-and-linguistics,Publishing Assistant
FACULTY OF LANGUAGES AND LINGUISTICS,BACHELOR OF FRENCH LANGUAGE AND LINGUISTICS,bachelor-of-french-language-and-linguistics,Cultural Advisor
FACULTY OF LANGUAGES AND LINGUISTICS,BACHELOR OF FRENCH LANGUAGE AND LINGUISTICS,bachelor-of-french-language-and-linguistics,International Relations Officer
FACULTY OF LANGUAGES AND LINGUISTICS,BACHELOR OF FRENCH LANGUAGE AND LINGUISTICS,bachelor-of-french-language-and-linguistics,Embassy Staff
FACULTY OF LANGUAGES AND LINGUISTICS,BACHELOR OF FRENCH LANGUAGE AND LINGUISTICS,bachelor-of-french-language-and-linguistics,Tourism Officer
FACULTY OF LANGUAGES AND LINGUISTICS,BACHELOR OF FRENCH LANGUAGE AND LINGUISTICS,bachelor-of-french-language-and-linguistics,Corporate Trainer
FACULTY OF LANGUAGES AND LINGUISTICS,BACHELOR OF FRENCH LANGUAGE AND LINGUISTICS,bachelor-of-french-language-and-linguistics,Education Officer
FACULTY OF LANGUAGES AND LINGUISTICS,BACHELOR OF FRENCH LANGUAGE AND LINGUISTICS,bachelor-of-french-language-and-linguistics,Voice-Over Artist
FACULTY OF LANGUAGES AND LINGUISTICS,BACHELOR OF FRENCH LANGUAGE AND LINGUISTICS,bachelor-of-french-language-and-linguistics,Transcriptionist
FACULTY OF LANGUAGES AND LINGUISTICS,BACHELOR OF FRENCH LANGUAGE AND LINGUISTICS,bachelor-of-french-language-and-linguistics,Localization Specialist
FACULTY OF LANGUAGES AND LINGUISTICS,BACHELOR OF FRENCH LANGUAGE AND LINGUISTICS,bachelor-of-french-language-and-linguistics,Customer Service Executive
FACULTY OF LANGUAGES AND LINGUISTICS,BACHELOR OF FRENCH LANGUAGE AND LINGUISTICS,bachelor-of-french-language-and-linguistics,Scriptwriter
FACULTY OF LANGUAGES AND LINGUISTICS,BACHELOR OF GERMAN LANGUAGE AND LINGUISTICS,bachelor-of-german-language-and-linguistics,German Language Teacher
FACULTY OF LANGUAGES AND LINGUISTICS,BACHELOR OF GERMAN LANGUAGE AND LINGUISTICS,bachelor-of-german-language-and-linguistics,Translator
FACULTY OF LANGUAGES AND LINGUISTICS,BACHELOR OF GERMAN LANGUAGE AND LINGUISTICS,bachelor-of-german-language-and-linguistics,Interpreter
FACULTY OF LANGUAGES AND LINGUISTICS,BACHELOR OF GERMAN LANGUAGE AND LINGUISTICS,bachelor-of-german-language-and-linguistics,Editor
FACULTY OF LANGUAGES AND LINGUISTICS,BACHELOR OF GERMAN LANGUAGE AND LINGUISTICS,bachelor-of-german-language-and-linguistics,Proofreader
FACULTY OF LANGUAGES AND LINGUISTICS,BACHELOR OF GERMAN LANGUAGE AND LINGUISTICS,bachelor-of-german-language-and-linguistics,Content Writer
FACULTY OF LANGUAGES AND LINGUISTICS,BACHELOR OF GERMAN LANGUAGE AND LINGUISTICS,bachelor-of-german-language-and-linguistics,Copywriter
FACULTY OF LANGUAGES AND LINGUISTICS,BACHELOR OF GERMAN LANGUAGE AND LINGUISTICS,bachelor-of-german-language-and-linguistics,Journalist
FACULTY OF LANGUAGES AND LINGUISTICS,BACHELOR OF GERMAN LANGUAGE AND LINGUISTICS,bachelor-of-german-language-and-linguistics,Subtitle Translator
FACULTY OF LANGUAGES AND LINGUISTICS,BACHELOR OF GERMAN LANGUAGE AND LINGUISTICS,bachelor-of-german-language-and-linguistics,Communication Officer
FACULTY OF LANGUAGES AND LINGUISTICS,BACHELOR OF GERMAN LANGUAGE AND LINGUISTICS,bachelor-of-german-language-and-linguistics,Public Relations Executive
FACULTY OF LANGUAGES AND LINGUISTICS,BACHELOR OF GERMAN LANGUAGE AND LINGUISTICS,bachelor-of-german-language-and-linguistics,Media Analyst
FACULTY OF LANGUAGES AND LINGUISTICS,BACHELOR OF GERMAN LANGUAGE AND LINGUISTICS,bachelor-of-german-language-and-linguistics,Academic Researcher
FACULTY OF LANGUAGES AND LINGUISTICS,BACHELOR OF GERMAN LANGUAGE AND LINGUISTICS,bachelor-of-german-language-and-linguistics,Curriculum Developer
FACULTY OF LANGUAGES AND LINGUISTICS,BACHELOR OF GERMAN LANGUAGE AND LINGUISTICS,bachelor-of-german-language-and-linguistics,Language Consultant
FACULTY OF LANGUAGES AND LINGUISTICS,BACHELOR OF GERMAN LANGUAGE AND LINGUISTICS,bachelor-of-german-language-and-linguistics,Lexicographer
FACULTY OF LANGUAGES AND LINGUISTICS,BACHELOR OF GERMAN LANGUAGE AND LINGUISTICS,bachelor-of-german-language-and-linguistics,Publishing Assistant
FACULTY OF LANGUAGES AND LINGUISTICS,BACHELOR OF GERMAN LANGUAGE AND LINGUISTICS,bachelor-of-german-language-and-linguistics,Cultural Advisor
FACULTY OF LANGUAGES AND LINGUISTICS,BACHELOR OF GERMAN LANGUAGE AND LINGUISTICS,bachelor-of-german-language-and-linguistics,International Relations Officer
FACULTY OF LANGUAGES AND LINGUISTICS,BACHELOR OF GERMAN LANGUAGE AND LINGUISTICS,bachelor-of-german-language-and-linguistics,Embassy Staff
FACULTY OF LANGUAGES AND LINGUISTICS,BACHELOR OF GERMAN LANGUAGE AND LINGUISTICS,bachelor-of-german-language-and-linguistics,Tourism Officer
FACULTY OF LANGUAGES AND LINGUISTICS,BACHELOR OF GERMAN LANGUAGE AND LINGUISTICS,bachelor-of-german-language-and-linguistics,Corporate Trainer
FACULTY OF LANGUAGES AND LINGUISTICS,BACHELOR OF GERMAN LANGUAGE AND LINGUISTICS,bachelor-of-german-language-and-linguistics,Education Officer
FACULTY OF LANGUAGES AND LINGUISTICS,BACHELOR OF GERMAN LANGUAGE AND LINGUISTICS,bachelor-of-german-language-and-linguistics,Voice-Over Artist
FACULTY OF LANGUAGES AND LINGUISTICS,BACHELOR OF GERMAN LANGUAGE AND LINGUISTICS,bachelor-of-german-language-and-linguistics,Transcriptionist
FACULTY OF LANGUAGES AND LINGUISTICS,BACHELOR OF GERMAN LANGUAGE AND LINGUISTICS,bachelor-of-german-language-and-linguistics,Localization Specialist
FACULTY OF LANGUAGES AND LINGUISTICS,BACHELOR OF GERMAN LANGUAGE AND LINGUISTICS,bachelor-of-german-language-and-linguistics,Customer Service Executive
FACULTY OF LANGUAGES AND LINGUISTICS,BACHELOR OF GERMAN LANGUAGE AND LINGUISTICS,bachelor-of-german-language-and-linguistics,Scriptwriter
FACULTY OF LANGUAGES AND LINGUISTICS,BACHELOR OF SPANISH LANGUAGE AND LINGUISTICS,bachelor-of-spanish-language-and-linguistics,Spanish Language Teacher
FACULTY OF LANGUAGES AND LINGUISTICS,BACHELOR OF SPANISH LANGUAGE AND LINGUISTICS,bachelor-of-spanish-language-and-linguistics,Translator
FACULTY OF LANGUAGES AND LINGUISTICS,BACHELOR OF SPANISH LANGUAGE AND LINGUISTICS,bachelor-of-spanish-language-and-linguistics,Interpreter
FACULTY OF LANGUAGES AND LINGUISTICS,BACHELOR OF SPANISH LANGUAGE AND LINGUISTICS,bachelor-of-spanish-language-and-linguistics,Editor
FACULTY OF LANGUAGES AND LINGUISTICS,BACHELOR OF SPANISH LANGUAGE AND LINGUISTICS,bachelor-of-spanish-language-and-linguistics,Proofreader
FACULTY OF LANGUAGES AND LINGUISTICS,BACHELOR OF SPANISH LANGUAGE AND LINGUISTICS,bachelor-of-spanish-language-and-linguistics,Content Writer
FACULTY OF LANGUAGES AND LINGUISTICS,BACHELOR OF SPANISH LANGUAGE AND LINGUISTICS,bachelor-of-spanish-language-and-linguistics,Copywriter
FACULTY OF LANGUAGES AND LINGUISTICS,BACHELOR OF SPANISH LANGUAGE AND LINGUISTICS,bachelor-of-spanish-language-and-linguistics,Journalist
FACULTY OF LANGUAGES AND LINGUISTICS,BACHELOR OF SPANISH LANGUAGE AND LINGUISTICS,bachelor-of-spanish-language-and-linguistics,Subtitle Translator
FACULTY OF LANGUAGES AND LINGUISTICS,BACHELOR OF SPANISH LANGUAGE AND LINGUISTICS,bachelor-of-spanish-language-and-linguistics,Scriptwriter
FACULTY OF LANGUAGES AND LINGUISTICS,BACHELOR OF SPANISH LANGUAGE AND LINGUISTICS,bachelor-of-spanish-language-and-linguistics,Communication Officer
FACULTY OF LANGUAGES AND LINGUISTICS,BACHELOR OF SPANISH LANGUAGE AND LINGUISTICS,bachelor-of-spanish-language-and-linguistics,Public Relations Executive
FACULTY OF LANGUAGES AND LINGUISTICS,BACHELOR OF SPANISH LANGUAGE AND LINGUISTICS,bachelor-of-spanish-language-and-linguistics,Media Analyst
FACULTY OF LANGUAGES AND LINGUISTICS,BACHELOR OF SPANISH LANGUAGE AND LINGUISTICS,bachelor-of-spanish-language-and-linguistics,Academic Researcher
FACULTY OF LANGUAGES AND LINGUISTICS,BACHELOR OF SPANISH LANGUAGE AND LINGUISTICS,bachelor-of-spanish-language-and-linguistics,Curriculum Developer
FACULTY OF LANGUAGES AND LINGUISTICS,BACHELOR OF SPANISH LANGUAGE AND LINGUISTICS,bachelor-of-spanish-language-and-linguistics,Language Consultant
FACULTY OF LANGUAGES AND LINGUISTICS,BACHELOR OF SPANISH LANGUAGE AND LINGUISTICS,bachelor-of-spanish-language-and-linguistics,Lexicographer
FACULTY OF LANGUAGES AND LINGUISTICS,BACHELOR OF SPANISH LANGUAGE AND LINGUISTICS,bachelor-of-spanish-language-and-linguistics,Publishing Assistant
FACULTY OF LANGUAGES AND LINGUISTICS,BACHELOR OF SPANISH LANGUAGE AND LINGUISTICS,bachelor-of-spanish-language-and-linguistics,Cultural Advisor
FACULTY OF LANGUAGES AND LINGUISTICS,BACHELOR OF SPANISH LANGUAGE AND LINGUISTICS,bachelor-of-spanish-language-and-linguistics,International Relations Officer
FACULTY OF LANGUAGES AND LINGUISTICS,BACHELOR OF SPANISH LANGUAGE AND LINGUISTICS,bachelor-of-spanish-language-and-linguistics,Embassy Staff
FACULTY OF LANGUAGES AND LINGUISTICS,BACHELOR OF SPANISH LANGUAGE AND LINGUISTICS,bachelor-of-spanish-language-and-linguistics,Tourism Officer
FACULTY OF LANGUAGES AND LINGUISTICS,BACHELOR OF SPANISH LANGUAGE AND LINGUISTICS,bachelor-of-spanish-language-and-linguistics,Education Officer
FACULTY OF LANGUAGES AND LINGUISTICS,BACHELOR OF SPANISH LANGUAGE AND LINGUISTICS,bachelor-of-spanish-language-and-linguistics,Corporate Trainer
FACULTY OF LANGUAGES AND LINGUISTICS,BACHELOR OF SPANISH LANGUAGE AND LINGUISTICS,bachelor-of-spanish-language-and-linguistics,Customer Service Executive
FACULTY OF LANGUAGES AND LINGUISTICS,BACHELOR OF SPANISH LANGUAGE AND LINGUISTICS,bachelor-of-spanish-language-and-linguistics,Voice-Over Artist
FACULTY OF LANGUAGES AND LINGUISTICS,BACHELOR OF SPANISH LANGUAGE AND LINGUISTICS,bachelor-of-spanish-language-and-linguistics,Transcriptionist
FACULTY OF LANGUAGES AND LINGUISTICS,BACHELOR OF SPANISH LANGUAGE AND LINGUISTICS,bachelor-of-spanish-language-and-linguistics,Localization Specialist
FACULTY OF LANGUAGES AND LINGUISTICS,BACHELOR OF ITALIAN LANGUAGE AND LINGUISTICS,bachelor-of-italian-language-and-linguistics,Italian Language Teacher
FACULTY OF LANGUAGES AND LINGUISTICS,BACHELOR OF ITALIAN LANGUAGE AND LINGUISTICS,bachelor-of-italian-language-and-linguistics,Translator
FACULTY OF LANGUAGES AND LINGUISTICS,BACHELOR OF ITALIAN LANGUAGE AND LINGUISTICS,bachelor-of-italian-language-and-linguistics,Interpreter
FACULTY OF LANGUAGES AND LINGUISTICS,BACHELOR OF ITALIAN LANGUAGE AND LINGUISTICS,bachelor-of-italian-language-and-linguistics,Editor
FACULTY OF LANGUAGES AND LINGUISTICS,BACHELOR OF ITALIAN LANGUAGE AND LINGUISTICS,bachelor-of-italian-language-and-linguistics,Proofreader
FACULTY OF LANGUAGES AND LINGUISTICS,BACHELOR OF ITALIAN LANGUAGE AND LINGUISTICS,bachelor-of-italian-language-and-linguistics,Content Writer
FACULTY OF LANGUAGES AND LINGUISTICS,BACHELOR OF ITALIAN LANGUAGE AND LINGUISTICS,bachelor-of-italian-language-and-linguistics,Copywriter
FACULTY OF LANGUAGES AND LINGUISTICS,BACHELOR OF ITALIAN LANGUAGE AND LINGUISTICS,bachelor-of-italian-language-and-linguistics,Journalist
FACULTY OF LANGUAGES AND LINGUISTICS,BACHELOR OF ITALIAN LANGUAGE AND LINGUISTICS,bachelor-of-italian-language-and-linguistics,Subtitle Translator
FACULTY OF LANGUAGES AND LINGUISTICS,BACHELOR OF ITALIAN LANGUAGE AND LINGUISTICS,bachelor-of-italian-language-and-linguistics,Scriptwriter
FACULTY OF LANGUAGES AND LINGUISTICS,BACHELOR OF ITALIAN LANGUAGE AND LINGUISTICS,bachelor-of-italian-language-and-linguistics,Communication Officer
FACULTY OF LANGUAGES AND LINGUISTICS,BACHELOR OF ITALIAN LANGUAGE AND LINGUISTICS,bachelor-of-italian-language-and-linguistics,Public Relations Executive
FACULTY OF LANGUAGES AND LINGUISTICS,BACHELOR OF ITALIAN LANGUAGE AND LINGUISTICS,bachelor-of-italian-language-and-linguistics,Media Analyst
FACULTY OF LANGUAGES AND LINGUISTICS,BACHELOR OF ITALIAN LANGUAGE AND LINGUISTICS,bachelor-of-italian-language-and-linguistics,Academic Researcher
FACULTY OF LANGUAGES AND LINGUISTICS,BACHELOR OF ITALIAN LANGUAGE AND LINGUISTICS,bachelor-of-italian-language-and-linguistics,Curriculum Developer
FACULTY OF LANGUAGES AND LINGUISTICS,BACHELOR OF ITALIAN LANGUAGE AND LINGUISTICS,bachelor-of-italian-language-and-linguistics,Language Consultant
FACULTY OF LANGUAGES AND LINGUISTICS,BACHELOR OF ITALIAN LANGUAGE AND LINGUISTICS,bachelor-of-italian-language-and-linguistics,Lexicographer
FACULTY OF LANGUAGES AND LINGUISTICS,BACHELOR OF ITALIAN LANGUAGE AND LINGUISTICS,bachelor-of-italian-language-and-linguistics,Publishing Assistant
FACULTY OF LANGUAGES AND LINGUISTICS,BACHELOR OF ITALIAN LANGUAGE AND LINGUISTICS,bachelor-of-italian-language-and-linguistics,Cultural Advisor
FACULTY OF LANGUAGES AND LINGUISTICS,BACHELOR OF ITALIAN LANGUAGE AND LINGUISTICS,bachelor-of-italian-language-and-linguistics,International Relations Officer
FACULTY OF LANGUAGES AND LINGUISTICS,BACHELOR OF ITALIAN LANGUAGE AND LINGUISTICS,bachelor-of-italian-language-and-linguistics,Embassy Staff
FACULTY OF LANGUAGES AND LINGUISTICS,BACHELOR OF ITALIAN LANGUAGE AND LINGUISTICS,bachelor-of-italian-language-and-linguistics,Tourism Officer
FACULTY OF LANGUAGES AND LINGUISTICS,BACHELOR OF ITALIAN LANGUAGE AND LINGUISTICS,bachelor-of-italian-language-and-linguistics,Education Officer
FACULTY OF LANGUAGES AND LINGUISTICS,BACHELOR OF ITALIAN LANGUAGE AND LINGUISTICS,bachelor-of-italian-language-and-linguistics,Corporate Trainer
FACULTY OF LANGUAGES AND LINGUISTICS,BACHELOR OF ITALIAN LANGUAGE AND LINGUISTICS,bachelor-of-italian-language-and-linguistics,Customer Service Executive
FACULTY OF LANGUAGES AND LINGUISTICS,BACHELOR OF ITALIAN LANGUAGE AND LINGUISTICS,bachelor-of-italian-language-and-linguistics,Voice-Over Artist
FACULTY OF LANGUAGES AND LINGUISTICS,BACHELOR OF ITALIAN LANGUAGE AND LINGUISTICS,bachelor-of-italian-language-and-linguistics,Transcriptionist
FACULTY OF LANGUAGES AND LINGUISTICS,BACHELOR OF ITALIAN LANGUAGE AND LINGUISTICS,bachelor-of-italian-language-and-linguistics,Localization Specialist
FACULTY OF LAW,BACHELOR OF LAWS,Bachelor-of-laws,Advocate and Solicitor
FACULTY OF LAW,BACHELOR OF LAWS,Bachelor-of-laws,Legal Consultant
FACULTY OF LAW,BACHELOR OF LAWS,Bachelor-of-laws,Corporate Lawyer
FACULTY OF LAW,BACHELOR OF LAWS,Bachelor-of-laws,Criminal Lawyer
FACULTY OF LAW,BACHELOR OF LAWS,Bachelor-of-laws,Family Lawyer
FACULTY OF LAW,BACHELOR OF LAWS,Bachelor-of-laws,Employment Lawyer
FACULTY OF LAW,BACHELOR OF LAWS,Bachelor-of-laws,Intellectual Property Lawyer
FACULTY OF LAW,BACHELOR OF LAWS,Bachelor-of-laws,Real Estate Lawyer
FACULTY OF LAW,BACHELOR OF LAWS,Bachelor-of-laws,Environmental Lawyer
FACULTY OF LAW,BACHELOR OF LAWS,Bachelor-of-laws,International Lawyer
FACULTY OF LAW,BACHELOR OF LAWS,Bachelor-of-laws,Academic/Legal Educator
FACULTY OF LAW,BACHELOR OF LAWS,Bachelor-of-laws,Government Legal Advisor
FACULTY OF LAW,BACHELOR OF LAWS,Bachelor-of-laws,Compliance Officer
FACULTY OF LAW,BACHELOR OF LAWS,Bachelor-of-laws,Legal Analyst
FACULTY OF LAW,BACHELOR OF LAWS,Bachelor-of-laws,Mediator/Arbitrator
FACULTY OF LAW,BACHELOR OF LAWS,Bachelor-of-laws,Human Rights Advocate
FACULTY OF LAW,BACHELOR OF LAWS,Bachelor-of-laws,Public Policy Advisor
FACULTY OF LAW,BACHELOR OF LAWS,Bachelor-of-laws,Researcher in Law
FACULTY OF LAW,BACHELOR OF LAWS,Bachelor-of-laws,In-house Counsel
FACULTY OF LAW,BACHELOR OF LAWS,Bachelor-of-laws,Regulatory Affairs Specialist
FACULTY OF LAW,BACHELOR OF LAWS,Bachelor-of-laws,Legal Editor/Writer
FACULTY OF LAW,BACHELOR OF LAWS,Bachelor-of-laws,Non-Governmental Organization (NGO) Legal Advisor
FACULTY OF LAW,BACHELOR OF LAWS,Bachelor-of-laws,Insurance Claims Adjuster
FACULTY OF LAW,BACHELOR OF LAWS,Bachelor-of-laws,Land and Property Surveyor
FACULTY OF LAW,BACHELOR OF LAWS,Bachelor-of-laws,Tax Consultant
FACULTY OF LAW,BACHELOR OF LAWS,Bachelor-of-laws,Contract Manager
FACULTY OF LAW,BACHELOR OF LAWS,Bachelor-of-laws,Law Clerk
FACULTY OF LAW,BACHELOR OF LAWS,Bachelor-of-laws,Judicial Officer
FACULTY OF LAW,BACHELOR OF LAWS,Bachelor-of-laws,Community Legal Services Provider
FACULTY OF LAW,BACHELOR OF JURISPRUDENCE,bachelor-of-jurisprudence,Lawyer
FACULTY OF LAW,BACHELOR OF JURISPRUDENCE,bachelor-of-jurisprudence,Legal Advisor
FACULTY OF LAW,BACHELOR OF JURISPRUDENCE,bachelor-of-jurisprudence,Corporate Counsel
FACULTY OF LAW,BACHELOR OF JURISPRUDENCE,bachelor-of-jurisprudence,Judge
FACULTY OF LAW,BACHELOR OF JURISPRUDENCE,bachelor-of-jurisprudence,Prosecutor
FACULTY OF LAW,BACHELOR OF JURISPRUDENCE,bachelor-of-jurisprudence,Legal Executive
FACULTY OF LAW,BACHELOR OF JURISPRUDENCE,bachelor-of-jurisprudence,Legal Officer
FACULTY OF LAW,BACHELOR OF JURISPRUDENCE,bachelor-of-jurisprudence,Legal Researcher
FACULTY OF LAW,BACHELOR OF JURISPRUDENCE,bachelor-of-jurisprudence,Notary Public
FACULTY OF LAW,BACHELOR OF JURISPRUDENCE,bachelor-of-jurisprudence,Contract Specialist
FACULTY OF LAW,BACHELOR OF JURISPRUDENCE,bachelor-of-jurisprudence,Human Rights Advocate
FACULTY OF LAW,BACHELOR OF JURISPRUDENCE,bachelor-of-jurisprudence,Compliance Officer
FACULTY OF LAW,BACHELOR OF JURISPRUDENCE,bachelor-of-jurisprudence,Legal Consultant
FACULTY OF LAW,BACHELOR OF JURISPRUDENCE,bachelor-of-jurisprudence,Policy Advisor
FACULTY OF LAW,BACHELOR OF JURISPRUDENCE,bachelor-of-jurisprudence,Arbitrator
FACULTY OF LAW,BACHELOR OF JURISPRUDENCE,bachelor-of-jurisprudence,Mediator
FACULTY OF LAW,BACHELOR OF JURISPRUDENCE,bachelor-of-jurisprudence,Legislative Drafter
FACULTY OF LAW,BACHELOR OF JURISPRUDENCE,bachelor-of-jurisprudence,Diplomat
FACULTY OF MEDICINE,BACHELOR OF MEDICINE AND BACHELOR OF SURGERY,Bachelor-of-Medicine-and-Bachelor-of-Surgery,General Practitioner
FACULTY OF MEDICINE,BACHELOR OF MEDICINE AND BACHELOR OF SURGERY,Bachelor-of-Medicine-and-Bachelor-of-Surgery,Surgeon
FACULTY OF MEDICINE,BACHELOR OF MEDICINE AND BACHELOR OF SURGERY,Bachelor-of-Medicine-and-Bachelor-of-Surgery,Pediatrician
FACULTY OF MEDICINE,BACHELOR OF MEDICINE AND BACHELOR OF SURGERY,Bachelor-of-Medicine-and-Bachelor-of-Surgery,Obstetrician and Gynecologist
FACULTY OF MEDICINE,BACHELOR OF MEDICINE AND BACHELOR OF SURGERY,Bachelor-of-Medicine-and-Bachelor-of-Surgery,Psychiatrist
FACULTY OF MEDICINE,BACHELOR OF MEDICINE AND BACHELOR OF SURGERY,Bachelor-of-Medicine-and-Bachelor-of-Surgery,Medical Officer
FACULTY OF MEDICINE,BACHELOR OF MEDICINE AND BACHELOR OF SURGERY,Bachelor-of-Medicine-and-Bachelor-of-Surgery,Anesthesiologist
FACULTY OF MEDICINE,BACHELOR OF MEDICINE AND BACHELOR OF SURGERY,Bachelor-of-Medicine-and-Bachelor-of-Surgery,Emergency Medicine Doctor
FACULTY OF MEDICINE,BACHELOR OF MEDICINE AND BACHELOR OF SURGERY,Bachelor-of-Medicine-and-Bachelor-of-Surgery,Public Health Specialist
FACULTY OF MEDICINE,BACHELOR OF MEDICINE AND BACHELOR OF SURGERY,Bachelor-of-Medicine-and-Bachelor-of-Surgery,Medical Lecturer
FACULTY OF MEDICINE,BACHELOR OF MEDICINE AND BACHELOR OF SURGERY,Bachelor-of-Medicine-and-Bachelor-of-Surgery,Pathologist
FACULTY OF MEDICINE,BACHELOR OF MEDICINE AND BACHELOR OF SURGERY,Bachelor-of-Medicine-and-Bachelor-of-Surgery,Radiologist
FACULTY OF MEDICINE,BACHELOR OF MEDICINE AND BACHELOR OF SURGERY,Bachelor-of-Medicine-and-Bachelor-of-Surgery,Family Medicine Specialist
FACULTY OF MEDICINE,BACHELOR OF MEDICINE AND BACHELOR OF SURGERY,Bachelor-of-Medicine-and-Bachelor-of-Surgery,Medical Researcher
FACULTY OF MEDICINE,BACHELOR OF MEDICINE AND BACHELOR OF SURGERY,Bachelor-of-Medicine-and-Bachelor-of-Surgery,Hospital Administrator
FACULTY OF MEDICINE,BACHELOR OF MEDICINE AND BACHELOR OF SURGERY,Bachelor-of-Medicine-and-Bachelor-of-Surgery,Occupational Health Doctor
FACULTY OF MEDICINE,BACHELOR OF MEDICINE AND BACHELOR OF SURGERY,Bachelor-of-Medicine-and-Bachelor-of-Surgery,Forensic Medical Officer
FACULTY OF MEDICINE,BACHELOR OF MEDICINE AND BACHELOR OF SURGERY,Bachelor-of-Medicine-and-Bachelor-of-Surgery,Medical Consultant
FACULTY OF MEDICINE,BACHELOR OF MEDICINE AND BACHELOR OF SURGERY,Bachelor-of-Medicine-and-Bachelor-of-Surgery,Clinical Epidemiologist
FACULTY OF MEDICINE,BACHELOR OF BIOMEDICAL SCIENCE,Bachelor-of-Biomedical-Science,Biomedical Scientist
FACULTY OF MEDICINE,BACHELOR OF BIOMEDICAL SCIENCE,Bachelor-of-Biomedical-Science,Laboratory Technologist
FACULTY OF MEDICINE,BACHELOR OF BIOMEDICAL SCIENCE,Bachelor-of-Biomedical-Science,Clinical Research Associate
FACULTY OF MEDICINE,BACHELOR OF BIOMEDICAL SCIENCE,Bachelor-of-Biomedical-Science,Medical Laboratory Scientist
FACULTY OF MEDICINE,BACHELOR OF BIOMEDICAL SCIENCE,Bachelor-of-Biomedical-Science,Research Assistant
FACULTY OF MEDICINE,BACHELOR OF BIOMEDICAL SCIENCE,Bachelor-of-Biomedical-Science,Medical Sales Representative
FACULTY OF MEDICINE,BACHELOR OF BIOMEDICAL SCIENCE,Bachelor-of-Biomedical-Science,Forensic Scientist
FACULTY OF MEDICINE,BACHELOR OF BIOMEDICAL SCIENCE,Bachelor-of-Biomedical-Science,Pharmaceutical Scientist
FACULTY OF MEDICINE,BACHELOR OF BIOMEDICAL SCIENCE,Bachelor-of-Biomedical-Science,Toxicologist
FACULTY OF MEDICINE,BACHELOR OF BIOMEDICAL SCIENCE,Bachelor-of-Biomedical-Science,Microbiologist
FACULTY OF MEDICINE,BACHELOR OF BIOMEDICAL SCIENCE,Bachelor-of-Biomedical-Science,Genetic Technologist
FACULTY OF MEDICINE,BACHELOR OF BIOMEDICAL SCIENCE,Bachelor-of-Biomedical-Science,Quality Control Analyst
FACULTY OF MEDICINE,BACHELOR OF BIOMEDICAL SCIENCE,Bachelor-of-Biomedical-Science,Biotech Product Specialist
FACULTY OF MEDICINE,BACHELOR OF BIOMEDICAL SCIENCE,Bachelor-of-Biomedical-Science,Academic Researcher
FACULTY OF MEDICINE,BACHELOR OF BIOMEDICAL SCIENCE,Bachelor-of-Biomedical-Science,Public Health Officer
FACULTY OF MEDICINE,BACHELOR OF BIOMEDICAL SCIENCE,Bachelor-of-Biomedical-Science,Medical Science Liaison
FACULTY OF MEDICINE,BACHELOR OF BIOMEDICAL SCIENCE,Bachelor-of-Biomedical-Science,Science Communicator
FACULTY OF MEDICINE,BACHELOR OF BIOMEDICAL SCIENCE,Bachelor-of-Biomedical-Science,Regulatory Affairs Officer
FACULTY OF NURSING,BACHELOR OF NURSING SCIENCE,Bachelor-of-Nursing-Science,Registered Nurse
FACULTY OF NURSING,BACHELOR OF NURSING SCIENCE,Bachelor-of-Nursing-Science,Nurse Educator
FACULTY OF NURSING,BACHELOR OF NURSING SCIENCE,Bachelor-of-Nursing-Science,Clinical Nurse Specialist
FACULTY OF NURSING,BACHELOR OF NURSING SCIENCE,Bachelor-of-Nursing-Science,Public Health Nurse
FACULTY OF NURSING,BACHELOR OF NURSING SCIENCE,Bachelor-of-Nursing-Science,Nurse Researcher
FACULTY OF NURSING,BACHELOR OF NURSING SCIENCE,Bachelor-of-Nursing-Science,Nurse Manager
FACULTY OF NURSING,BACHELOR OF NURSING SCIENCE,Bachelor-of-Nursing-Science,Critical Care Nurse
FACULTY OF NURSING,BACHELOR OF NURSING SCIENCE,Bachelor-of-Nursing-Science,Pediatric Nurse
FACULTY OF NURSING,BACHELOR OF NURSING SCIENCE,Bachelor-of-Nursing-Science,Geriatric Nurse
FACULTY OF NURSING,BACHELOR OF NURSING SCIENCE,Bachelor-of-Nursing-Science,Occupational Health Nurse
FACULTY OF NURSING,BACHELOR OF NURSING SCIENCE,Bachelor-of-Nursing-Science,Community Health Nurse
FACULTY OF NURSING,BACHELOR OF NURSING SCIENCE,Bachelor-of-Nursing-Science,Psychiatric Nurse
FACULTY OF NURSING,BACHELOR OF NURSING SCIENCE,Bachelor-of-Nursing-Science,Midwife
FACULTY OF NURSING,BACHELOR OF NURSING SCIENCE,Bachelor-of-Nursing-Science,Infection Control Nurse
FACULTY OF NURSING,BACHELOR OF NURSING SCIENCE,Bachelor-of-Nursing-Science,Nurse Case Manager
FACULTY OF NURSING,BACHELOR OF NURSING SCIENCE,Bachelor-of-Nursing-Science,Palliative Care Nurse
FACULTY OF NURSING,BACHELOR OF NURSING SCIENCE,Bachelor-of-Nursing-Science,Operating Room Nurse
FACULTY OF NURSING,BACHELOR OF NURSING SCIENCE,Bachelor-of-Nursing-Science,School Health Nurse
FACULTY OF PHARMACY,BACHELOR OF PHARMACY WITH HONOURS,bachelor-of-pharmacy-with-honours,Community Pharmacist
FACULTY OF PHARMACY,BACHELOR OF PHARMACY WITH HONOURS,bachelor-of-pharmacy-with-honours,Hospital Pharmacist
FACULTY OF PHARMACY,BACHELOR OF PHARMACY WITH HONOURS,bachelor-of-pharmacy-with-honours,Clinical Pharmacist
FACULTY OF PHARMACY,BACHELOR OF PHARMACY WITH HONOURS,bachelor-of-pharmacy-with-honours,Industrial Pharmacist
FACULTY OF PHARMACY,BACHELOR OF PHARMACY WITH HONOURS,bachelor-of-pharmacy-with-honours,Regulatory Affairs Officer
FACULTY OF PHARMACY,BACHELOR OF PHARMACY WITH HONOURS,bachelor-of-pharmacy-with-honours,Pharmaceutical Sales Representative
FACULTY OF PHARMACY,BACHELOR OF PHARMACY WITH HONOURS,bachelor-of-pharmacy-with-honours,Research Scientist
FACULTY OF PHARMACY,BACHELOR OF PHARMACY WITH HONOURS,bachelor-of-pharmacy-with-honours,Quality Control Analyst
FACULTY OF PHARMACY,BACHELOR OF PHARMACY WITH HONOURS,bachelor-of-pharmacy-with-honours,Drug Safety Associate
FACULTY OF PHARMACY,BACHELOR OF PHARMACY WITH HONOURS,bachelor-of-pharmacy-with-honours,Pharmacovigilance Officer
FACULTY OF PHARMACY,BACHELOR OF PHARMACY WITH HONOURS,bachelor-of-pharmacy-with-honours,Academic Lecturer
FACULTY OF PHARMACY,BACHELOR OF PHARMACY WITH HONOURS,bachelor-of-pharmacy-with-honours,Medical Science Liaison
FACULTY OF PHARMACY,BACHELOR OF PHARMACY WITH HONOURS,bachelor-of-pharmacy-with-honours,Formulation Scientist
FACULTY OF PHARMACY,BACHELOR OF PHARMACY WITH HONOURS,bachelor-of-pharmacy-with-honours,Production Pharmacist
FACULTY OF PHARMACY,BACHELOR OF PHARMACY WITH HONOURS,bachelor-of-pharmacy-with-honours,Compounding Pharmacist
FACULTY OF PHARMACY,BACHELOR OF PHARMACY WITH HONOURS,bachelor-of-pharmacy-with-honours,Public Health Pharmacist
FACULTY OF PHARMACY,BACHELOR OF PHARMACY WITH HONOURS,bachelor-of-pharmacy-with-honours,Clinical Trials Coordinator
FACULTY OF PHARMACY,BACHELOR OF PHARMACY WITH HONOURS,bachelor-of-pharmacy-with-honours,Healthcare Consultant
FACULTY OF PHARMACY,BACHELOR OF PHARMACY WITH HONOURS,bachelor-of-pharmacy-with-honours,Toxicologist
FACULTY OF PHARMACY,BACHELOR OF PHARMACY WITH HONOURS,bachelor-of-pharmacy-with-honours,Pharmacy Benefits Analyst
FACULTY OF SCIENCE,BACHELOR OF SCIENCE IN CHEMISTRY,bachelor-of-science-in-chemistry,Community Pharmacist
FACULTY OF SCIENCE,BACHELOR OF SCIENCE IN CHEMISTRY,bachelor-of-science-in-chemistry,Hospital Pharmacist
FACULTY OF SCIENCE,BACHELOR OF SCIENCE IN CHEMISTRY,bachelor-of-science-in-chemistry,Clinical Pharmacist
FACULTY OF SCIENCE,BACHELOR OF SCIENCE IN CHEMISTRY,bachelor-of-science-in-chemistry,Industrial Pharmacist
FACULTY OF SCIENCE,BACHELOR OF SCIENCE IN CHEMISTRY,bachelor-of-science-in-chemistry,Regulatory Affairs Officer
FACULTY OF SCIENCE,BACHELOR OF SCIENCE IN CHEMISTRY,bachelor-of-science-in-chemistry,Pharmaceutical Sales Representative
FACULTY OF SCIENCE,BACHELOR OF SCIENCE IN CHEMISTRY,bachelor-of-science-in-chemistry,Research Scientist
FACULTY OF SCIENCE,BACHELOR OF SCIENCE IN CHEMISTRY,bachelor-of-science-in-chemistry,Quality Control Analyst
FACULTY OF SCIENCE,BACHELOR OF SCIENCE IN CHEMISTRY,bachelor-of-science-in-chemistry,Drug Safety Associate
FACULTY OF SCIENCE,BACHELOR OF SCIENCE IN CHEMISTRY,bachelor-of-science-in-chemistry,Pharmacovigilance Officer
FACULTY OF SCIENCE,BACHELOR OF SCIENCE IN CHEMISTRY,bachelor-of-science-in-chemistry,Academic Lecturer
FACULTY OF SCIENCE,BACHELOR OF SCIENCE IN CHEMISTRY,bachelor-of-science-in-chemistry,Medical Science Liaison
FACULTY OF SCIENCE,BACHELOR OF SCIENCE IN CHEMISTRY,bachelor-of-science-in-chemistry,Formulation Scientist
FACULTY OF SCIENCE,BACHELOR OF SCIENCE IN CHEMISTRY,bachelor-of-science-in-chemistry,Production Pharmacist
FACULTY OF SCIENCE,BACHELOR OF SCIENCE IN CHEMISTRY,bachelor-of-science-in-chemistry,Compounding Pharmacist
FACULTY OF SCIENCE,BACHELOR OF SCIENCE IN CHEMISTRY,bachelor-of-science-in-chemistry,Public Health Pharmacist
FACULTY OF SCIENCE,BACHELOR OF SCIENCE IN CHEMISTRY,bachelor-of-science-in-chemistry,Clinical Trials Coordinator
FACULTY OF SCIENCE,BACHELOR OF SCIENCE IN CHEMISTRY,bachelor-of-science-in-chemistry,Healthcare Consultant
FACULTY OF SCIENCE,BACHELOR OF SCIENCE IN CHEMISTRY,bachelor-of-science-in-chemistry,Toxicologist
FACULTY OF SCIENCE,BACHELOR OF SCIENCE IN CHEMISTRY,bachelor-of-science-in-chemistry,Pharmacy Benefits Analyst
FACULTY OF SCIENCE,BACHELOR OF SCIENCE IN ECOLOGY AND BIODIVERSITY,bachelor-of-science-in-ecology,Ecologist
FACULTY OF SCIENCE,BACHELOR OF SCIENCE IN ECOLOGY AND BIODIVERSITY,bachelor-of-science-in-ecology,Conservation Biologist
FACULTY OF SCIENCE,BACHELOR OF SCIENCE IN ECOLOGY AND BIODIVERSITY,bachelor-of-science-in-ecology,Environmental Consultant
FACULTY OF SCIENCE,BACHELOR OF SCIENCE IN ECOLOGY AND BIODIVERSITY,bachelor-of-science-in-ecology,Wildlife Biologist
FACULTY OF SCIENCE,BACHELOR OF SCIENCE IN ECOLOGY AND BIODIVERSITY,bachelor-of-science-in-ecology,Park Ranger
FACULTY OF SCIENCE,BACHELOR OF SCIENCE IN ECOLOGY AND BIODIVERSITY,bachelor-of-science-in-ecology,Natural Resource Manager
FACULTY OF SCIENCE,BACHELOR OF SCIENCE IN ECOLOGY AND BIODIVERSITY,bachelor-of-science-in-ecology,Environmental Educator
FACULTY OF SCIENCE,BACHELOR OF SCIENCE IN ECOLOGY AND BIODIVERSITY,bachelor-of-science-in-ecology,Biodiversity Researcher
FACULTY OF SCIENCE,BACHELOR OF SCIENCE IN ECOLOGY AND BIODIVERSITY,bachelor-of-science-in-ecology,Marine Biologist
FACULTY OF SCIENCE,BACHELOR OF SCIENCE IN ECOLOGY AND BIODIVERSITY,bachelor-of-science-in-ecology,Field Technician
FACULTY OF SCIENCE,BACHELOR OF SCIENCE IN ECOLOGY AND BIODIVERSITY,bachelor-of-science-in-ecology,Environmental Policy Analyst
FACULTY OF SCIENCE,BACHELOR OF SCIENCE IN ECOLOGY AND BIODIVERSITY,bachelor-of-science-in-ecology,Ecotourism Guide
FACULTY OF SCIENCE,BACHELOR OF SCIENCE IN ECOLOGY AND BIODIVERSITY,bachelor-of-science-in-ecology,Habitat Restoration Specialist
FACULTY OF SCIENCE,BACHELOR OF SCIENCE IN ECOLOGY AND BIODIVERSITY,bachelor-of-science-in-ecology,Forestry Officer
FACULTY OF SCIENCE,BACHELOR OF SCIENCE IN ECOLOGY AND BIODIVERSITY,bachelor-of-science-in-ecology,Zoologist
FACULTY OF SCIENCE,BACHELOR OF SCIENCE IN ECOLOGY AND BIODIVERSITY,bachelor-of-science-in-ecology,Environmental Impact Assessor
FACULTY OF SCIENCE,BACHELOR OF SCIENCE IN ECOLOGY AND BIODIVERSITY,bachelor-of-science-in-ecology,Sustainability Officer
FACULTY OF SCIENCE,BACHELOR OF SCIENCE IN ECOLOGY AND BIODIVERSITY,bachelor-of-science-in-ecology,GIS Analyst
FACULTY OF SCIENCE,BACHELOR OF SCIENCE IN ECOLOGY AND BIODIVERSITY,bachelor-of-science-in-ecology,Climate Change Analyst
FACULTY OF SCIENCE,BACHELOR OF SCIENCE IN ECOLOGY AND BIODIVERSITY,bachelor-of-science-in-ecology,Academic Researcher
FACULTY OF SCIENCE,BACHELOR OF SCIENCE IN PHYSICS,bachelor-of-science-in-physics,Physicist
FACULTY OF SCIENCE,BACHELOR OF SCIENCE IN PHYSICS,bachelor-of-science-in-physics,Research Scientist
FACULTY OF SCIENCE,BACHELOR OF SCIENCE IN PHYSICS,bachelor-of-science-in-physics,Data Analyst
FACULTY OF SCIENCE,BACHELOR OF SCIENCE IN PHYSICS,bachelor-of-science-in-physics,Laboratory Technician
FACULTY OF SCIENCE,BACHELOR OF SCIENCE IN PHYSICS,bachelor-of-science-in-physics,Radiation Safety Officer
FACULTY OF SCIENCE,BACHELOR OF SCIENCE IN PHYSICS,bachelor-of-science-in-physics,Medical Physicist
FACULTY OF SCIENCE,BACHELOR OF SCIENCE IN PHYSICS,bachelor-of-science-in-physics,Physics Lecturer
FACULTY OF SCIENCE,BACHELOR OF SCIENCE IN PHYSICS,bachelor-of-science-in-physics,Instrumentation Engineer
FACULTY OF SCIENCE,BACHELOR OF SCIENCE IN PHYSICS,bachelor-of-science-in-physics,Aerospace Technician
FACULTY OF SCIENCE,BACHELOR OF SCIENCE IN PHYSICS,bachelor-of-science-in-physics,Systems Analyst
FACULTY OF SCIENCE,BACHELOR OF SCIENCE IN PHYSICS,bachelor-of-science-in-physics,Renewable Energy Specialist
FACULTY OF SCIENCE,BACHELOR OF SCIENCE IN PHYSICS,bachelor-of-science-in-physics,Quality Control Analyst
FACULTY OF SCIENCE,BACHELOR OF SCIENCE IN PHYSICS,bachelor-of-science-in-physics,Meteorologist
FACULTY OF SCIENCE,BACHELOR OF SCIENCE IN PHYSICS,bachelor-of-science-in-physics,Software Developer
FACULTY OF SCIENCE,BACHELOR OF SCIENCE IN PHYSICS,bachelor-of-science-in-physics,Geophysicist
FACULTY OF SCIENCE,BACHELOR OF SCIENCE IN PHYSICS,bachelor-of-science-in-physics,Nanotechnology Researcher
FACULTY OF SCIENCE,BACHELOR OF SCIENCE IN PHYSICS,bachelor-of-science-in-physics,Optical Engineer
FACULTY OF SCIENCE,BACHELOR OF SCIENCE IN PHYSICS,bachelor-of-science-in-physics,Materials Scientist
FACULTY OF SCIENCE,BACHELOR OF SCIENCE IN PHYSICS,bachelor-of-science-in-physics,Technical Consultant
FACULTY OF SCIENCE,BACHELOR OF SCIENCE IN PHYSICS,bachelor-of-science-in-physics,Scientific Writer
FACULTY OF SCIENCE,BACHELOR OF SCIENCE IN ENVIRONMENTAL MANAGEMENT,bachelor-of-science-in-environment,Environmental Consultant
FACULTY OF SCIENCE,BACHELOR OF SCIENCE IN ENVIRONMENTAL MANAGEMENT,bachelor-of-science-in-environment,Sustainability Officer
FACULTY OF SCIENCE,BACHELOR OF SCIENCE IN ENVIRONMENTAL MANAGEMENT,bachelor-of-science-in-environment,Environmental Scientist
FACULTY OF SCIENCE,BACHELOR OF SCIENCE IN ENVIRONMENTAL MANAGEMENT,bachelor-of-science-in-environment,Conservation Officer
FACULTY OF SCIENCE,BACHELOR OF SCIENCE IN ENVIRONMENTAL MANAGEMENT,bachelor-of-science-in-environment,Waste Management Specialist
FACULTY OF SCIENCE,BACHELOR OF SCIENCE IN ENVIRONMENTAL MANAGEMENT,bachelor-of-science-in-environment,Environmental Health and Safety Officer
FACULTY OF SCIENCE,BACHELOR OF SCIENCE IN ENVIRONMENTAL MANAGEMENT,bachelor-of-science-in-environment,Climate Change Analyst
FACULTY OF SCIENCE,BACHELOR OF SCIENCE IN ENVIRONMENTAL MANAGEMENT,bachelor-of-science-in-environment,Environmental Compliance Inspector
FACULTY OF SCIENCE,BACHELOR OF SCIENCE IN ENVIRONMENTAL MANAGEMENT,bachelor-of-science-in-environment,Natural Resource Manager
FACULTY OF SCIENCE,BACHELOR OF SCIENCE IN ENVIRONMENTAL MANAGEMENT,bachelor-of-science-in-environment,Environmental Policy Analyst
FACULTY OF SCIENCE,BACHELOR OF SCIENCE IN ENVIRONMENTAL MANAGEMENT,bachelor-of-science-in-environment,Renewable Energy Consultant
FACULTY OF SCIENCE,BACHELOR OF SCIENCE IN ENVIRONMENTAL MANAGEMENT,bachelor-of-science-in-environment,Environmental Educator
FACULTY OF SCIENCE,BACHELOR OF SCIENCE IN ENVIRONMENTAL MANAGEMENT,bachelor-of-science-in-environment,Ecologist
FACULTY OF SCIENCE,BACHELOR OF SCIENCE IN ENVIRONMENTAL MANAGEMENT,bachelor-of-science-in-environment,Water Resource Specialist
FACULTY OF SCIENCE,BACHELOR OF SCIENCE IN ENVIRONMENTAL MANAGEMENT,bachelor-of-science-in-environment,Air Quality Analyst
FACULTY OF SCIENCE,BACHELOR OF SCIENCE IN ENVIRONMENTAL MANAGEMENT,bachelor-of-science-in-environment,Environmental Impact Assessor
FACULTY OF SCIENCE,BACHELOR OF SCIENCE IN ENVIRONMENTAL MANAGEMENT,bachelor-of-science-in-environment,Corporate Social Responsibility (CSR) Manager
FACULTY OF SCIENCE,BACHELOR OF SCIENCE IN ENVIRONMENTAL MANAGEMENT,bachelor-of-science-in-environment,Green Building Consultant
FACULTY OF SCIENCE,BACHELOR OF SCIENCE IN ENVIRONMENTAL MANAGEMENT,bachelor-of-science-in-environment,Environmental Auditor
FACULTY OF SCIENCE,BACHELOR OF SCIENCE IN ENVIRONMENTAL MANAGEMENT,bachelor-of-science-in-environment,GIS Analyst (Environmental Applications)
FACULTY OF SCIENCE,BACHELOR OF SCIENCE IN APPLIED GEOLOGY,bachelor-of-science-in-applied-geology,Geologist
FACULTY OF SCIENCE,BACHELOR OF SCIENCE IN APPLIED GEOLOGY,bachelor-of-science-in-applied-geology,Hydrogeologist
FACULTY OF SCIENCE,BACHELOR OF SCIENCE IN APPLIED GEOLOGY,bachelor-of-science-in-applied-geology,Engineering Geologist
FACULTY OF SCIENCE,BACHELOR OF SCIENCE IN APPLIED GEOLOGY,bachelor-of-science-in-applied-geology,Environmental Geologist
FACULTY OF SCIENCE,BACHELOR OF SCIENCE IN APPLIED GEOLOGY,bachelor-of-science-in-applied-geology,Petroleum Geologist
FACULTY OF SCIENCE,BACHELOR OF SCIENCE IN APPLIED GEOLOGY,bachelor-of-science-in-applied-geology,Mining Geologist
FACULTY OF SCIENCE,BACHELOR OF SCIENCE IN APPLIED GEOLOGY,bachelor-of-science-in-applied-geology,Geophysicist
FACULTY OF SCIENCE,BACHELOR OF SCIENCE IN APPLIED GEOLOGY,bachelor-of-science-in-applied-geology,Geological Consultant
FACULTY OF SCIENCE,BACHELOR OF SCIENCE IN APPLIED GEOLOGY,bachelor-of-science-in-applied-geology,Seismologist
FACULTY OF SCIENCE,BACHELOR OF SCIENCE IN APPLIED GEOLOGY,bachelor-of-science-in-applied-geology,Exploration Geologist
FACULTY OF SCIENCE,BACHELOR OF SCIENCE IN APPLIED GEOLOGY,bachelor-of-science-in-applied-geology,Geotechnical Engineer
FACULTY OF SCIENCE,BACHELOR OF SCIENCE IN APPLIED GEOLOGY,bachelor-of-science-in-applied-geology,Soil Scientist
FACULTY OF SCIENCE,BACHELOR OF SCIENCE IN APPLIED GEOLOGY,bachelor-of-science-in-applied-geology,Remote Sensing Specialist
FACULTY OF SCIENCE,BACHELOR OF SCIENCE IN APPLIED GEOLOGY,bachelor-of-science-in-applied-geology,GIS Analyst
FACULTY OF SCIENCE,BACHELOR OF SCIENCE IN APPLIED GEOLOGY,bachelor-of-science-in-applied-geology,Natural Resource Manager
FACULTY OF SCIENCE,BACHELOR OF SCIENCE IN APPLIED GEOLOGY,bachelor-of-science-in-applied-geology,Groundwater Consultant
FACULTY OF SCIENCE,BACHELOR OF SCIENCE IN APPLIED GEOLOGY,bachelor-of-science-in-applied-geology,Environmental Consultant
FACULTY OF SCIENCE,BACHELOR OF SCIENCE IN APPLIED GEOLOGY,bachelor-of-science-in-applied-geology,Drilling Engineer
FACULTY OF SCIENCE,BACHELOR OF SCIENCE IN APPLIED GEOLOGY,bachelor-of-science-in-applied-geology,Geological Surveyor
FACULTY OF SCIENCE,BACHELOR OF SCIENCE IN APPLIED GEOLOGY,bachelor-of-science-in-applied-geology,Earth Science Educator
FACULTY OF SCIENCE,BACHELOR OF SCIENCE IN BIOCHEMISTRY,bachelor-of-science-in-biochemistry,Biochemist
FACULTY OF SCIENCE,BACHELOR OF SCIENCE IN BIOCHEMISTRY,bachelor-of-science-in-biochemistry,Biomedical Scientist
FACULTY OF SCIENCE,BACHELOR OF SCIENCE IN BIOCHEMISTRY,bachelor-of-science-in-biochemistry,Clinical Research Associate
FACULTY OF SCIENCE,BACHELOR OF SCIENCE IN BIOCHEMISTRY,bachelor-of-science-in-biochemistry,Laboratory Technician
FACULTY OF SCIENCE,BACHELOR OF SCIENCE IN BIOCHEMISTRY,bachelor-of-science-in-biochemistry,Pharmaceutical Scientist
FACULTY OF SCIENCE,BACHELOR OF SCIENCE IN BIOCHEMISTRY,bachelor-of-science-in-biochemistry,Toxicologist
FACULTY OF SCIENCE,BACHELOR OF SCIENCE IN BIOCHEMISTRY,bachelor-of-science-in-biochemistry,Geneticist
FACULTY OF SCIENCE,BACHELOR OF SCIENCE IN BIOCHEMISTRY,bachelor-of-science-in-biochemistry,Research Scientist
FACULTY OF SCIENCE,BACHELOR OF SCIENCE IN BIOCHEMISTRY,bachelor-of-science-in-biochemistry,Biotechnology Consultant
FACULTY OF SCIENCE,BACHELOR OF SCIENCE IN BIOCHEMISTRY,bachelor-of-science-in-biochemistry,Forensic Scientist
FACULTY OF SCIENCE,BACHELOR OF SCIENCE IN BIOCHEMISTRY,bachelor-of-science-in-biochemistry,Quality Control Analyst
FACULTY OF SCIENCE,BACHELOR OF SCIENCE IN BIOCHEMISTRY,bachelor-of-science-in-biochemistry,Food Safety Analyst
FACULTY OF SCIENCE,BACHELOR OF SCIENCE IN BIOCHEMISTRY,bachelor-of-science-in-biochemistry,Molecular Biologist
FACULTY OF SCIENCE,BACHELOR OF SCIENCE IN BIOCHEMISTRY,bachelor-of-science-in-biochemistry,Microbiologist
FACULTY OF SCIENCE,BACHELOR OF SCIENCE IN BIOCHEMISTRY,bachelor-of-science-in-biochemistry,Environmental Scientist
FACULTY OF SCIENCE,BACHELOR OF SCIENCE IN BIOCHEMISTRY,bachelor-of-science-in-biochemistry,Medical Science Liaison
FACULTY OF SCIENCE,BACHELOR OF SCIENCE IN BIOCHEMISTRY,bachelor-of-science-in-biochemistry,Health and Safety Officer
FACULTY OF SCIENCE,BACHELOR OF SCIENCE IN BIOCHEMISTRY,bachelor-of-science-in-biochemistry,Science Communicator
FACULTY OF SCIENCE,BACHELOR OF SCIENCE IN BIOCHEMISTRY,bachelor-of-science-in-biochemistry,Regulatory Affairs Specialist
FACULTY OF SCIENCE,BACHELOR OF SCIENCE IN BIOCHEMISTRY,bachelor-of-science-in-biochemistry,Academic Researcher
FACULTY OF SCIENCE,BACHELOR OF SCIENCE IN MATHEMATICS,bachelor-of-science-of-mathematics,Data Analyst
FACULTY OF SCIENCE,BACHELOR OF SCIENCE IN MATHEMATICS,bachelor-of-science-of-mathematics,Statistician
FACULTY OF SCIENCE,BACHELOR OF SCIENCE IN MATHEMATICS,bachelor-of-science-of-mathematics,Actuary
FACULTY OF SCIENCE,BACHELOR OF SCIENCE IN MATHEMATICS,bachelor-of-science-of-mathematics,Financial Analyst
FACULTY OF SCIENCE,BACHELOR OF SCIENCE IN MATHEMATICS,bachelor-of-science-of-mathematics,Operations Research Analyst
FACULTY OF SCIENCE,BACHELOR OF SCIENCE IN MATHEMATICS,bachelor-of-science-of-mathematics,Mathematician
FACULTY OF SCIENCE,BACHELOR OF SCIENCE IN MATHEMATICS,bachelor-of-science-of-mathematics,Risk Analyst
FACULTY OF SCIENCE,BACHELOR OF SCIENCE IN MATHEMATICS,bachelor-of-science-of-mathematics,Quantitative Analyst
FACULTY OF SCIENCE,BACHELOR OF SCIENCE IN MATHEMATICS,bachelor-of-science-of-mathematics,Data Scientist
FACULTY OF SCIENCE,BACHELOR OF SCIENCE IN MATHEMATICS,bachelor-of-science-of-mathematics,Market Research Analyst
FACULTY OF SCIENCE,BACHELOR OF SCIENCE IN MATHEMATICS,bachelor-of-science-of-mathematics,Software Developer
FACULTY OF SCIENCE,BACHELOR OF SCIENCE IN MATHEMATICS,bachelor-of-science-of-mathematics,Cryptographer
FACULTY OF SCIENCE,BACHELOR OF SCIENCE IN MATHEMATICS,bachelor-of-science-of-mathematics,Investment Analyst
FACULTY OF SCIENCE,BACHELOR OF SCIENCE IN MATHEMATICS,bachelor-of-science-of-mathematics,Business Analyst
FACULTY OF SCIENCE,BACHELOR OF SCIENCE IN MATHEMATICS,bachelor-of-science-of-mathematics,Research Scientist
FACULTY OF SCIENCE,BACHELOR OF SCIENCE IN MATHEMATICS,bachelor-of-science-of-mathematics,Machine Learning Engineer
FACULTY OF SCIENCE,BACHELOR OF SCIENCE IN MATHEMATICS,bachelor-of-science-of-mathematics,Economist
FACULTY OF SCIENCE,BACHELOR OF SCIENCE IN MATHEMATICS,bachelor-of-science-of-mathematics,Systems Analyst
FACULTY OF SCIENCE,BACHELOR OF SCIENCE IN MATHEMATICS,bachelor-of-science-of-mathematics,Academic Lecturer
FACULTY OF SCIENCE,BACHELOR OF SCIENCE IN MATHEMATICS,bachelor-of-science-of-mathematics,Algorithm Developer
FACULTY OF SCIENCE,BACHELOR OF SCIENCE IN BIOTECHNOLOGY,bachelor-of-science-in-biotechnology,Biotechnologist
FACULTY OF SCIENCE,BACHELOR OF SCIENCE IN BIOTECHNOLOGY,bachelor-of-science-in-biotechnology,Research Scientist
FACULTY OF SCIENCE,BACHELOR OF SCIENCE IN BIOTECHNOLOGY,bachelor-of-science-in-biotechnology,Biomedical Scientist
FACULTY OF SCIENCE,BACHELOR OF SCIENCE IN BIOTECHNOLOGY,bachelor-of-science-in-biotechnology,Genetic Counselor
FACULTY OF SCIENCE,BACHELOR OF SCIENCE IN BIOTECHNOLOGY,bachelor-of-science-in-biotechnology,Pharmaceutical Scientist
FACULTY OF SCIENCE,BACHELOR OF SCIENCE IN BIOTECHNOLOGY,bachelor-of-science-in-biotechnology,Quality Control Analyst
FACULTY OF SCIENCE,BACHELOR OF SCIENCE IN BIOTECHNOLOGY,bachelor-of-science-in-biotechnology,Bioprocess Engineer
FACULTY OF SCIENCE,BACHELOR OF SCIENCE IN BIOTECHNOLOGY,bachelor-of-science-in-biotechnology,Clinical Research Coordinator
FACULTY OF SCIENCE,BACHELOR OF SCIENCE IN BIOTECHNOLOGY,bachelor-of-science-in-biotechnology,Environmental Biotechnologist
FACULTY OF SCIENCE,BACHELOR OF SCIENCE IN BIOTECHNOLOGY,bachelor-of-science-in-biotechnology,Molecular Biologist
FACULTY OF SCIENCE,BACHELOR OF SCIENCE IN BIOTECHNOLOGY,bachelor-of-science-in-biotechnology,Food Technologist
FACULTY OF SCIENCE,BACHELOR OF SCIENCE IN BIOTECHNOLOGY,bachelor-of-science-in-biotechnology,Bioinformatics Specialist
FACULTY OF SCIENCE,BACHELOR OF SCIENCE IN BIOTECHNOLOGY,bachelor-of-science-in-biotechnology,Regulatory Affairs Specialist
FACULTY OF SCIENCE,BACHELOR OF SCIENCE IN BIOTECHNOLOGY,bachelor-of-science-in-biotechnology,Laboratory Technician
FACULTY OF SCIENCE,BACHELOR OF SCIENCE IN BIOTECHNOLOGY,bachelor-of-science-in-biotechnology,Biomanufacturing Specialist
FACULTY OF SCIENCE,BACHELOR OF SCIENCE IN BIOTECHNOLOGY,bachelor-of-science-in-biotechnology,Agricultural Biotechnologist
FACULTY OF SCIENCE,BACHELOR OF SCIENCE IN BIOTECHNOLOGY,bachelor-of-science-in-biotechnology,Forensic Scientist
FACULTY OF SCIENCE,BACHELOR OF SCIENCE IN BIOTECHNOLOGY,bachelor-of-science-in-biotechnology,Medical Scientist
FACULTY OF SCIENCE,BACHELOR OF SCIENCE IN BIOTECHNOLOGY,bachelor-of-science-in-biotechnology,Science Communicator
FACULTY OF SCIENCE,BACHELOR OF SCIENCE IN BIOTECHNOLOGY,bachelor-of-science-in-biotechnology,Biotech Sales Specialist
FACULTY OF SCIENCE,BACHELOR OF SCIENCE WITH EDUCATION,bachelor-of-science-with-education,Science Teacher
FACULTY OF SCIENCE,BACHELOR OF SCIENCE WITH EDUCATION,bachelor-of-science-with-education,Lecturer
FACULTY OF SCIENCE,BACHELOR OF SCIENCE WITH EDUCATION,bachelor-of-science-with-education,Curriculum Developer
FACULTY OF SCIENCE,BACHELOR OF SCIENCE WITH EDUCATION,bachelor-of-science-with-education,Educational Consultant
FACULTY OF SCIENCE,BACHELOR OF SCIENCE WITH EDUCATION,bachelor-of-science-with-education,Science Communicator
FACULTY OF SCIENCE,BACHELOR OF SCIENCE WITH EDUCATION,bachelor-of-science-with-education,Research Assistant
FACULTY OF SCIENCE,BACHELOR OF SCIENCE WITH EDUCATION,bachelor-of-science-with-education,Laboratory Technician
FACULTY OF SCIENCE,BACHELOR OF SCIENCE WITH EDUCATION,bachelor-of-science-with-education,Education Policy Analyst
FACULTY OF SCIENCE,BACHELOR OF SCIENCE WITH EDUCATION,bachelor-of-science-with-education,Science Writer
FACULTY OF SCIENCE,BACHELOR OF SCIENCE WITH EDUCATION,bachelor-of-science-with-education,Educational Technology Specialist
FACULTY OF SCIENCE,BACHELOR OF SCIENCE WITH EDUCATION,bachelor-of-science-with-education,Tutor
FACULTY OF SCIENCE,BACHELOR OF SCIENCE WITH EDUCATION,bachelor-of-science-with-education,STEM Program Coordinator
FACULTY OF SCIENCE,BACHELOR OF SCIENCE WITH EDUCATION,bachelor-of-science-with-education,Academic Advisor
FACULTY OF SCIENCE,BACHELOR OF SCIENCE WITH EDUCATION,bachelor-of-science-with-education,Environmental Educator
FACULTY OF SCIENCE,BACHELOR OF SCIENCE WITH EDUCATION,bachelor-of-science-with-education,Science Outreach Officer
FACULTY OF SCIENCE,BACHELOR OF SCIENCE WITH EDUCATION,bachelor-of-science-with-education,Content Developer
FACULTY OF SCIENCE,BACHELOR OF SCIENCE WITH EDUCATION,bachelor-of-science-with-education,Educational Publisher
FACULTY OF SCIENCE,BACHELOR OF SCIENCE WITH EDUCATION,bachelor-of-science-with-education,Training Specialist
FACULTY OF SCIENCE,BACHELOR OF SCIENCE WITH EDUCATION,bachelor-of-science-with-education,Examination Officer
FACULTY OF SCIENCE,BACHELOR OF SCIENCE WITH EDUCATION,bachelor-of-science-with-education,Education Administrator
FACULTY OF SCIENCE,BACHELOR OF ACTUARIAL SCIENCE,bachelor-of-actuarial-science,Actuary
FACULTY OF SCIENCE,BACHELOR OF ACTUARIAL SCIENCE,bachelor-of-actuarial-science,Risk Analyst
FACULTY OF SCIENCE,BACHELOR OF ACTUARIAL SCIENCE,bachelor-of-actuarial-science,Insurance Underwriter
FACULTY OF SCIENCE,BACHELOR OF ACTUARIAL SCIENCE,bachelor-of-actuarial-science,Pension Consultant
FACULTY OF SCIENCE,BACHELOR OF ACTUARIAL SCIENCE,bachelor-of-actuarial-science,Investment Analyst
FACULTY OF SCIENCE,BACHELOR OF ACTUARIAL SCIENCE,bachelor-of-actuarial-science,Data Analyst
FACULTY OF SCIENCE,BACHELOR OF ACTUARIAL SCIENCE,bachelor-of-actuarial-science,Financial Risk Manager
FACULTY OF SCIENCE,BACHELOR OF ACTUARIAL SCIENCE,bachelor-of-actuarial-science,Actuarial Consultant
FACULTY OF SCIENCE,BACHELOR OF ACTUARIAL SCIENCE,bachelor-of-actuarial-science,Insurance Broker
FACULTY OF SCIENCE,BACHELOR OF ACTUARIAL SCIENCE,bachelor-of-actuarial-science,Risk Manager
FACULTY OF SCIENCE,BACHELOR OF ACTUARIAL SCIENCE,bachelor-of-actuarial-science,Pricing Analyst
FACULTY OF SCIENCE,BACHELOR OF ACTUARIAL SCIENCE,bachelor-of-actuarial-science,Claims Analyst
FACULTY OF SCIENCE,BACHELOR OF ACTUARIAL SCIENCE,bachelor-of-actuarial-science,Quantitative Analyst
FACULTY OF SCIENCE,BACHELOR OF ACTUARIAL SCIENCE,bachelor-of-actuarial-science,Corporate Finance Analyst
FACULTY OF SCIENCE,BACHELOR OF ACTUARIAL SCIENCE,bachelor-of-actuarial-science,Reinsurance Analyst
FACULTY OF SCIENCE,BACHELOR OF SCIENCE IN MICROBIOLOGY AND MOLECULAR GENETICS,bachelor-of-science-in-microbiology-and-molecular-genetics,Microbiologist
FACULTY OF SCIENCE,BACHELOR OF SCIENCE IN MICROBIOLOGY AND MOLECULAR GENETICS,bachelor-of-science-in-microbiology-and-molecular-genetics,Molecular Geneticist
FACULTY OF SCIENCE,BACHELOR OF SCIENCE IN MICROBIOLOGY AND MOLECULAR GENETICS,bachelor-of-science-in-microbiology-and-molecular-genetics,Biomedical Scientist
FACULTY OF SCIENCE,BACHELOR OF SCIENCE IN MICROBIOLOGY AND MOLECULAR GENETICS,bachelor-of-science-in-microbiology-and-molecular-genetics,Clinical Laboratory Technologist
FACULTY OF SCIENCE,BACHELOR OF SCIENCE IN MICROBIOLOGY AND MOLECULAR GENETICS,bachelor-of-science-in-microbiology-and-molecular-genetics,Research Scientist
FACULTY OF SCIENCE,BACHELOR OF SCIENCE IN MICROBIOLOGY AND MOLECULAR GENETICS,bachelor-of-science-in-microbiology-and-molecular-genetics,Biotechnologist
FACULTY OF SCIENCE,BACHELOR OF SCIENCE IN MICROBIOLOGY AND MOLECULAR GENETICS,bachelor-of-science-in-microbiology-and-molecular-genetics,Quality Control Analyst
FACULTY OF SCIENCE,BACHELOR OF SCIENCE IN MICROBIOLOGY AND MOLECULAR GENETICS,bachelor-of-science-in-microbiology-and-molecular-genetics,Pharmaceutical Sales Representative
FACULTY OF SCIENCE,BACHELOR OF SCIENCE IN MICROBIOLOGY AND MOLECULAR GENETICS,bachelor-of-science-in-microbiology-and-molecular-genetics,Environmental Microbiologist
FACULTY OF SCIENCE,BACHELOR OF SCIENCE IN MICROBIOLOGY AND MOLECULAR GENETICS,bachelor-of-science-in-microbiology-and-molecular-genetics,Public Health Microbiologist
FACULTY OF SCIENCE,BACHELOR OF SCIENCE IN MICROBIOLOGY AND MOLECULAR GENETICS,bachelor-of-science-in-microbiology-and-molecular-genetics,Food Safety Specialist
FACULTY OF SCIENCE,BACHELOR OF SCIENCE IN MICROBIOLOGY AND MOLECULAR GENETICS,bachelor-of-science-in-microbiology-and-molecular-genetics,Forensic Scientist
FACULTY OF SCIENCE,BACHELOR OF SCIENCE IN MICROBIOLOGY AND MOLECULAR GENETICS,bachelor-of-science-in-microbiology-and-molecular-genetics,Laboratory Manager
FACULTY OF SCIENCE,BACHELOR OF SCIENCE IN MICROBIOLOGY AND MOLECULAR GENETICS,bachelor-of-science-in-microbiology-and-molecular-genetics,Genetic Counselor (with further study)
FACULTY OF SCIENCE,BACHELOR OF SCIENCE IN MICROBIOLOGY AND MOLECULAR GENETICS,bachelor-of-science-in-microbiology-and-molecular-genetics,Vaccine Development Specialist
FACULTY OF SCIENCE,BACHELOR OF SCIENCE IN MICROBIOLOGY AND MOLECULAR GENETICS,bachelor-of-science-in-microbiology-and-molecular-genetics,Industrial Microbiologist
FACULTY OF SCIENCE,BACHELOR OF SCIENCE IN MICROBIOLOGY AND MOLECULAR GENETICS,bachelor-of-science-in-microbiology-and-molecular-genetics,Science Communicator
FACULTY OF SCIENCE,BACHELOR OF SCIENCE IN MICROBIOLOGY AND MOLECULAR GENETICS,bachelor-of-science-in-microbiology-and-molecular-genetics,Regulatory Affairs Associate
FACULTY OF SCIENCE,BACHELOR OF SCIENCE IN MICROBIOLOGY AND MOLECULAR GENETICS,bachelor-of-science-in-microbiology-and-molecular-genetics,Academic Research Assistant
FACULTY OF SCIENCE,BACHELOR OF SCIENCE IN MICROBIOLOGY AND MOLECULAR GENETICS,bachelor-of-science-in-microbiology-and-molecular-genetics,Bioinformatics Analyst
FACULTY OF SCIENCE,BACHELOR OF SCIENCE IN STATISTICS,bachelor-of-science-in-statistics,Statistician
FACULTY OF SCIENCE,BACHELOR OF SCIENCE IN STATISTICS,bachelor-of-science-in-statistics,Data Analyst
FACULTY OF SCIENCE,BACHELOR OF SCIENCE IN STATISTICS,bachelor-of-science-in-statistics,Data Scientist
FACULTY OF SCIENCE,BACHELOR OF SCIENCE IN STATISTICS,bachelor-of-science-in-statistics,Biostatistician
FACULTY OF SCIENCE,BACHELOR OF SCIENCE IN STATISTICS,bachelor-of-science-in-statistics,Actuary
FACULTY OF SCIENCE,BACHELOR OF SCIENCE IN STATISTICS,bachelor-of-science-in-statistics,Risk Analyst
FACULTY OF SCIENCE,BACHELOR OF SCIENCE IN STATISTICS,bachelor-of-science-in-statistics,Market Research Analyst
FACULTY OF SCIENCE,BACHELOR OF SCIENCE IN STATISTICS,bachelor-of-science-in-statistics,Financial Analyst
FACULTY OF SCIENCE,BACHELOR OF SCIENCE IN STATISTICS,bachelor-of-science-in-statistics,Business Intelligence Analyst
FACULTY OF SCIENCE,BACHELOR OF SCIENCE IN STATISTICS,bachelor-of-science-in-statistics,Operations Analyst
FACULTY OF SCIENCE,BACHELOR OF SCIENCE IN STATISTICS,bachelor-of-science-in-statistics,Policy Analyst
FACULTY OF SCIENCE,BACHELOR OF SCIENCE IN STATISTICS,bachelor-of-science-in-statistics,Quality Control Analyst
FACULTY OF SCIENCE,BACHELOR OF SCIENCE IN STATISTICS,bachelor-of-science-in-statistics,Research Scientist
FACULTY OF SCIENCE,BACHELOR OF SCIENCE IN STATISTICS,bachelor-of-science-in-statistics,Statistical Programmer
FACULTY OF SCIENCE,BACHELOR OF SCIENCE IN STATISTICS,bachelor-of-science-in-statistics,Econometrician
FACULTY OF SCIENCE,BACHELOR OF SCIENCE IN STATISTICS,bachelor-of-science-in-statistics,Epidemiologist
FACULTY OF SCIENCE,BACHELOR OF SCIENCE IN STATISTICS,bachelor-of-science-in-statistics,Survey Researcher
FACULTY OF SCIENCE,BACHELOR OF SCIENCE IN STATISTICS,bachelor-of-science-in-statistics,Sports Statistician
FACULTY OF SCIENCE,BACHELOR OF SCIENCE IN STATISTICS,bachelor-of-science-in-statistics,Insurance Underwriter
FACULTY OF SCIENCE,BACHELOR OF SCIENCE IN STATISTICS,bachelor-of-science-in-statistics,Demographer
FACULTY OF SPORTS AND EXERCISE SCIENCE,BACHELOR OF SPORTS MANAGEMENT,bachelor-of-sports-management,Sports Marketing Manager
FACULTY OF SPORTS AND EXERCISE SCIENCE,BACHELOR OF SPORTS MANAGEMENT,bachelor-of-sports-management,Event Coordinator
FACULTY OF SPORTS AND EXERCISE SCIENCE,BACHELOR OF SPORTS MANAGEMENT,bachelor-of-sports-management,Sports Agent
FACULTY OF SPORTS AND EXERCISE SCIENCE,BACHELOR OF SPORTS MANAGEMENT,bachelor-of-sports-management,Athletic Director
FACULTY OF SPORTS AND EXERCISE SCIENCE,BACHELOR OF SPORTS MANAGEMENT,bachelor-of-sports-management,Sports Facility Manager
FACULTY OF SPORTS AND EXERCISE SCIENCE,BACHELOR OF SPORTS MANAGEMENT,bachelor-of-sports-management,Sports Analyst
FACULTY OF SPORTS AND EXERCISE SCIENCE,BACHELOR OF SPORTS MANAGEMENT,bachelor-of-sports-management,Sports Public Relations Specialist
FACULTY OF SPORTS AND EXERCISE SCIENCE,BACHELOR OF SPORTS MANAGEMENT,bachelor-of-sports-management,Sports Development Officer
FACULTY OF SPORTS AND EXERCISE SCIENCE,BACHELOR OF SPORTS MANAGEMENT,bachelor-of-sports-management,Fitness Center Manager
FACULTY OF SPORTS AND EXERCISE SCIENCE,BACHELOR OF SPORTS MANAGEMENT,bachelor-of-sports-management,Sports Journalist
FACULTY OF SPORTS AND EXERCISE SCIENCE,BACHELOR OF SPORTS MANAGEMENT,bachelor-of-sports-management,Team Operations Manager
FACULTY OF SPORTS AND EXERCISE SCIENCE,BACHELOR OF SPORTS MANAGEMENT,bachelor-of-sports-management,Sponsorship Coordinator
FACULTY OF SPORTS AND EXERCISE SCIENCE,BACHELOR OF SPORTS MANAGEMENT,bachelor-of-sports-management,Sports Coach
FACULTY OF SPORTS AND EXERCISE SCIENCE,BACHELOR OF SPORTS MANAGEMENT,bachelor-of-sports-management,Recreation Manager
FACULTY OF SPORTS AND EXERCISE SCIENCE,BACHELOR OF SPORTS MANAGEMENT,bachelor-of-sports-management,Sports Data Analyst
FACULTY OF SPORTS AND EXERCISE SCIENCE,BACHELOR OF SPORTS MANAGEMENT,bachelor-of-sports-management,Sports Consultant
FACULTY OF SPORTS AND EXERCISE SCIENCE,BACHELOR OF SPORTS MANAGEMENT,bachelor-of-sports-management,Tournament Director
FACULTY OF SPORTS AND EXERCISE SCIENCE,BACHELOR OF SPORTS MANAGEMENT,bachelor-of-sports-management,Sports Official
FACULTY OF SPORTS AND EXERCISE SCIENCE,BACHELOR OF SPORTS MANAGEMENT,bachelor-of-sports-management,Athlete Liaison Officer
FACULTY OF SPORTS AND EXERCISE SCIENCE,BACHELOR OF SPORTS MANAGEMENT,bachelor-of-sports-management,Sports Product Manager
FACULTY OF SPORTS AND EXERCISE SCIENCE,BACHELOR OF SPORTS SCIENCE (EXERCISE SCIENCE),bachelor-of-sport-sciences,Exercise Physiologist
FACULTY OF SPORTS AND EXERCISE SCIENCE,BACHELOR OF SPORTS SCIENCE (EXERCISE SCIENCE),bachelor-of-sport-sciences,Sports Coach
FACULTY OF SPORTS AND EXERCISE SCIENCE,BACHELOR OF SPORTS SCIENCE (EXERCISE SCIENCE),bachelor-of-sport-sciences,Fitness Trainer
FACULTY OF SPORTS AND EXERCISE SCIENCE,BACHELOR OF SPORTS SCIENCE (EXERCISE SCIENCE),bachelor-of-sport-sciences,Rehabilitation Specialist
FACULTY OF SPORTS AND EXERCISE SCIENCE,BACHELOR OF SPORTS SCIENCE (EXERCISE SCIENCE),bachelor-of-sport-sciences,Strength and Conditioning Coach
FACULTY OF SPORTS AND EXERCISE SCIENCE,BACHELOR OF SPORTS SCIENCE (EXERCISE SCIENCE),bachelor-of-sport-sciences,Sports Scientist
FACULTY OF SPORTS AND EXERCISE SCIENCE,BACHELOR OF SPORTS SCIENCE (EXERCISE SCIENCE),bachelor-of-sport-sciences,Athletic Trainer
FACULTY OF SPORTS AND EXERCISE SCIENCE,BACHELOR OF SPORTS SCIENCE (EXERCISE SCIENCE),bachelor-of-sport-sciences,Wellness Consultant
FACULTY OF SPORTS AND EXERCISE SCIENCE,BACHELOR OF SPORTS SCIENCE (EXERCISE SCIENCE),bachelor-of-sport-sciences,Physical Therapy Assistant
FACULTY OF SPORTS AND EXERCISE SCIENCE,BACHELOR OF SPORTS SCIENCE (EXERCISE SCIENCE),bachelor-of-sport-sciences,Sports Nutritionist
FACULTY OF SPORTS AND EXERCISE SCIENCE,BACHELOR OF SPORTS SCIENCE (EXERCISE SCIENCE),bachelor-of-sport-sciences,Health Promotion Specialist
FACULTY OF SPORTS AND EXERCISE SCIENCE,BACHELOR OF SPORTS SCIENCE (EXERCISE SCIENCE),bachelor-of-sport-sciences,Occupational Therapist (with further study)
FACULTY OF SPORTS AND EXERCISE SCIENCE,BACHELOR OF SPORTS SCIENCE (EXERCISE SCIENCE),bachelor-of-sport-sciences,Exercise Therapist
FACULTY OF SPORTS AND EXERCISE SCIENCE,BACHELOR OF SPORTS SCIENCE (EXERCISE SCIENCE),bachelor-of-sport-sciences,Corporate Wellness Coordinator
FACULTY OF SPORTS AND EXERCISE SCIENCE,BACHELOR OF SPORTS SCIENCE (EXERCISE SCIENCE),bachelor-of-sport-sciences,Bio-mechanist
FACULTY OF SPORTS AND EXERCISE SCIENCE,BACHELOR OF SPORTS SCIENCE (EXERCISE SCIENCE),bachelor-of-sport-sciences,Sports Psychologist Assistant
FACULTY OF SPORTS AND EXERCISE SCIENCE,BACHELOR OF SPORTS SCIENCE (EXERCISE SCIENCE),bachelor-of-sport-sciences,Kinesiologist
FACULTY OF SPORTS AND EXERCISE SCIENCE,BACHELOR OF SPORTS SCIENCE (EXERCISE SCIENCE),bachelor-of-sport-sciences,Sports Medicine Technician
FACULTY OF SPORTS AND EXERCISE SCIENCE,BACHELOR OF SPORTS SCIENCE (EXERCISE SCIENCE),bachelor-of-sport-sciences,Research Assistant in Sports Science
FACULTY OF SPORTS AND EXERCISE SCIENCE,BACHELOR OF SPORTS SCIENCE (EXERCISE SCIENCE),bachelor-of-sport-sciences,Community Health Worker
